{
"C9393951": {
"catalogueId": -4687156,
"citableReference": "COPY 1/387/1",
"coveringFromDate": 18870425,
"coveringToDate": 18870425,
"scopeContent": {
"placeNames": [],
"description": "<scopecontent><p>&#34Photograph of female emptying bucket of water, plate 401.&#34 </p><p>Sheet comprises two sequences. First sequence comprises 16 photographic images, set in 2 rows, showing movement from right hand side and back of subject. Second sequence comprises 8 photographic images, in 1 row, showing movement from right hand side and back of subject.</p></scopecontent>",
"ephemera": null,
"schema": null
},
"id": "C9393951",
"isParent": false,
"catalogueLevel": 7,
"parentId": "C326135",
"DescriptionText": "\"Photograph of female emptying bucket of water, plate 401.\" \nSheet comprises two sequences. First sequence comprises 16 photographic images, set in 2 rows, showing movement from right hand side and back of subject. Second sequence comprises 8 photographic images, in 1 row, showing movement from right hand side and back of subject."
},
"C9393952": {
"catalogueId": -4687157,
"citableReference": "COPY 1/387/2",
"coveringFromDate": 18870425,
"coveringToDate": 18870425,
"scopeContent": {
"placeNames": [],
"description": "<scopecontent><p>&#34Photograph of female emptying basin of water, plate 402.&#34 </p><p>Sheet comprises sequence of 36 photographic images, of varying width, set in 3 rows, showing movement from front, right hand side and left hand side of subject. </p></scopecontent>",
"ephemera": null,
"schema": null
},
"id": "C9393952",
"isParent": false,
"catalogueLevel": 7,
"parentId": "C326135",
"DescriptionText": "\"Photograph of female emptying basin of water, plate 402.\" \nSheet comprises sequence of 36 photographic images, of varying width, set in 3 rows, showing movement from front, right hand side and left hand side of subject. "
},
"C9393953": {
"catalogueId": -4687158,
"citableReference": "COPY 1/387/3",
"coveringFromDate": 18870425,
"coveringToDate": 18870425,
"scopeContent": {
"placeNames": [],
"description": "<scopecontent><p>&#34Photograph of female emptying bucket of water, plate 403.&#34 </p><p>Sheet comprises sequence of 24 photographic images, of varying width, set in 3 rows, showing movement from front of subject. </p></scopecontent>",
"ephemera": null,
"schema": null
},
"id": "C9393953",
"isParent": false,
"catalogueLevel": 7,
"parentId": "C326135",
"DescriptionText": "\"Photograph of female emptying bucket of water, plate 403.\" \nSheet comprises sequence of 24 photographic images, of varying width, set in 3 rows, showing movement from front of subject. "
},
"C9393954": {
"catalogueId": -4687159,
"citableReference": "COPY 1/387/4",
"coveringFromDate": 18870425,
"coveringToDate": 18870425,
"scopeContent": {
"placeNames": [],
"description": "<scopecontent><p>&#34Photograph of female emptying bucket of water, plate 404.&#34 </p><p>Sheet comprises sequence of 36 photographic images, of varying width, set in 3 rows, showing movement from front, right hand side and left hand side of subject. </p></scopecontent>",
"ephemera": null,
"schema": null
},
"id": "C9393954",
"isParent": false,
"catalogueLevel": 7,
"parentId": "C326135",
"DescriptionText": "\"Photograph of female emptying bucket of water, plate 404.\" \nSheet comprises sequence of 36 photographic images, of varying width, set in 3 rows, showing movement from front, right hand side and left hand side of subject. "
},
"C9393955": {
"catalogueId": -4687160,
"citableReference": "COPY 1/387/5",
"coveringFromDate": 18870425,
"coveringToDate": 18870425,
"scopeContent": {
"placeNames": [],
"description": "<scopecontent><p>&#34Photograph of male carrying hod of bricks up a ladder, plate 405.&#34 </p><p>Sheet comprises sequence of 24 photographic images, set in 3 rows, showing movement from right hand side, front, at around 45 degrees to the left, and back of subject. </p></scopecontent>",
"ephemera": null,
"schema": null
},
"id": "C9393955",
"isParent": false,
"catalogueLevel": 7,
"parentId": "C326135",
"DescriptionText": "\"Photograph of male carrying hod of bricks up a ladder, plate 405.\" \nSheet comprises sequence of 24 photographic images, set in 3 rows, showing movement from right hand side, front, at around 45 degrees to the left, and back of subject. "
},
"C9393956": {
"catalogueId": -4687161,
"citableReference": "COPY 1/387/6",
"coveringFromDate": 18870425,
"coveringToDate": 18870425,
"scopeContent": {
"placeNames": [],
"description": "<scopecontent><p>&#34Photograph of females, two models, No 8 pouring bucket of water over No 1, plate 406.&#34 </p><p>Sheet comprises sequence of 12 photographic images, set in 2 rows, showing movement from front of subject.</p></scopecontent>",
"ephemera": null,
"schema": null
},
"id": "C9393956",
"isParent": false,
"catalogueLevel": 7,
"parentId": "C326135",
"DescriptionText": "\"Photograph of females, two models, No 8 pouring bucket of water over No 1, plate 406.\" \nSheet comprises sequence of 12 photographic images, set in 2 rows, showing movement from front of subject."
},
"C9393957": {
"catalogueId": -4687162,
"citableReference": "COPY 1/387/7",
"coveringFromDate": 18870425,
"coveringToDate": 18870425,
"scopeContent": {
"placeNames": [],
"description": "<scopecontent><p>&#34Photograph of females, two models, No 8 pouring bucket of water over No 1, plate 407.&#34 </p><p>The photographic sheet is missing. </p></scopecontent>",
"ephemera": null,
"schema": null
},
"id": "C9393957",
"isParent": false,
"catalogueLevel": 7,
"parentId": "C326135",
"DescriptionText": "\"Photograph of females, two models, No 8 pouring bucket of water over No 1, plate 407.\" \nThe photographic sheet is missing. "
},
"C9393958": {
"catalogueId": -4687163,
"citableReference": "COPY 1/387/8",
"coveringFromDate": 18870425,
"coveringToDate": 18870425,
"scopeContent": {
"placeNames": [],
"description": "<scopecontent><p>&#34Photograph of females, two models, No 1 pouring bucket of water over No 8, plate 408.&#34 </p><p>Sheet comprises sequence of 27 photographic images, set in 3 rows, showing movement from front, right hand side and left hand side of subject.</p></scopecontent>",
"ephemera": null,
"schema": null
},
"id": "C9393958",
"isParent": false,
"catalogueLevel": 7,
"parentId": "C326135",
"DescriptionText": "\"Photograph of females, two models, No 1 pouring bucket of water over No 8, plate 408.\" \nSheet comprises sequence of 27 photographic images, set in 3 rows, showing movement from front, right hand side and left hand side of subject."
},
"C9393959": {
"catalogueId": -4687164,
"citableReference": "COPY 1/387/9",
"coveringFromDate": 18870425,
"coveringToDate": 18870425,
"scopeContent": {
"placeNames": [],
"description": "<scopecontent><p>&#34Photograph of female pouring basin of water over head, plate 409.&#34 </p><p>Sheet comprises sequence of 36 photographic images, of varying width, set in 3 rows, showing movement from left hand side, back and front of subject.</p></scopecontent>",
"ephemera": null,
"schema": null
},
"id": "C9393959",
"isParent": false,
"catalogueLevel": 7,
"parentId": "C326135",
"DescriptionText": "\"Photograph of female pouring basin of water over head, plate 409.\" \nSheet comprises sequence of 36 photographic images, of varying width, set in 3 rows, showing movement from left hand side, back and front of subject."
},
"C9393960": {
"catalogueId": -4687165,
"citableReference": "COPY 1/387/10",
"coveringFromDate": 18870425,
"coveringToDate": 18870425,
"scopeContent": {
"placeNames": [],
"description": "<scopecontent><p>&#34Photograph of female stepping out of bathtub, sitting down wiping feet, plate 410.&#34 </p><p>Sheet comprises sequence of 36 photographic images, set in 3 rows, showing movement from right hand side, front and back of subject. </p></scopecontent>",
"ephemera": null,
"schema": null
},
"id": "C9393960",
"isParent": false,
"catalogueLevel": 7,
"parentId": "C326135",
"DescriptionText": "\"Photograph of female stepping out of bathtub, sitting down wiping feet, plate 410.\" \nSheet comprises sequence of 36 photographic images, set in 3 rows, showing movement from right hand side, front and back of subject. "
},
"C9393961": {
"catalogueId": -4687166,
"citableReference": "COPY 1/387/11",
"coveringFromDate": 18870425,
"coveringToDate": 18870425,
"scopeContent": {
"placeNames": [],
"description": "<scopecontent><p>&#34Photograph of female lifting a towel while sitting and wiping feet, plate 411.&#34 </p><p>Sheet comprises sequence of 33 photographic images, set in 3 rows, showing movement from front, left hand side and right hand side of subject. </p></scopecontent>",
"ephemera": null,
"schema": null
},
"id": "C9393961",
"isParent": false,
"catalogueLevel": 7,
"parentId": "C326135",
"DescriptionText": "\"Photograph of female lifting a towel while sitting and wiping feet, plate 411.\" \nSheet comprises sequence of 33 photographic images, set in 3 rows, showing movement from front, left hand side and right hand side of subject. "
},
"C9393963": {
"catalogueId": -4687168,
"citableReference": "COPY 1/387/12",
"coveringFromDate": 18870425,
"coveringToDate": 18870425,
"scopeContent": {
"placeNames": [],
"description": "<scopecontent><p>&#34Photograph of female washing, wiping face and turning, plate 412.&#34 </p><p>Sheet comprises sequence of 27 photographic images, set in 3 rows, showing movement from right hand side, front and back of subject. </p></scopecontent>",
"ephemera": null,
"schema": null
},
"id": "C9393963",
"isParent": false,
"catalogueLevel": 7,
"parentId": "C326135",
"DescriptionText": "\"Photograph of female washing, wiping face and turning, plate 412.\" \nSheet comprises sequence of 27 photographic images, set in 3 rows, showing movement from right hand side, front and back of subject. "
},
"C9393964": {
"catalogueId": -4687169,
"citableReference": "COPY 1/387/13",
"coveringFromDate": 18870425,
"coveringToDate": 18870425,
"scopeContent": {
"placeNames": [],
"description": "<scopecontent><p>&#34Photograph of female pouring water in basin and washing face, plate 413.&#34 </p><p>Sheet comprises sequence of 24 photographic images, set in 3 rows, showing movement from right hand side, front and back of subject. </p></scopecontent>",
"ephemera": null,
"schema": null
},
"id": "C9393964",
"isParent": false,
"catalogueLevel": 7,
"parentId": "C326135",
"DescriptionText": "\"Photograph of female pouring water in basin and washing face, plate 413.\" \nSheet comprises sequence of 24 photographic images, set in 3 rows, showing movement from right hand side, front and back of subject. "
},
"C9393965": {
"catalogueId": -4687170,
"citableReference": "COPY 1/387/14",
"coveringFromDate": 18870425,
"coveringToDate": 18870425,
"scopeContent": {
"placeNames": [],
"description": "<scopecontent><p>&#34Photograph of female wiping body with towel, plate 414.&#34 </p><p>Sheet comprises sequence of 36 photographic images, set in 3 rows, showing movement from left hand side, front and back of subject. </p></scopecontent>",
"ephemera": null,
"schema": null
},
"id": "C9393965",
"isParent": false,
"catalogueLevel": 7,
"parentId": "C326135",
"DescriptionText": "\"Photograph of female wiping body with towel, plate 414.\" \nSheet comprises sequence of 36 photographic images, set in 3 rows, showing movement from left hand side, front and back of subject. "
},
"C9393967": {
"catalogueId": -4687172,
"citableReference": "COPY 1/387/15",
"coveringFromDate": 18870425,
"coveringToDate": 18870425,
"scopeContent": {
"placeNames": [],
"description": "<scopecontent><p>&#34Photograph of female, toilet, preparing to put on clothing, plate 415.&#34 </p><p>Sheet comprises sequence of 20 photographic images, of varying width, set in 2 rows, showing movement from right hand side and back of subject. </p></scopecontent>",
"ephemera": null,
"schema": null
},
"id": "C9393967",
"isParent": false,
"catalogueLevel": 7,
"parentId": "C326135",
"DescriptionText": "\"Photograph of female, toilet, preparing to put on clothing, plate 415.\" \nSheet comprises sequence of 20 photographic images, of varying width, set in 2 rows, showing movement from right hand side and back of subject. "
},
"C9393969": {
"catalogueId": -4687174,
"citableReference": "COPY 1/387/16",
"coveringFromDate": 18870425,
"coveringToDate": 18870425,
"scopeContent": {
"placeNames": [],
"description": "<scopecontent><p>&#34Photograph of female, toilet, putting on dress, plate 416.&#34 </p><p>Sheet comprises sequence of 36 photographic images, set in 3 rows, showing movement from front and back of subject. </p></scopecontent>",
"ephemera": null,
"schema": null
},
"id": "C9393969",
"isParent": false,
"catalogueLevel": 7,
"parentId": "C326135",
"DescriptionText": "\"Photograph of female, toilet, putting on dress, plate 416.\" \nSheet comprises sequence of 36 photographic images, set in 3 rows, showing movement from front and back of subject. "
},
"C9393971": {
"catalogueId": -4687176,
"citableReference": "COPY 1/387/17",
"coveringFromDate": 18870425,
"coveringToDate": 18870425,
"scopeContent": {
"placeNames": [],
"description": "<scopecontent><p>&#34Photograph of female, toilet, sitting and putting on stockings, plate 417.&#34 </p><p>Sheet comprises sequence of 36 photographic images, set in 3 rows, showing movement from front, right hand side and left hand side of subject. </p></scopecontent>",
"ephemera": null,
"schema": null
},
"id": "C9393971",
"isParent": false,
"catalogueLevel": 7,
"parentId": "C326135",
"DescriptionText": "\"Photograph of female, toilet, sitting and putting on stockings, plate 417.\" \nSheet comprises sequence of 36 photographic images, set in 3 rows, showing movement from front, right hand side and left hand side of subject. "
},
"C9393973": {
"catalogueId": -4687178,
"citableReference": "COPY 1/387/18",
"coveringFromDate": 18870425,
"coveringToDate": 18870425,
"scopeContent": {
"placeNames": [],
"description": "<scopecontent><p>&#34Photograph of female, toilet, sitting and putting on stockings, plate 418.&#34 </p><p>Sheet comprises sequence of 36 photographic images, of varying width, set in 3 rows, showing movement from front and back of subject.</p></scopecontent>",
"ephemera": null,
"schema": null
},
"id": "C9393973",
"isParent": false,
"catalogueLevel": 7,
"parentId": "C326135",
"DescriptionText": "\"Photograph of female, toilet, sitting and putting on stockings, plate 418.\" \nSheet comprises sequence of 36 photographic images, of varying width, set in 3 rows, showing movement from front and back of subject."
},
"C9393974": {
"catalogueId": -4687179,
"citableReference": "COPY 1/387/19",
"coveringFromDate": 18870425,
"coveringToDate": 18870425,
"scopeContent": {
"placeNames": [],
"description": "<scopecontent><p>&#34Photograph of female, toilet, stooping, throwing wrap around shoulders, plate 419.&#34 </p><p>Sheet comprises sequence of 36 photographic images, set in 3 rows, showing movement from right hand side, front and back of subject.</p></scopecontent>",
"ephemera": null,
"schema": null
},
"id": "C9393974",
"isParent": false,
"catalogueLevel": 7,
"parentId": "C326135",
"DescriptionText": "\"Photograph of female, toilet, stooping, throwing wrap around shoulders, plate 419.\" \nSheet comprises sequence of 36 photographic images, set in 3 rows, showing movement from right hand side, front and back of subject."
},
"C9393976": {
"catalogueId": -4687181,
"citableReference": "COPY 1/387/20",
"coveringFromDate": 18870425,
"coveringToDate": 18870425,
"scopeContent": {
"placeNames": [],
"description": "<scopecontent><p>&#34Photograph of female, toilet, rising from chair and putting on clothing, plate 420.&#34 </p><p>Sheet comprises sequence of 36 photographic images, set in 3 rows, showing movement from front, right hand side and left hand side of subject.</p></scopecontent>",
"ephemera": null,
"schema": null
},
"id": "C9393976",
"isParent": false,
"catalogueLevel": 7,
"parentId": "C326135",
"DescriptionText": "\"Photograph of female, toilet, rising from chair and putting on clothing, plate 420.\" \nSheet comprises sequence of 36 photographic images, set in 3 rows, showing movement from front, right hand side and left hand side of subject."
},
"C9393977": {
"catalogueId": -4687182,
"citableReference": "COPY 1/387/21",
"coveringFromDate": 18870425,
"coveringToDate": 18870425,
"scopeContent": {
"placeNames": [],
"description": "<scopecontent><p>&#34Photograph of female, toilet, throwing handkerchief around shoulders, plate 421.&#34 </p><p>Sheet comprises sequence of 36 photographic images, set in 3 rows, showing movement from right hand side, front and back of subject. </p></scopecontent>",
"ephemera": null,
"schema": null
},
"id": "C9393977",
"isParent": false,
"catalogueLevel": 7,
"parentId": "C326135",
"DescriptionText": "\"Photograph of female, toilet, throwing handkerchief around shoulders, plate 421.\" \nSheet comprises sequence of 36 photographic images, set in 3 rows, showing movement from right hand side, front and back of subject. "
},
"C9393980": {
"catalogueId": -4687185,
"citableReference": "COPY 1/387/22",
"coveringFromDate": 18870425,
"coveringToDate": 18870425,
"scopeContent": {
"placeNames": [],
"description": "<scopecontent><p>&#34Photograph of female, toilet, putting on shoes and rising from chair, plate 422.&#34 </p><p>Sheet comprises sequence of 18 photographic images, set in 2 rows, showing movement from front and laft hand side of subject. </p></scopecontent>",
"ephemera": null,
"schema": null
},
"id": "C9393980",
"isParent": false,
"catalogueLevel": 7,
"parentId": "C326135",
"DescriptionText": "\"Photograph of female, toilet, putting on shoes and rising from chair, plate 422.\" \nSheet comprises sequence of 18 photographic images, set in 2 rows, showing movement from front and laft hand side of subject. "
},
"C9393983": {
"catalogueId": -4687188,
"citableReference": "COPY 1/387/23",
"coveringFromDate": 18870425,
"coveringToDate": 18870425,
"scopeContent": {
"placeNames": [],
"description": "<scopecontent><p>&#34Photograph of female, toilet, putting on boots and rising from chair, plate 423.&#34 </p><p>Sheet comprises sequence of 36 photographic images, set in 3 rows, showing movement from left hand side, front and back of dressed subject. </p></scopecontent>",
"ephemera": null,
"schema": null
},
"id": "C9393983",
"isParent": false,
"catalogueLevel": 7,
"parentId": "C326135",
"DescriptionText": "\"Photograph of female, toilet, putting on boots and rising from chair, plate 423.\" \nSheet comprises sequence of 36 photographic images, set in 3 rows, showing movement from left hand side, front and back of dressed subject. "
},
"C9393984": {
"catalogueId": -4687189,
"citableReference": "COPY 1/387/24",
"coveringFromDate": 18870425,
"coveringToDate": 18870425,
"scopeContent": {
"placeNames": [],
"description": "<scopecontent><p>&#34Photograph of female, toilet, rising from chair and putting on shawl, plate 424.&#34 </p> <p>Sheet comprises sequence of 24 photographic images, set in 2 rows, showing movement from front and left hand side of dressed subject. </p></scopecontent>",
"ephemera": null,
"schema": null
},
"id": "C9393984",
"isParent": false,
"catalogueLevel": 7,
"parentId": "C326135",
"DescriptionText": "\"Photograph of female, toilet, rising from chair and putting on shawl, plate 424.\" \nSheet comprises sequence of 24 photographic images, set in 2 rows, showing movement from front and left hand side of dressed subject. "
},
"C9393987": {
"catalogueId": -4687192,
"citableReference": "COPY 1/387/25",
"coveringFromDate": 18870425,
"coveringToDate": 18870425,
"scopeContent": {
"placeNames": [],
"description": "<scopecontent><p>&#34Photograph of female, toilet, putting on dress and turning round, plate 425.&#34 </p> <p>Sheet comprises sequence of 16 photographic images, set in 2 rows, showing movement from front and left hand side of subject. </p></scopecontent>",
"ephemera": null,
"schema": null
},
"id": "C9393987",
"isParent": false,
"catalogueLevel": 7,
"parentId": "C326135",
"DescriptionText": "\"Photograph of female, toilet, putting on dress and turning round, plate 425.\" \nSheet comprises sequence of 16 photographic images, set in 2 rows, showing movement from front and left hand side of subject. "
},
"C9393988": {
"catalogueId": -4687193,
"citableReference": "COPY 1/387/26",
"coveringFromDate": 18870425,
"coveringToDate": 18870425,
"scopeContent": {
"placeNames": [],
"description": "<scopecontent><p>&#34Photograph of female, toilet, brushing her hair and walking off, plate 426.&#34 </p><p>Sheet comprises sequence of 36 photographic images, set in 3 rows, showing movement from left hand side, front and back of subject. </p></scopecontent>",
"ephemera": null,
"schema": null
},
"id": "C9393988",
"isParent": false,
"catalogueLevel": 7,
"parentId": "C326135",
"DescriptionText": "\"Photograph of female, toilet, brushing her hair and walking off, plate 426.\" \nSheet comprises sequence of 36 photographic images, set in 3 rows, showing movement from left hand side, front and back of subject. "
},
"C9393992": {
"catalogueId": -4687197,
"citableReference": "COPY 1/387/27",
"coveringFromDate": 18870425,
"coveringToDate": 18870425,
"scopeContent": {
"placeNames": [],
"description": "<scopecontent><p>&#34Photograph of females, toilet, two models, No 1 disrobing No 8, plate 427.&#34 </p><p>Sheet comprises sequence of 12 photographic images, set in 2 rows, showing movement from front of subject. </p></scopecontent>",
"ephemera": null,
"schema": null
},
"id": "C9393992",
"isParent": false,
"catalogueLevel": 7,
"parentId": "C326135",
"DescriptionText": "\"Photograph of females, toilet, two models, No 1 disrobing No 8, plate 427.\" \nSheet comprises sequence of 12 photographic images, set in 2 rows, showing movement from front of subject. "
},
"C9393994": {
"catalogueId": -4687199,
"citableReference": "COPY 1/387/28",
"coveringFromDate": 18870425,
"coveringToDate": 18870425,
"scopeContent": {
"placeNames": [],
"description": "<scopecontent><p>&#34Photograph of females, toilet, two models, No 1 disrobing No 8, plate 428.&#34 </p><p>Sheet comprises sequence of 24 photographic images, set in 2 rows, showing movement from right hand side and left hand side of subject. </p></scopecontent>",
"ephemera": null,
"schema": null
},
"id": "C9393994",
"isParent": false,
"catalogueLevel": 7,
"parentId": "C326135",
"DescriptionText": "\"Photograph of females, toilet, two models, No 1 disrobing No 8, plate 428.\" \nSheet comprises sequence of 24 photographic images, set in 2 rows, showing movement from right hand side and left hand side of subject. "
},
"C9393996": {
"catalogueId": -4687201,
"citableReference": "COPY 1/387/29",
"coveringFromDate": 18870425,
"coveringToDate": 18870425,
"scopeContent": {
"placeNames": [],
"description": "<scopecontent><p>&#34Photograph of females, toilet, two models, No 1 disrobing No 8, plate 429.&#34 </p><p>Sheet comprises sequence of 24 photographic images, set in 3 rows, showing movement from front, right hand side, and left hand side of subject. </p></scopecontent>",
"ephemera": null,
"schema": null
},
"id": "C9393996",
"isParent": false,
"catalogueLevel": 7,
"parentId": "C326135",
"DescriptionText": "\"Photograph of females, toilet, two models, No 1 disrobing No 8, plate 429.\" \nSheet comprises sequence of 24 photographic images, set in 3 rows, showing movement from front, right hand side, and left hand side of subject. "
},
"C9394000": {
"catalogueId": -4687205,
"citableReference": "COPY 1/387/30",
"coveringFromDate": 18870425,
"coveringToDate": 18870425,
"scopeContent": {
"placeNames": [],
"description": "<scopecontent><p>&#34Photograph of female, toilet, taking off clothing, plate 430.&#34 </p><p>Sheet comprises sequence of 36 photographic images, set in 3 rows, showing movement from front of subject.</p></scopecontent>",
"ephemera": null,
"schema": null
},
"id": "C9394000",
"isParent": false,
"catalogueLevel": 7,
"parentId": "C326135",
"DescriptionText": "\"Photograph of female, toilet, taking off clothing, plate 430.\" \nSheet comprises sequence of 36 photographic images, set in 3 rows, showing movement from front of subject."
},
"C9394002": {
"catalogueId": -4687207,
"citableReference": "COPY 1/387/31",
"coveringFromDate": 18870425,
"coveringToDate": 18870425,
"scopeContent": {
"placeNames": [],
"description": "<scopecontent><p>&#34Photograph of female, toilet, taking off clothing, plate 431.&#34 </p><p>Sheet comprises sequence of 30 photographic images, set in 3 rows, showing movement from right hand side, front and back of subject.</p></scopecontent>",
"ephemera": null,
"schema": null
},
"id": "C9394002",
"isParent": false,
"catalogueLevel": 7,
"parentId": "C326135",
"DescriptionText": "\"Photograph of female, toilet, taking off clothing, plate 431.\" \nSheet comprises sequence of 30 photographic images, set in 3 rows, showing movement from right hand side, front and back of subject."
},
"C9394004": {
"catalogueId": -4687209,
"citableReference": "COPY 1/387/32",
"coveringFromDate": 18870425,
"coveringToDate": 18870425,
"scopeContent": {
"placeNames": [],
"description": "<scopecontent><p>&#34Photograph of female washing clothes at tub, plate 432.&#34 </p><p>Sheet comprises sequence of 36 photographic images, set in 3 rows, showing movement from right hand side, front and back of subject.</p></scopecontent>",
"ephemera": null,
"schema": null
},
"id": "C9394004",
"isParent": false,
"catalogueLevel": 7,
"parentId": "C326135",
"DescriptionText": "\"Photograph of female washing clothes at tub, plate 432.\" \nSheet comprises sequence of 36 photographic images, set in 3 rows, showing movement from right hand side, front and back of subject."
},
"C9394006": {
"catalogueId": -4687211,
"citableReference": "COPY 1/387/33",
"coveringFromDate": 18870425,
"coveringToDate": 18870425,
"scopeContent": {
"placeNames": [],
"description": "<scopecontent><p>&#34Photograph of female wringing clothes, plate 433.&#34 </p> <p>Sheet comprises sequence of 36 photographic images, of varying width, set in 3 rows, showing movement from right hand side, back and front of subject.</p></scopecontent>",
"ephemera": null,
"schema": null
},
"id": "C9394006",
"isParent": false,
"catalogueLevel": 7,
"parentId": "C326135",
"DescriptionText": "\"Photograph of female wringing clothes, plate 433.\" \nSheet comprises sequence of 36 photographic images, of varying width, set in 3 rows, showing movement from right hand side, back and front of subject."
},
"C9394014": {
"catalogueId": -4687219,
"citableReference": "COPY 1/387/34",
"coveringFromDate": 18870425,
"coveringToDate": 18870425,
"scopeContent": {
"placeNames": [],
"description": "<scopecontent><p>&#34Photograph of female hanging clothes on line, plate 434.&#34 </p><p>Sheet comprises sequence of 36 photographic images, set in 3 rows, showing movement from back, right hand side and left hand side of subject.</p></scopecontent>",
"ephemera": null,
"schema": null
},
"id": "C9394014",
"isParent": false,
"catalogueLevel": 7,
"parentId": "C326135",
"DescriptionText": "\"Photograph of female hanging clothes on line, plate 434.\" \nSheet comprises sequence of 36 photographic images, set in 3 rows, showing movement from back, right hand side and left hand side of subject."
},
"C9394017": {
"catalogueId": -4687222,
"citableReference": "COPY 1/387/35",
"coveringFromDate": 18870425,
"coveringToDate": 18870425,
"scopeContent": {
"placeNames": [],
"description": "<scopecontent><p>&#34Photograph of female ironing clothes, plate 435.&#34 </p> <p>Sheet comprises sequence of 36 photographic images, set in 3 rows, showing movement from left hand side, back and front of subject.</p></scopecontent>",
"ephemera": null,
"schema": null
},
"id": "C9394017",
"isParent": false,
"catalogueLevel": 7,
"parentId": "C326135",
"DescriptionText": "\"Photograph of female ironing clothes, plate 435.\" \nSheet comprises sequence of 36 photographic images, set in 3 rows, showing movement from left hand side, back and front of subject."
},
"C9394018": {
"catalogueId": -4687223,
"citableReference": "COPY 1/387/36",
"coveringFromDate": 18870425,
"coveringToDate": 18870425,
"scopeContent": {
"placeNames": [],
"description": "<scopecontent><p>&#34Photograph of female making up a bed, plate 436.&#34 </p><p>Sheet comprises sequence of 36 photographic images, of varying width, set in 3 rows, showing movement from back, right hand side and left hand side, at around 45 degrees to the right, subject.</p></scopecontent>",
"ephemera": null,
"schema": null
},
"id": "C9394018",
"isParent": false,
"catalogueLevel": 7,
"parentId": "C326135",
"DescriptionText": "\"Photograph of female making up a bed, plate 436.\" \nSheet comprises sequence of 36 photographic images, of varying width, set in 3 rows, showing movement from back, right hand side and left hand side, at around 45 degrees to the right, subject."
},
"C9394021": {
"catalogueId": -4687226,
"citableReference": "COPY 1/387/37",
"coveringFromDate": 18870425,
"coveringToDate": 18870425,
"scopeContent": {
"placeNames": [],
"description": "<scopecontent><p>&#34Photograph of female setting down bucket and preparing to sweep, plate 437.&#34 </p><p>Sheet comprises sequence of 24 photographic images, set in 2 rows, showing movement from right hand side and front of subject.</p></scopecontent>",
"ephemera": null,
"schema": null
},
"id": "C9394021",
"isParent": false,
"catalogueLevel": 7,
"parentId": "C326135",
"DescriptionText": "\"Photograph of female setting down bucket and preparing to sweep, plate 437.\" \nSheet comprises sequence of 24 photographic images, set in 2 rows, showing movement from right hand side and front of subject."
},
"C9394023": {
"catalogueId": -4687228,
"citableReference": "COPY 1/387/38",
"coveringFromDate": 18870425,
"coveringToDate": 18870425,
"scopeContent": {
"placeNames": [],
"description": "<scopecontent><p>&#34Photograph of female setting down bucket and preparing to scrub, plate 438.&#34 </p><p>Sheet comprises sequence of 24 photographic images, set in 4 rows, showing movement from front of subject.</p></scopecontent>",
"ephemera": null,
"schema": null
},
"id": "C9394023",
"isParent": false,
"catalogueLevel": 7,
"parentId": "C326135",
"DescriptionText": "\"Photograph of female setting down bucket and preparing to scrub, plate 438.\" \nSheet comprises sequence of 24 photographic images, set in 4 rows, showing movement from front of subject."
},
"C9394025": {
"catalogueId": -4687230,
"citableReference": "COPY 1/387/39",
"coveringFromDate": 18870425,
"coveringToDate": 18870425,
"scopeContent": {
"placeNames": [],
"description": "<scopecontent><p>&#34Photograph of female spreading a rug on the floor, plate 439.&#34 </p><p>Sheet comprises sequence of 27 photographic images, set in 3 rows, showing movement from right hand side, front and back of subject.</p></scopecontent>",
"ephemera": null,
"schema": null
},
"id": "C9394025",
"isParent": false,
"catalogueLevel": 7,
"parentId": "C326135",
"DescriptionText": "\"Photograph of female spreading a rug on the floor, plate 439.\" \nSheet comprises sequence of 27 photographic images, set in 3 rows, showing movement from right hand side, front and back of subject."
},
"C9394029": {
"catalogueId": -4687234,
"citableReference": "COPY 1/387/40",
"coveringFromDate": 18870425,
"coveringToDate": 18870425,
"scopeContent": {
"placeNames": [],
"description": "<scopecontent><p>&#34Photograph of female stooping and rinsing tumbler, plate 440.&#34 </p><p>Sheet comprises sequence of 30 photographic images, set in 3 rows, showing movement from right hand side, back and front of subject.</p></scopecontent>",
"ephemera": null,
"schema": null
},
"id": "C9394029",
"isParent": false,
"catalogueLevel": 7,
"parentId": "C326135",
"DescriptionText": "\"Photograph of female stooping and rinsing tumbler, plate 440.\" \nSheet comprises sequence of 30 photographic images, set in 3 rows, showing movement from right hand side, back and front of subject."
},
"C9394031": {
"catalogueId": -4687236,
"citableReference": "COPY 1/387/41",
"coveringFromDate": 18870425,
"coveringToDate": 18870425,
"scopeContent": {
"placeNames": [],
"description": "<scopecontent><p>&#34Photograph of female carrying vase and placing it on table, plate 441.&#34 </p><p>Sheet comprises sequence of 36 photographic images, set in 3 rows, showing movement from right hand side, front and back of subject.</p></scopecontent>",
"ephemera": null,
"schema": null
},
"id": "C9394031",
"isParent": false,
"catalogueLevel": 7,
"parentId": "C326135",
"DescriptionText": "\"Photograph of female carrying vase and placing it on table, plate 441.\" \nSheet comprises sequence of 36 photographic images, set in 3 rows, showing movement from right hand side, front and back of subject."
},
"C9394033": {
"catalogueId": -4687238,
"citableReference": "COPY 1/387/42",
"coveringFromDate": 18870425,
"coveringToDate": 18870425,
"scopeContent": {
"placeNames": [],
"description": "<scopecontent><p>&#34Photograph of female stooping and rolling a stone on the ground, plate 442.&#34 </p> <p>Sheet comprises sequence of 36 photographic images, set in 3 rows, showing movement from right hand side, front and back of subject.</p></scopecontent>",
"ephemera": null,
"schema": null
},
"id": "C9394033",
"isParent": false,
"catalogueLevel": 7,
"parentId": "C326135",
"DescriptionText": "\"Photograph of female stooping and rolling a stone on the ground, plate 442.\" \nSheet comprises sequence of 36 photographic images, set in 3 rows, showing movement from right hand side, front and back of subject."
},
"C9394035": {
"catalogueId": -4687240,
"citableReference": "COPY 1/387/43",
"coveringFromDate": 18870425,
"coveringToDate": 18870425,
"scopeContent": {
"placeNames": [],
"description": "<scopecontent><p>&#34Photograph of female drinking from a goblet while standing, plate 443.&#34 </p><p>Sheet comprises sequence of 24 photographic images, set in 3 rows, showing movement from right hand side, front and back of subject.</p></scopecontent>",
"ephemera": null,
"schema": null
},
"id": "C9394035",
"isParent": false,
"catalogueLevel": 7,
"parentId": "C326135",
"DescriptionText": "\"Photograph of female drinking from a goblet while standing, plate 443.\" \nSheet comprises sequence of 24 photographic images, set in 3 rows, showing movement from right hand side, front and back of subject."
},
"C9394038": {
"catalogueId": -4687243,
"citableReference": "COPY 1/387/44",
"coveringFromDate": 18870425,
"coveringToDate": 18870425,
"scopeContent": {
"placeNames": [],
"description": "<scopecontent><p>&#34Photograph of females, two models shaking hands and kissing each other, plate 444.&#34 </p><p>Sheet comprises two sequences. First sequence comprises 8 photographic images, of varying width, set in 1 row, showing movement from front of subject. Second sequence comprises 16 photographic images, in 2 rows, showing movement from right hand side and left hand side of the subject.</p></scopecontent>",
"ephemera": null,
"schema": null
},
"id": "C9394038",
"isParent": false,
"catalogueLevel": 7,
"parentId": "C326135",
"DescriptionText": "\"Photograph of females, two models shaking hands and kissing each other, plate 444.\" \nSheet comprises two sequences. First sequence comprises 8 photographic images, of varying width, set in 1 row, showing movement from front of subject. Second sequence comprises 16 photographic images, in 2 rows, showing movement from right hand side and left hand side of the subject."
},
"C9394039": {
"catalogueId": -4687244,
"citableReference": "COPY 1/387/45",
"coveringFromDate": 18870425,
"coveringToDate": 18870425,
"scopeContent": {
"placeNames": [],
"description": "<scopecontent><p>&#34Photograph of females, two models, No 8 drinking from water jar on the shoulder of No 1, plate 445.&#34 </p><p>Sheet comprises sequence of 36 photographic images, set in 3 rows, showing movement from front, right hand side and left hand side of subject.</p></scopecontent>",
"ephemera": null,
"schema": null
},
"id": "C9394039",
"isParent": false,
"catalogueLevel": 7,
"parentId": "C326135",
"DescriptionText": "\"Photograph of females, two models, No 8 drinking from water jar on the shoulder of No 1, plate 445.\" \nSheet comprises sequence of 36 photographic images, set in 3 rows, showing movement from front, right hand side and left hand side of subject."
},
"C9394041": {
"catalogueId": -4687246,
"citableReference": "COPY 1/387/46",
"coveringFromDate": 18870425,
"coveringToDate": 18870425,
"scopeContent": {
"placeNames": [],
"description": "<scopecontent><p>&#34Photograph of female filling pitcher on the ground from water jar, plate 446.&#34 </p><p>Sheet comprises sequence of 33 photographic images, set in 3 rows, showing movement from right hand side, front and back of subject.</p></scopecontent>",
"ephemera": null,
"schema": null
},
"id": "C9394041",
"isParent": false,
"catalogueLevel": 7,
"parentId": "C326135",
"DescriptionText": "\"Photograph of female filling pitcher on the ground from water jar, plate 446.\" \nSheet comprises sequence of 33 photographic images, set in 3 rows, showing movement from right hand side, front and back of subject."
},
"C9394044": {
"catalogueId": -4687249,
"citableReference": "COPY 1/387/47",
"coveringFromDate": 18870425,
"coveringToDate": 18870425,
"scopeContent": {
"placeNames": [],
"description": "<scopecontent><p>&#34Photograph of females, two models, No 9 taking water jar from shoulder of No 10, plate 447.&#34 </p><p>Sheet comprises two sequences. First sequence comprises 12 photographic images, set in 2 rows, showing movement from front of subject. Second sequence comprises 24 photographic images, in 2 rows, showing movement from right hand side and left hand side of the subject.</p></scopecontent>",
"ephemera": null,
"schema": null
},
"id": "C9394044",
"isParent": false,
"catalogueLevel": 7,
"parentId": "C326135",
"DescriptionText": "\"Photograph of females, two models, No 9 taking water jar from shoulder of No 10, plate 447.\" \nSheet comprises two sequences. First sequence comprises 12 photographic images, set in 2 rows, showing movement from front of subject. Second sequence comprises 24 photographic images, in 2 rows, showing movement from right hand side and left hand side of the subject."
},
"C9394046": {
"catalogueId": -4687251,
"citableReference": "COPY 1/387/48",
"coveringFromDate": 18870425,
"coveringToDate": 18870425,
"scopeContent": {
"placeNames": [],
"description": "<scopecontent><p>&#34Photograph of females, two models, No 11 descending stairs with goblet meets10 with bouquet, plate 448.&#34 </p><p>Sheet comprises sequence of 22 photographic images, set in 2 rows, showing movement from front and left hand side of subject.</p></scopecontent>",
"ephemera": null,
"schema": null
},
"id": "C9394046",
"isParent": false,
"catalogueLevel": 7,
"parentId": "C326135",
"DescriptionText": "\"Photograph of females, two models, No 11 descending stairs with goblet meets10 with bouquet, plate 448.\" \nSheet comprises sequence of 22 photographic images, set in 2 rows, showing movement from front and left hand side of subject."
},
"C9394049": {
"catalogueId": -4687254,
"citableReference": "COPY 1/387/49",
"coveringFromDate": 18870425,
"coveringToDate": 18870425,
"scopeContent": {
"placeNames": [],
"description": "<scopecontent><p>&#34Photograph of female feeding dog, plate 449.&#34 </p><p>Sheet comprises sequence of 36 photographic images, set in 3 rows, showing movement from right hand side, front and back of subject.</p></scopecontent>",
"ephemera": null,
"schema": null
},
"id": "C9394049",
"isParent": false,
"catalogueLevel": 7,
"parentId": "C326135",
"DescriptionText": "\"Photograph of female feeding dog, plate 449.\" \nSheet comprises sequence of 36 photographic images, set in 3 rows, showing movement from right hand side, front and back of subject."
},
"C9394050": {
"catalogueId": -4687255,
"citableReference": "COPY 1/387/50",
"coveringFromDate": 18870425,
"coveringToDate": 18870425,
"scopeContent": {
"placeNames": [],
"description": "<scopecontent><p>&#34Photograph of females, two models, No 8 brings cup of tea, No 1 takes cup and drinks, plate 450.&#34 </p><p>Sheet comprises sequence of 12 photographic images, set in 2 rows, showing movement from front of subject.</p></scopecontent>",
"ephemera": null,
"schema": null
},
"id": "C9394050",
"isParent": false,
"catalogueLevel": 7,
"parentId": "C326135",
"DescriptionText": "\"Photograph of females, two models, No 8 brings cup of tea, No 1 takes cup and drinks, plate 450.\" \nSheet comprises sequence of 12 photographic images, set in 2 rows, showing movement from front of subject."
},
"C9394053": {
"catalogueId": -4687258,
"citableReference": "COPY 1/387/51",
"coveringFromDate": 18870425,
"coveringToDate": 18870425,
"scopeContent": {
"placeNames": [],
"description": "<scopecontent><p>&#34Photograph of females, two models, No 8 brings cup of tea, No 1 takes cup and drinks, plate 451.&#34 </p><p>Sheet comprises sequence of 24 photographic images, set in 4 rows, showing movement from right hand side and left hand side of subject.</p></scopecontent>",
"ephemera": null,
"schema": null
},
"id": "C9394053",
"isParent": false,
"catalogueLevel": 7,
"parentId": "C326135",
"DescriptionText": "\"Photograph of females, two models, No 8 brings cup of tea, No 1 takes cup and drinks, plate 451.\" \nSheet comprises sequence of 24 photographic images, set in 4 rows, showing movement from right hand side and left hand side of subject."
},
"C9394054": {
"catalogueId": -4687259,
"citableReference": "COPY 1/387/52",
"coveringFromDate": 18870425,
"coveringToDate": 18870425,
"scopeContent": {
"placeNames": [],
"description": "<scopecontent><p>&#34Photograph of females, two models, No 8 kneels, drinks from water jar in hands of No 1 and both walk off, plate 452.&#34 </p><p>Sheet comprises sequence of 12 photographic images, set in 2 rows, showing movement from front of subject.</p></scopecontent>",
"ephemera": null,
"schema": null
},
"id": "C9394054",
"isParent": false,
"catalogueLevel": 7,
"parentId": "C326135",
"DescriptionText": "\"Photograph of females, two models, No 8 kneels, drinks from water jar in hands of No 1 and both walk off, plate 452.\" \nSheet comprises sequence of 12 photographic images, set in 2 rows, showing movement from front of subject."
},
"C9394056": {
"catalogueId": -4687261,
"citableReference": "COPY 1/387/53",
"coveringFromDate": 18870425,
"coveringToDate": 18870425,
"scopeContent": {
"placeNames": [],
"description": "<scopecontent><p>&#34Photograph of females, two models, No 8 kneels, drinks from water jar in hands of No 1 and both walk off, plate 453.&#34 </p><p>The photographic sheet is missing.</p></scopecontent>",
"ephemera": null,
"schema": null
},
"id": "C9394056",
"isParent": false,
"catalogueLevel": 7,
"parentId": "C326135",
"DescriptionText": "\"Photograph of females, two models, No 8 kneels, drinks from water jar in hands of No 1 and both walk off, plate 453.\" \nThe photographic sheet is missing."
},
"C9394059": {
"catalogueId": -4687264,
"citableReference": "COPY 1/387/54",
"coveringFromDate": 18870425,
"coveringToDate": 18870425,
"scopeContent": {
"placeNames": [],
"description": "<scopecontent><p>&#34Photograph of female taking a 12lb basket from head and placing it on ground, plate 454.&#34 </p><p>Sheet comprises sequence of 30 photographic images, set in 3 rows, showing movement from front and back of dressed subject. </p></scopecontent>",
"ephemera": null,
"schema": null
},
"id": "C9394059",
"isParent": false,
"catalogueLevel": 7,
"parentId": "C326135",
"DescriptionText": "\"Photograph of female taking a 12lb basket from head and placing it on ground, plate 454.\" \nSheet comprises sequence of 30 photographic images, set in 3 rows, showing movement from front and back of dressed subject. "
},
"C9394061": {
"catalogueId": -4687266,
"citableReference": "COPY 1/387/55",
"coveringFromDate": 18870425,
"coveringToDate": 18870425,
"scopeContent": {
"placeNames": [],
"description": "<scopecontent><p>&#34Photograph of female throwing self on heap of hay, plate 455.&#34 </p> <p>Sheet comprises sequence of 27 photographic images, of varying width set in 3 rows, showing movement from front, left hand side and back of dressed subject.</p></scopecontent>",
"ephemera": null,
"schema": null
},
"id": "C9394061",
"isParent": false,
"catalogueLevel": 7,
"parentId": "C326135",
"DescriptionText": "\"Photograph of female throwing self on heap of hay, plate 455.\" \nSheet comprises sequence of 27 photographic images, of varying width set in 3 rows, showing movement from front, left hand side and back of dressed subject."
},
"C9394062": {
"catalogueId": -4687267,
"citableReference": "COPY 1/387/56",
"coveringFromDate": 18870425,
"coveringToDate": 18870425,
"scopeContent": {
"placeNames": [],
"description": "<scopecontent><p>&#34Photograph of female raking hay, plate 456.&#34 </p><p>Sheet comprises two sequences. First sequence comprises 12 photographic images, set in 2 rows, showing movement from front of subject. Second sequence comprises 24 photographic images, in 2 rows, showing movement from front and back of the dressed subject. </p></scopecontent>",
"ephemera": null,
"schema": null
},
"id": "C9394062",
"isParent": false,
"catalogueLevel": 7,
"parentId": "C326135",
"DescriptionText": "\"Photograph of female raking hay, plate 456.\" \nSheet comprises two sequences. First sequence comprises 12 photographic images, set in 2 rows, showing movement from front of subject. Second sequence comprises 24 photographic images, in 2 rows, showing movement from front and back of the dressed subject. "
},
"C9394064": {
"catalogueId": -4687269,
"citableReference": "COPY 1/387/57",
"coveringFromDate": 18870425,
"coveringToDate": 18870425,
"scopeContent": {
"placeNames": [],
"description": "<scopecontent><p>&#34Photograph of female stepping on chair and reaching up, plate 457.&#34 </p><p>Sheet comprises sequence of 24 photographic images, set in 2 rows, showing movement from front and left hand side of dressed subject.</p></scopecontent>",
"ephemera": null,
"schema": null
},
"id": "C9394064",
"isParent": false,
"catalogueLevel": 7,
"parentId": "C326135",
"DescriptionText": "\"Photograph of female stepping on chair and reaching up, plate 457.\" \nSheet comprises sequence of 24 photographic images, set in 2 rows, showing movement from front and left hand side of dressed subject."
},
"C9394066": {
"catalogueId": -4687271,
"citableReference": "COPY 1/387/58",
"coveringFromDate": 18870425,
"coveringToDate": 18870425,
"scopeContent": {
"placeNames": [],
"description": "<scopecontent><p>&#34Photograph of female lifting handfuls of hay, turning, throwing it down, plate 458.&#34 </p><p>Sheet comprises sequence of 30 photographic images, set in 3 rows, showing movement from front, left hand side and back of dressed subject.</p></scopecontent>",
"ephemera": null,
"schema": null
},
"id": "C9394066",
"isParent": false,
"catalogueLevel": 7,
"parentId": "C326135",
"DescriptionText": "\"Photograph of female lifting handfuls of hay, turning, throwing it down, plate 458.\" \nSheet comprises sequence of 30 photographic images, set in 3 rows, showing movement from front, left hand side and back of dressed subject."
},
"C9394067": {
"catalogueId": -4687272,
"citableReference": "COPY 1/387/59",
"coveringFromDate": 18870425,
"coveringToDate": 18870425,
"scopeContent": {
"placeNames": [],
"description": "<scopecontent><p>&#34Photograph of female stepping on chair, reaching up and descending, plate 459.&#34 </p><p>Sheet comprises sequence of 36 photographic images, set in 3 rows, showing movement from front, left hand side and back of dressed subject.</p></scopecontent>",
"ephemera": null,
"schema": null
},
"id": "C9394067",
"isParent": false,
"catalogueLevel": 7,
"parentId": "C326135",
"DescriptionText": "\"Photograph of female stepping on chair, reaching up and descending, plate 459.\" \nSheet comprises sequence of 36 photographic images, set in 3 rows, showing movement from front, left hand side and back of dressed subject."
},
"C9394070": {
"catalogueId": -4687275,
"citableReference": "COPY 1/387/60",
"coveringFromDate": 18870425,
"coveringToDate": 18870425,
"scopeContent": {
"placeNames": [],
"description": "<scopecontent><p>&#34Photograph of female carrying jar on shoulder and basket in hand and placing them on the ground, plate 460.&#34 </p><p>Sheet comprises sequence of 36 photographic images, set in 3 rows, showing movement from right hand side, front and back of dressed subject.</p></scopecontent>",
"ephemera": null,
"schema": null
},
"id": "C9394070",
"isParent": false,
"catalogueLevel": 7,
"parentId": "C326135",
"DescriptionText": "\"Photograph of female carrying jar on shoulder and basket in hand and placing them on the ground, plate 460.\" \nSheet comprises sequence of 36 photographic images, set in 3 rows, showing movement from right hand side, front and back of dressed subject."
},
"C9394076": {
"catalogueId": -4687281,
"citableReference": "COPY 1/387/61",
"coveringFromDate": 18870425,
"coveringToDate": 18870425,
"scopeContent": {
"placeNames": [],
"description": "<scopecontent><p>&#34Photograph of female opening a parasol and turning round, plate 461.&#34 </p><p>Sheet comprises sequence of 36 photographic images, set in 3 rows, showing movement from right hand side, front and back of dressed subject.</p></scopecontent>",
"ephemera": null,
"schema": null
},
"id": "C9394076",
"isParent": false,
"catalogueLevel": 7,
"parentId": "C326135",
"DescriptionText": "\"Photograph of female opening a parasol and turning round, plate 461.\" \nSheet comprises sequence of 36 photographic images, set in 3 rows, showing movement from right hand side, front and back of dressed subject."
},
"C9394078": {
"catalogueId": -4687283,
"citableReference": "COPY 1/387/62",
"coveringFromDate": 18870425,
"coveringToDate": 18870425,
"scopeContent": {
"placeNames": [],
"description": "<scopecontent><p>&#34Photograph of female pouring libation on ground drinking from goblet, plate 462.&#34 </p><p>Sheet comprises sequence of 36 photographic images, set in 3 rows, showing movement from right hand side, front and back of dressed subject.</p></scopecontent>",
"ephemera": null,
"schema": null
},
"id": "C9394078",
"isParent": false,
"catalogueLevel": 7,
"parentId": "C326135",
"DescriptionText": "\"Photograph of female pouring libation on ground drinking from goblet, plate 462.\" \nSheet comprises sequence of 36 photographic images, set in 3 rows, showing movement from right hand side, front and back of dressed subject."
},
"C9394079": {
"catalogueId": -4687284,
"citableReference": "COPY 1/387/63",
"coveringFromDate": 18870425,
"coveringToDate": 18870425,
"scopeContent": {
"placeNames": [],
"description": "<scopecontent><p>&#34Photograph of female reaching up, stooping and turning round, plate 463.&#34 </p><p>Sheet comprises sequence of 36 photographic images, of varying width, set in 3 rows, showing movement from right hand side, front and back of dressed subject.</p></scopecontent>",
"ephemera": null,
"schema": null
},
"id": "C9394079",
"isParent": false,
"catalogueLevel": 7,
"parentId": "C326135",
"DescriptionText": "\"Photograph of female reaching up, stooping and turning round, plate 463.\" \nSheet comprises sequence of 36 photographic images, of varying width, set in 3 rows, showing movement from right hand side, front and back of dressed subject."
},
"C9394082": {
"catalogueId": -4687287,
"citableReference": "COPY 1/387/64",
"coveringFromDate": 18870425,
"coveringToDate": 18870425,
"scopeContent": {
"placeNames": [],
"description": "<scopecontent><p>&#34Photograph of females, two models, No 16 chasing No 4 with a broom, plate 464.&#34 </p><p>Sheet comprises sequence of 16 photographic images, set in 2 rows, showing movement from front of dressed subject.</p></scopecontent>",
"ephemera": null,
"schema": null
},
"id": "C9394082",
"isParent": false,
"catalogueLevel": 7,
"parentId": "C326135",
"DescriptionText": "\"Photograph of females, two models, No 16 chasing No 4 with a broom, plate 464.\" \nSheet comprises sequence of 16 photographic images, set in 2 rows, showing movement from front of dressed subject."
},
"C9394083": {
"catalogueId": -4687288,
"citableReference": "COPY 1/387/65",
"coveringFromDate": 18870425,
"coveringToDate": 18870425,
"scopeContent": {
"placeNames": [],
"description": "<scopecontent><p>&#34Photograph of females, two models, child No 70 bringing bouquet to No 12, plate 465.&#34 </p><p>Sheet comprises sequence of 15 photographic images, set in 3 rows, showing movement from front of subject. Photograph and form are not recorded in register.</p></scopecontent>",
"ephemera": null,
"schema": null
},
"id": "C9394083",
"isParent": false,
"catalogueLevel": 7,
"parentId": "C326135",
"DescriptionText": "\"Photograph of females, two models, child No 70 bringing bouquet to No 12, plate 465.\" \nSheet comprises sequence of 15 photographic images, set in 3 rows, showing movement from front of subject. Photograph and form are not recorded in register."
},
"C9394087": {
"catalogueId": -4687292,
"citableReference": "COPY 1/387/66",
"coveringFromDate": 18870425,
"coveringToDate": 18870425,
"scopeContent": {
"placeNames": [],
"description": "<scopecontent><p>&#34Photograph of females, two models, child No 70 bringing bouquet to No 12, plate 466.&#34 </p><p>Sheet comprises sequence of 24 photographic images, set in 4 rows, showing movement from right hand side and left hand side of subject.</p></scopecontent>",
"ephemera": null,
"schema": null
},
"id": "C9394087",
"isParent": false,
"catalogueLevel": 7,
"parentId": "C326135",
"DescriptionText": "\"Photograph of females, two models, child No 70 bringing bouquet to No 12, plate 466.\" \nSheet comprises sequence of 24 photographic images, set in 4 rows, showing movement from right hand side and left hand side of subject."
},
"C9394089": {
"catalogueId": -4687294,
"citableReference": "COPY 1/387/67",
"coveringFromDate": 18870425,
"coveringToDate": 18870425,
"scopeContent": {
"placeNames": [],
"description": "<scopecontent><p>&#34Photograph of male child walking, plate 467.&#34 </p><p>Sheet comprises sequence of 24 photographic images, set in 2 rows, showing movement from right hand side and back of subject.</p></scopecontent>",
"ephemera": null,
"schema": null
},
"id": "C9394089",
"isParent": false,
"catalogueLevel": 7,
"parentId": "C326135",
"DescriptionText": "\"Photograph of male child walking, plate 467.\" \nSheet comprises sequence of 24 photographic images, set in 2 rows, showing movement from right hand side and back of subject."
},
"C9394091": {
"catalogueId": -4687296,
"citableReference": "COPY 1/387/68",
"coveringFromDate": 18870425,
"coveringToDate": 18870425,
"scopeContent": {
"placeNames": [],
"description": "<scopecontent><p>&#34Photograph of male child walking, plate 468.&#34 </p><p>Sheet comprises sequence of 24 photographic images, set in 2 rows, showing movement from right hand side and front of subject.</p></scopecontent>",
"ephemera": null,
"schema": null
},
"id": "C9394091",
"isParent": false,
"catalogueLevel": 7,
"parentId": "C326135",
"DescriptionText": "\"Photograph of male child walking, plate 468.\" \nSheet comprises sequence of 24 photographic images, set in 2 rows, showing movement from right hand side and front of subject."
},
"C9394092": {
"catalogueId": -4687297,
"citableReference": "COPY 1/387/69",
"coveringFromDate": 18870425,
"coveringToDate": 18870425,
"scopeContent": {
"placeNames": [],
"description": "<scopecontent><p>&#34Photograph of female child running, plate 469.&#34 </p><p>Sheet comprises sequence of 12 photographic images, set in 2 rows, showing movement from right hand side of subject.</p></scopecontent>",
"ephemera": null,
"schema": null
},
"id": "C9394092",
"isParent": false,
"catalogueLevel": 7,
"parentId": "C326135",
"DescriptionText": "\"Photograph of female child running, plate 469.\" \nSheet comprises sequence of 12 photographic images, set in 2 rows, showing movement from right hand side of subject."
},
"C9394095": {
"catalogueId": -4687300,
"citableReference": "COPY 1/387/70",
"coveringFromDate": 18870425,
"coveringToDate": 18870425,
"scopeContent": {
"placeNames": [],
"description": "<scopecontent><p>&#34Photograph of female child running after a man, plate 470.&#34 </p><p>Sheet comprises sequence of 12 photographic images, set in 2 rows, showing movement from front of subject.</p></scopecontent>",
"ephemera": null,
"schema": null
},
"id": "C9394095",
"isParent": false,
"catalogueLevel": 7,
"parentId": "C326135",
"DescriptionText": "\"Photograph of female child running after a man, plate 470.\" \nSheet comprises sequence of 12 photographic images, set in 2 rows, showing movement from front of subject."
},
"C9394097": {
"catalogueId": -4687302,
"citableReference": "COPY 1/387/71",
"coveringFromDate": 18870425,
"coveringToDate": 18870425,
"scopeContent": {
"placeNames": [],
"description": "<scopecontent><p>&#34Photograph of female child crawling on hands and knees, plate 471.&#34 </p><p>Sheet comprises two sequences. First sequence comprises 12 photographic images, set in 2 rows, showing movement from right hand side of subject. Second sequence comprises 24 photographic images, in 2 rows, showing movement from front and back of the subject.</p></scopecontent>",
"ephemera": null,
"schema": null
},
"id": "C9394097",
"isParent": false,
"catalogueLevel": 7,
"parentId": "C326135",
"DescriptionText": "\"Photograph of female child crawling on hands and knees, plate 471.\" \nSheet comprises two sequences. First sequence comprises 12 photographic images, set in 2 rows, showing movement from right hand side of subject. Second sequence comprises 24 photographic images, in 2 rows, showing movement from front and back of the subject."
},
"C9394098": {
"catalogueId": -4687303,
"citableReference": "COPY 1/387/72",
"coveringFromDate": 18870425,
"coveringToDate": 18870425,
"scopeContent": {
"placeNames": [],
"description": "<scopecontent><p>&#34Photograph of female child crawling up stairs, plate 472.&#34 </p><p>Sheet comprises sequence of 24 photographic images, set in 2 rows, showing movement from right hand side and back of subject.</p></scopecontent>",
"ephemera": null,
"schema": null
},
"id": "C9394098",
"isParent": false,
"catalogueLevel": 7,
"parentId": "C326135",
"DescriptionText": "\"Photograph of female child crawling up stairs, plate 472.\" \nSheet comprises sequence of 24 photographic images, set in 2 rows, showing movement from right hand side and back of subject."
},
"C9394101": {
"catalogueId": -4687306,
"citableReference": "COPY 1/387/73",
"coveringFromDate": 18870425,
"coveringToDate": 18870425,
"scopeContent": {
"placeNames": [],
"description": "<scopecontent><p>&#34Photograph of female child walking up stairs, plate 473.&#34 </p><p>Sheet comprises sequence of 24 photographic images, set in 2 rows, showing movement from right hand side and back of subject.</p></scopecontent>",
"ephemera": null,
"schema": null
},
"id": "C9394101",
"isParent": false,
"catalogueLevel": 7,
"parentId": "C326135",
"DescriptionText": "\"Photograph of female child walking up stairs, plate 473.\" \nSheet comprises sequence of 24 photographic images, set in 2 rows, showing movement from right hand side and back of subject."
},
"C9394103": {
"catalogueId": -4687308,
"citableReference": "COPY 1/387/74",
"coveringFromDate": 18870425,
"coveringToDate": 18870425,
"scopeContent": {
"placeNames": [],
"description": "<scopecontent><p>&#34Photograph of female child walking up stairs, kneeling, reaching for vase, plate 474.&#34 </p> <p>Sheet comprises sequence of 24 photographic images, of varying width, set in 2 rows, showing movement from right hand side and back of subject.</p></scopecontent>",
"ephemera": null,
"schema": null
},
"id": "C9394103",
"isParent": false,
"catalogueLevel": 7,
"parentId": "C326135",
"DescriptionText": "\"Photograph of female child walking up stairs, kneeling, reaching for vase, plate 474.\" \nSheet comprises sequence of 24 photographic images, of varying width, set in 2 rows, showing movement from right hand side and back of subject."
},
"C9394106": {
"catalogueId": -4687311,
"citableReference": "COPY 1/387/75",
"coveringFromDate": 18870425,
"coveringToDate": 18870425,
"scopeContent": {
"placeNames": [],
"description": "<scopecontent><p>&#34Photograph of female child getting up on chair, plate 475.&#34 </p><p>Sheet comprises sequence of 24 photographic images, set in 3 rows, showing movement from back, right hand side, and left hand side of subject.</p></scopecontent>",
"ephemera": null,
"schema": null
},
"id": "C9394106",
"isParent": false,
"catalogueLevel": 7,
"parentId": "C326135",
"DescriptionText": "\"Photograph of female child getting up on chair, plate 475.\" \nSheet comprises sequence of 24 photographic images, set in 3 rows, showing movement from back, right hand side, and left hand side of subject."
},
"C9394107": {
"catalogueId": -4687312,
"citableReference": "COPY 1/387/76",
"coveringFromDate": 18870425,
"coveringToDate": 18870425,
"scopeContent": {
"placeNames": [],
"description": "<scopecontent><p>&#34Photograph of male child sitting down on the ground, plate 476.&#34 </p><p>Sheet comprises sequence of 24 photographic images, set in 2 rows, showing movement from front and left hand side of subject.</p></scopecontent>",
"ephemera": null,
"schema": null
},
"id": "C9394107",
"isParent": false,
"catalogueLevel": 7,
"parentId": "C326135",
"DescriptionText": "\"Photograph of male child sitting down on the ground, plate 476.\" \nSheet comprises sequence of 24 photographic images, set in 2 rows, showing movement from front and left hand side of subject."
},
"C9394109": {
"catalogueId": -4687314,
"citableReference": "COPY 1/387/77",
"coveringFromDate": 18870425,
"coveringToDate": 18870425,
"scopeContent": {
"placeNames": [],
"description": "<scopecontent><p>&#34Photograph of female child stooping, lifting a goblet and drinking, plate 477.&#34 </p><p>Sheet comprises sequence of 24 photographic images, set in 3 rows, showing movement from right hand side, front and back of subject.</p></scopecontent>",
"ephemera": null,
"schema": null
},
"id": "C9394109",
"isParent": false,
"catalogueLevel": 7,
"parentId": "C326135",
"DescriptionText": "\"Photograph of female child stooping, lifting a goblet and drinking, plate 477.\" \nSheet comprises sequence of 24 photographic images, set in 3 rows, showing movement from right hand side, front and back of subject."
},
"C9394111": {
"catalogueId": -4687316,
"citableReference": "COPY 1/387/78",
"coveringFromDate": 18870425,
"coveringToDate": 18870425,
"scopeContent": {
"placeNames": [],
"description": "<scopecontent><p>&#34Photograph of female child sprinkiling water over some flowers, plate 478.&#34 </p><p>Sheet comprises sequence of 24 photographic images, set in 3 rows, showing movement from right hand side, front and back of subject.</p></scopecontent>",
"ephemera": null,
"schema": null
},
"id": "C9394111",
"isParent": false,
"catalogueLevel": 7,
"parentId": "C326135",
"DescriptionText": "\"Photograph of female child sprinkiling water over some flowers, plate 478.\" \nSheet comprises sequence of 24 photographic images, set in 3 rows, showing movement from right hand side, front and back of subject."
},
"C9394113": {
"catalogueId": -4687318,
"citableReference": "COPY 1/387/79",
"coveringFromDate": 18870425,
"coveringToDate": 18870425,
"scopeContent": {
"placeNames": [],
"description": "<scopecontent><p>&#34Photograph of male child getting up from the ground, plate 479.&#34 </p><p>Sheet comprises sequence of 24 photographic images, set in 2 rows, showing movement from front and left hand side of subject.</p></scopecontent>",
"ephemera": null,
"schema": null
},
"id": "C9394113",
"isParent": false,
"catalogueLevel": 7,
"parentId": "C326135",
"DescriptionText": "\"Photograph of male child getting up from the ground, plate 479.\" \nSheet comprises sequence of 24 photographic images, set in 2 rows, showing movement from front and left hand side of subject."
},
"C9394115": {
"catalogueId": -4687320,
"citableReference": "COPY 1/387/80",
"coveringFromDate": 18870425,
"coveringToDate": 18870425,
"scopeContent": {
"placeNames": [],
"description": "<scopecontent><p>&#34Photograph of female child walking and crawling up stairs, plate 480.&#34 </p><p>Sheet comprises sequence of 24 photographic images, set in 2 rows, showing movement from right hand side and back of subject.</p></scopecontent>",
"ephemera": null,
"schema": null
},
"id": "C9394115",
"isParent": false,
"catalogueLevel": 7,
"parentId": "C326135",
"DescriptionText": "\"Photograph of female child walking and crawling up stairs, plate 480.\" \nSheet comprises sequence of 24 photographic images, set in 2 rows, showing movement from right hand side and back of subject."
},
"C9394116": {
"catalogueId": -4687321,
"citableReference": "COPY 1/387/81",
"coveringFromDate": 18870425,
"coveringToDate": 18870425,
"scopeContent": {
"placeNames": [],
"description": "<scopecontent><p>&#34Photograph of female child lifting a doll, turning and walking off, plate 481.&#34 </p><p>Sheet comprises sequence of 12 photographic images, set in 2 rows, showing movement from front of dressed subject.</p></scopecontent>",
"ephemera": null,
"schema": null
},
"id": "C9394116",
"isParent": false,
"catalogueLevel": 7,
"parentId": "C326135",
"DescriptionText": "\"Photograph of female child lifting a doll, turning and walking off, plate 481.\" \nSheet comprises sequence of 12 photographic images, set in 2 rows, showing movement from front of dressed subject."
},
"C9394119": {
"catalogueId": -4687324,
"citableReference": "COPY 1/387/82",
"coveringFromDate": 18870425,
"coveringToDate": 18870425,
"scopeContent": {
"placeNames": [],
"description": "<scopecontent><p>&#34Photograph of female walking, ascending stairs, ascending incline, plate 482.&#34 </p><p>Sheet comprises sequence of 36 photographic images, set in 3 rows, showing movement from right hand side of subject.</p></scopecontent>",
"ephemera": null,
"schema": null
},
"id": "C9394119",
"isParent": false,
"catalogueLevel": 7,
"parentId": "C326135",
"DescriptionText": "\"Photograph of female walking, ascending stairs, ascending incline, plate 482.\" \nSheet comprises sequence of 36 photographic images, set in 3 rows, showing movement from right hand side of subject."
},
"C9394122": {
"catalogueId": -4687327,
"citableReference": "COPY 1/387/83",
"coveringFromDate": 18870425,
"coveringToDate": 18870425,
"scopeContent": {
"placeNames": [],
"description": "<scopecontent><p>&#34Photograph of female lifting basket, running, waving handkerchief, plate 483.&#34 </p><p>Sheet comprises sequence of 20 photographic images, set in 4 rows, showing movement from front of dressed subject.</p></scopecontent>",
"ephemera": null,
"schema": null
},
"id": "C9394122",
"isParent": false,
"catalogueLevel": 7,
"parentId": "C326135",
"DescriptionText": "\"Photograph of female lifting basket, running, waving handkerchief, plate 483.\" \nSheet comprises sequence of 20 photographic images, set in 4 rows, showing movement from front of dressed subject."
},
"C9394123": {
"catalogueId": -4687328,
"citableReference": "COPY 1/387/84",
"coveringFromDate": 18870425,
"coveringToDate": 18870425,
"scopeContent": {
"placeNames": [],
"description": "<scopecontent><p>&#34Photograph of female sweeping, dusting a room, plate 484.&#34 </p><p>Sheet comprises sequence of 20 photographic images, set in 4 rows, showing movement from front of dressed subject.</p></scopecontent>",
"ephemera": null,
"schema": null
},
"id": "C9394123",
"isParent": false,
"catalogueLevel": 7,
"parentId": "C326135",
"DescriptionText": "\"Photograph of female sweeping, dusting a room, plate 484.\" \nSheet comprises sequence of 20 photographic images, set in 4 rows, showing movement from front of dressed subject."
},
"C9394126": {
"catalogueId": -4687331,
"citableReference": "COPY 1/387/85",
"coveringFromDate": 18870425,
"coveringToDate": 18870425,
"scopeContent": {
"placeNames": [],
"description": "<scopecontent><p>&#34Photograph of females, two models, No 10 standing and filling a goblet, No 11 drinking while lying on the ground, plate 485.&#34 </p><p>Sheet comprises two sequences. First sequence comprises 12 photographic images, set in 2 rows, showing movement from front of subject. Second sequence comprises 24 photographic images, in 2 rows, showing movement from right hand side and left hand side of the subject.</p></scopecontent>",
"ephemera": null,
"schema": null
},
"id": "C9394126",
"isParent": false,
"catalogueLevel": 7,
"parentId": "C326135",
"DescriptionText": "\"Photograph of females, two models, No 10 standing and filling a goblet, No 11 drinking while lying on the ground, plate 485.\" \nSheet comprises two sequences. First sequence comprises 12 photographic images, set in 2 rows, showing movement from front of subject. Second sequence comprises 24 photographic images, in 2 rows, showing movement from right hand side and left hand side of the subject."
},
"C9394129": {
"catalogueId": -4687334,
"citableReference": "COPY 1/387/86",
"coveringFromDate": 18870425,
"coveringToDate": 18870425,
"scopeContent": {
"placeNames": [],
"description": "<scopecontent><p>&#34Photograph of male, lawn tennis, ascending a step, descending a step, ascending a ladder, plate 486.&#34 </p><p>Sheet comprises sequence of 44 photographic images, set in 4 rows, showing movement from front, right hand side and left hand side of subject.</p></scopecontent>",
"ephemera": null,
"schema": null
},
"id": "C9394129",
"isParent": false,
"catalogueLevel": 7,
"parentId": "C326135",
"DescriptionText": "\"Photograph of male, lawn tennis, ascending a step, descending a step, ascending a ladder, plate 486.\" \nSheet comprises sequence of 44 photographic images, set in 4 rows, showing movement from front, right hand side and left hand side of subject."
},
"C9394133": {
"catalogueId": -4687338,
"citableReference": "COPY 1/387/87",
"coveringFromDate": 18870425,
"coveringToDate": 18870425,
"scopeContent": {
"placeNames": [],
"description": "<scopecontent><p>&#34Photograph of female ascending a step, lifting a handkerchief from the ground, walking, running, plate 487.&#34 </p><p>Sheet comprises sequence of 36 photographic images, set in 3 rows, showing movement from right hand side and back of subject.</p></scopecontent>",
"ephemera": null,
"schema": null
},
"id": "C9394133",
"isParent": false,
"catalogueLevel": 7,
"parentId": "C326135",
"DescriptionText": "\"Photograph of female ascending a step, lifting a handkerchief from the ground, walking, running, plate 487.\" \nSheet comprises sequence of 36 photographic images, set in 3 rows, showing movement from right hand side and back of subject."
},
"C9394135": {
"catalogueId": -4687340,
"citableReference": "COPY 1/387/88",
"coveringFromDate": 18870425,
"coveringToDate": 18870425,
"scopeContent": {
"placeNames": [],
"description": "<scopecontent><p>&#34Photograph of male, lawn tennis, dumbbells, walking on hands, ascending stairs, plate 488.&#34 </p><p>Sheet comprises sequence of 48 photographic images, set in 4 rows, showing movement from right hand side and front of subject.</p></scopecontent>",
"ephemera": null,
"schema": null
},
"id": "C9394135",
"isParent": false,
"catalogueLevel": 7,
"parentId": "C326135",
"DescriptionText": "\"Photograph of male, lawn tennis, dumbbells, walking on hands, ascending stairs, plate 488.\" \nSheet comprises sequence of 48 photographic images, set in 4 rows, showing movement from right hand side and front of subject."
},
"C9394137": {
"catalogueId": -4687342,
"citableReference": "COPY 1/387/89",
"coveringFromDate": 18870425,
"coveringToDate": 18870425,
"scopeContent": {
"placeNames": [],
"description": "<scopecontent><p>&#34Photograph of male, ascending incline, ascending incline with 50lb dumbbell, descending incline, descending incline with 50lb dumbbell, plate 489.&#34 </p> <p>Sheet comprises sequence of 44 photographic images, set in 4 rows, showing movement from right hand side of subject. </p></scopecontent>",
"ephemera": null,
"schema": null
},
"id": "C9394137",
"isParent": false,
"catalogueLevel": 7,
"parentId": "C326135",
"DescriptionText": "\"Photograph of male, ascending incline, ascending incline with 50lb dumbbell, descending incline, descending incline with 50lb dumbbell, plate 489.\" \nSheet comprises sequence of 44 photographic images, set in 4 rows, showing movement from right hand side of subject. "
},
"C9394139": {
"catalogueId": -4687344,
"citableReference": "COPY 1/387/90",
"coveringFromDate": 18870425,
"coveringToDate": 18870425,
"scopeContent": {
"placeNames": [],
"description": "<scopecontent><p>&#34Photograph of male sitting down, sitting down, sprinkling water, stooping for cup and drinking, plate 490.&#34 </p><p>Sheet comprises sequence of 48 photographic images, set in 4 rows, showing movement from front, right hand side and left hand side of subject. </p></scopecontent>",
"ephemera": null,
"schema": null
},
"id": "C9394139",
"isParent": false,
"catalogueLevel": 7,
"parentId": "C326135",
"DescriptionText": "\"Photograph of male sitting down, sitting down, sprinkling water, stooping for cup and drinking, plate 490.\" \nSheet comprises sequence of 48 photographic images, set in 4 rows, showing movement from front, right hand side and left hand side of subject. "
},
"C9394140": {
"catalogueId": -4687345,
"citableReference": "COPY 1/387/91",
"coveringFromDate": 18870425,
"coveringToDate": 18870425,
"scopeContent": {
"placeNames": [],
"description": "<scopecontent><p>&#34Photograph of male hammering at anvil, hammering at anvil, using hatchet, sawing a board, plate 491.&#34 </p><p>Sheet comprises sequence of 40 photographic images, set in 4 rows, showing movement from front and left hand side of subject. </p></scopecontent>",
"ephemera": null,
"schema": null
},
"id": "C9394140",
"isParent": false,
"catalogueLevel": 7,
"parentId": "C326135",
"DescriptionText": "\"Photograph of male hammering at anvil, hammering at anvil, using hatchet, sawing a board, plate 491.\" \nSheet comprises sequence of 40 photographic images, set in 4 rows, showing movement from front and left hand side of subject. "
},
"C9394142": {
"catalogueId": -4687347,
"citableReference": "COPY 1/387/92",
"coveringFromDate": 18870425,
"coveringToDate": 18870425,
"scopeContent": {
"placeNames": [],
"description": "<scopecontent><p>&#34Photograph of male rowing, plate 492.&#34 </p><p>Sheet comprises sequence of 24 photographic images, set in 4 rows, showing movement from left hand side of subject. </p></scopecontent>",
"ephemera": null,
"schema": null
},
"id": "C9394142",
"isParent": false,
"catalogueLevel": 7,
"parentId": "C326135",
"DescriptionText": "\"Photograph of male rowing, plate 492.\" \nSheet comprises sequence of 24 photographic images, set in 4 rows, showing movement from left hand side of subject. "
},
"C9394144": {
"catalogueId": -4687349,
"citableReference": "COPY 1/387/93",
"coveringFromDate": 18870425,
"coveringToDate": 18870425,
"scopeContent": {
"placeNames": [],
"description": "<scopecontent><p>&#34Photograph of female, miscellaneous phases of the toilet, plate 493.&#34 </p><p>Sheet comprises sequence of 21 photographic images, set in 3 rows, showing movement from front, right hand side and left hand side of subject. </p></scopecontent>",
"ephemera": null,
"schema": null
},
"id": "C9394144",
"isParent": false,
"catalogueLevel": 7,
"parentId": "C326135",
"DescriptionText": "\"Photograph of female, miscellaneous phases of the toilet, plate 493.\" \nSheet comprises sequence of 21 photographic images, set in 3 rows, showing movement from front, right hand side and left hand side of subject. "
},
"C9394145": {
"catalogueId": -4687350,
"citableReference": "COPY 1/387/94",
"coveringFromDate": 18870425,
"coveringToDate": 18870425,
"scopeContent": {
"placeNames": [],
"description": "<scopecontent><p>&#34Photograph of female, miscellaneous phases of the toilet, plate 494.&#34 </p><p>Sheet comprises sequence of 30 photographic images, set in 3 rows, showing movement from front, left hand side and right hand side of subject. </p></scopecontent>",
"ephemera": null,
"schema": null
},
"id": "C9394145",
"isParent": false,
"catalogueLevel": 7,
"parentId": "C326135",
"DescriptionText": "\"Photograph of female, miscellaneous phases of the toilet, plate 494.\" \nSheet comprises sequence of 30 photographic images, set in 3 rows, showing movement from front, left hand side and right hand side of subject. "
},
"C9394146": {
"catalogueId": -4687351,
"citableReference": "COPY 1/387/95",
"coveringFromDate": 18870425,
"coveringToDate": 18870425,
"scopeContent": {
"placeNames": [],
"description": "<scopecontent><p>&#34Photograph of female, miscellaneous phases of the toilet, plate 495.&#34 </p><p>Sheet comprises sequence of 30 photographic images, set in 3 rows, showing movement from front, right hand side and left hand side of subject. </p></scopecontent>",
"ephemera": null,
"schema": null
},
"id": "C9394146",
"isParent": false,
"catalogueLevel": 7,
"parentId": "C326135",
"DescriptionText": "\"Photograph of female, miscellaneous phases of the toilet, plate 495.\" \nSheet comprises sequence of 30 photographic images, set in 3 rows, showing movement from front, right hand side and left hand side of subject. "
},
"C9394148": {
"catalogueId": -4687353,
"citableReference": "COPY 1/387/96",
"coveringFromDate": 18870425,
"coveringToDate": 18870425,
"scopeContent": {
"placeNames": [],
"description": "<scopecontent><p>&#34Photograph of female, miscellaneous phases of the toilet, plate 496.&#34 </p><p>Sheet comprises sequence of 27 photographic images, set in 3 rows, showing movement from front, right hand side and left hand side of subject. </p></scopecontent>",
"ephemera": null,
"schema": null
},
"id": "C9394148",
"isParent": false,
"catalogueLevel": 7,
"parentId": "C326135",
"DescriptionText": "\"Photograph of female, miscellaneous phases of the toilet, plate 496.\" \nSheet comprises sequence of 27 photographic images, set in 3 rows, showing movement from front, right hand side and left hand side of subject. "
},
"C9394151": {
"catalogueId": -4687356,
"citableReference": "COPY 1/387/97",
"coveringFromDate": 18870425,
"coveringToDate": 18870425,
"scopeContent": {
"placeNames": [],
"description": "<scopecontent><p>&#34Photograph of female, miscellaneous phases of the toilet, plate 497.&#34 </p><p>Sheet comprises sequence of 30 photographic images, set in 3 rows, showing movement from front, right hand side and left hand side of subject. </p></scopecontent>",
"ephemera": null,
"schema": null
},
"id": "C9394151",
"isParent": false,
"catalogueLevel": 7,
"parentId": "C326135",
"DescriptionText": "\"Photograph of female, miscellaneous phases of the toilet, plate 497.\" \nSheet comprises sequence of 30 photographic images, set in 3 rows, showing movement from front, right hand side and left hand side of subject. "
},
"C9394153": {
"catalogueId": -4687358,
"citableReference": "COPY 1/387/98",
"coveringFromDate": 18870425,
"coveringToDate": 18870425,
"scopeContent": {
"placeNames": [],
"description": "<scopecontent><p>&#34Photograph of female, miscellaneous phases of the toilet, plate 498.&#34 </p><p>Sheet comprises sequence of 16 photographic images, set in 2 rows, showing movement from front and left hand side of subject. </p></scopecontent>",
"ephemera": null,
"schema": null
},
"id": "C9394153",
"isParent": false,
"catalogueLevel": 7,
"parentId": "C326135",
"DescriptionText": "\"Photograph of female, miscellaneous phases of the toilet, plate 498.\" \nSheet comprises sequence of 16 photographic images, set in 2 rows, showing movement from front and left hand side of subject. "
},
"C9394155": {
"catalogueId": -4687360,
"citableReference": "COPY 1/387/99",
"coveringFromDate": 18870425,
"coveringToDate": 18870425,
"scopeContent": {
"placeNames": [],
"description": "<scopecontent><p>&#34Photograph of female raking and packing hay, plate 499.&#34 </p><p>Sheet comprises sequence of 24 photographic images, set in 3 rows, showing movement from front, right hand side and left hand side of subject. </p></scopecontent>",
"ephemera": null,
"schema": null
},
"id": "C9394155",
"isParent": false,
"catalogueLevel": 7,
"parentId": "C326135",
"DescriptionText": "\"Photograph of female raking and packing hay, plate 499.\" \nSheet comprises sequence of 24 photographic images, set in 3 rows, showing movement from front, right hand side and left hand side of subject. "
},
"C9394157": {
"catalogueId": -4687362,
"citableReference": "COPY 1/387/100",
"coveringFromDate": 18870425,
"coveringToDate": 18870425,
"scopeContent": {
"placeNames": [],
"description": "<scopecontent><p>&#34Photograph of female, various movements with water jar, plate 500.&#34 </p><p>The photographic sheet is missing. </p></scopecontent>",
"ephemera": null,
"schema": null
},
"id": "C9394157",
"isParent": false,
"catalogueLevel": 7,
"parentId": "C326135",
"DescriptionText": "\"Photograph of female, various movements with water jar, plate 500.\" \nThe photographic sheet is missing. "
}
}