{
"C9317599": {
"catalogueId": -4603687,
"citableReference": "COPY 1/385/1",
"coveringFromDate": 18870425,
"coveringToDate": 18870425,
"scopeContent": {
"placeNames": [],
"description": "<scopecontent><p>&#34Photograph of female taking 12lb basket from head putting it on ground, plate 201.&#34</p> <p>Sheet comprises sequence of 36 photographic images, set in 3 rows, showing movement from right hand side, front, and back, at around 45 degrees to the right, of the subject.</p></scopecontent>",
"ephemera": null,
"schema": null
},
"id": "C9317599",
"isParent": false,
"catalogueLevel": 7,
"parentId": "C326133",
"DescriptionText": "\"Photograph of female taking 12lb basket from head putting it on ground, plate 201.\"\nSheet comprises sequence of 36 photographic images, set in 3 rows, showing movement from right hand side, front, and back, at around 45 degrees to the right, of the subject."
},
"C9317600": {
"catalogueId": -4603688,
"citableReference": "COPY 1/385/2",
"coveringFromDate": 18870425,
"coveringToDate": 18870425,
"scopeContent": {
"placeNames": [],
"description": "<scopecontent><p>&#34Photograph of female dropping and lifting handkerchief, plate 202.&#34 </p> <p>Sheet comprises sequence of 22 photographic images, set in 2 rows, showing movement from right hand side and back of subject. </p></scopecontent>",
"ephemera": null,
"schema": null
},
"id": "C9317600",
"isParent": false,
"catalogueLevel": 7,
"parentId": "C326133",
"DescriptionText": "\"Photograph of female dropping and lifting handkerchief, plate 202.\" \nSheet comprises sequence of 22 photographic images, set in 2 rows, showing movement from right hand side and back of subject. "
},
"C9317601": {
"catalogueId": -4603689,
"citableReference": "COPY 1/385/3",
"coveringFromDate": 18870425,
"coveringToDate": 18870425,
"scopeContent": {
"placeNames": [],
"description": "<scopecontent><p>&#34Photograph of female bending over a trestle with water jar, plate 203.&#34 </p> <p>Sheet comprises two sequences. First sequence comprises 12 photographic images, set in 2 rows, showing movement from right hand side of subject. Second sequence comprises 12 photographic images, in 1 row, showing movement from front of the subject.</p></scopecontent>",
"ephemera": null,
"schema": null
},
"id": "C9317601",
"isParent": false,
"catalogueLevel": 7,
"parentId": "C326133",
"DescriptionText": "\"Photograph of female bending over a trestle with water jar, plate 203.\" \nSheet comprises two sequences. First sequence comprises 12 photographic images, set in 2 rows, showing movement from right hand side of subject. Second sequence comprises 12 photographic images, in 1 row, showing movement from front of the subject."
},
"C9317602": {
"catalogueId": -4603690,
"citableReference": "COPY 1/385/4",
"coveringFromDate": 18870425,
"coveringToDate": 18870425,
"scopeContent": {
"placeNames": [],
"description": "<scopecontent><p>&#34Photograph of female stooping to pick up ball, plate 204.&#34 </p> <p>Sheet comprises sequence of 24 photographic images, of varying width, set in 2 rows, showing movement from right hand side and front of subject. </p></scopecontent>",
"ephemera": null,
"schema": null
},
"id": "C9317602",
"isParent": false,
"catalogueLevel": 7,
"parentId": "C326133",
"DescriptionText": "\"Photograph of female stooping to pick up ball, plate 204.\" \nSheet comprises sequence of 24 photographic images, of varying width, set in 2 rows, showing movement from right hand side and front of subject. "
},
"C9317603": {
"catalogueId": -4603691,
"citableReference": "COPY 1/385/5",
"coveringFromDate": 18870425,
"coveringToDate": 18870425,
"scopeContent": {
"placeNames": [],
"description": "<scopecontent><p>&#34Photograph of female carrying and stooping with vase, plate 205.&#34 </p> <p>Sheet comprises sequence of 36 photographic images, set in 3 rows, showing movement from right hand side, back, and front, at around 45 degrees to the left, of the dressed subject. </p></scopecontent>",
"ephemera": null,
"schema": null
},
"id": "C9317603",
"isParent": false,
"catalogueLevel": 7,
"parentId": "C326133",
"DescriptionText": "\"Photograph of female carrying and stooping with vase, plate 205.\" \nSheet comprises sequence of 36 photographic images, set in 3 rows, showing movement from right hand side, back, and front, at around 45 degrees to the left, of the dressed subject. "
},
"C9317604": {
"catalogueId": -4603692,
"citableReference": "COPY 1/385/6",
"coveringFromDate": 18870425,
"coveringToDate": 18870425,
"scopeContent": {
"placeNames": [],
"description": "<scopecontent><p>&#34Photograph of female carrying water jar on head, turning and placing it on the ground, plate 206.&#34 </p> <p>Sheet comprises sequence of 36 photographic images, set in 3 rows, showing movement from right hand side, front, and back, at around 45 degrees to the right, of the dressed subject.</p></scopecontent>",
"ephemera": null,
"schema": null
},
"id": "C9317604",
"isParent": false,
"catalogueLevel": 7,
"parentId": "C326133",
"DescriptionText": "\"Photograph of female carrying water jar on head, turning and placing it on the ground, plate 206.\" \nSheet comprises sequence of 36 photographic images, set in 3 rows, showing movement from right hand side, front, and back, at around 45 degrees to the right, of the dressed subject."
},
"C9317605": {
"catalogueId": -4603693,
"citableReference": "COPY 1/385/7",
"coveringFromDate": 18870425,
"coveringToDate": 18870425,
"scopeContent": {
"placeNames": [],
"description": "<scopecontent><p>&#34Photograph of female stooping and lifting train, plate 207.&#34 </p> <p>Sheet comprises sequence of 12 photographic images, set in 2 rows, showing movement from right hand side of dressed subject. </p></scopecontent>",
"ephemera": null,
"schema": null
},
"id": "C9317605",
"isParent": false,
"catalogueLevel": 7,
"parentId": "C326133",
"DescriptionText": "\"Photograph of female stooping and lifting train, plate 207.\" \nSheet comprises sequence of 12 photographic images, set in 2 rows, showing movement from right hand side of dressed subject. "
},
"C9317606": {
"catalogueId": -4603694,
"citableReference": "COPY 1/385/8",
"coveringFromDate": 18870425,
"coveringToDate": 18870425,
"scopeContent": {
"placeNames": [],
"description": "<scopecontent><p>&#34Photograph of female dropping a fan and stooping to lift it, plate 208.&#34 </p> <p>Sheet comprises sequence of 12 photographic images, set in 2 rows, showing movement from right hand side of dressed subject. </p></scopecontent>",
"ephemera": null,
"schema": null
},
"id": "C9317606",
"isParent": false,
"catalogueLevel": 7,
"parentId": "C326133",
"DescriptionText": "\"Photograph of female dropping a fan and stooping to lift it, plate 208.\" \nSheet comprises sequence of 12 photographic images, set in 2 rows, showing movement from right hand side of dressed subject. "
},
"C9317607": {
"catalogueId": -4603695,
"citableReference": "COPY 1/385/9",
"coveringFromDate": 18870425,
"coveringToDate": 18870425,
"scopeContent": {
"placeNames": [],
"description": "<scopecontent><p>&#34Photograph of female stooping and lifting a handkerchief, plate 209.&#34 </p> <p>Sheet comprises two sequences. First sequence comprises 12 photographic images, set in 2 rows, showing movement from right hand side of subject. Second sequence comprises 12 photographic images, in 1 row, showing movement from front of the dressed subject.</p></scopecontent>",
"ephemera": null,
"schema": null
},
"id": "C9317607",
"isParent": false,
"catalogueLevel": 7,
"parentId": "C326133",
"DescriptionText": "\"Photograph of female stooping and lifting a handkerchief, plate 209.\" \nSheet comprises two sequences. First sequence comprises 12 photographic images, set in 2 rows, showing movement from right hand side of subject. Second sequence comprises 12 photographic images, in 1 row, showing movement from front of the dressed subject."
},
"C9317608": {
"catalogueId": -4603696,
"citableReference": "COPY 1/385/10",
"coveringFromDate": 18870425,
"coveringToDate": 18870425,
"scopeContent": {
"placeNames": [],
"description": "<scopecontent><p>&#34Photograph of female stooping and lifting dress, a fan in left hand, plate 210.&#34 </p> <p>Sheet comprises sequence of 24 photographic images, set in 4 rows, showing movement from right hand side, and back, of the dressed subject.</p></scopecontent>",
"ephemera": null,
"schema": null
},
"id": "C9317608",
"isParent": false,
"catalogueLevel": 7,
"parentId": "C326133",
"DescriptionText": "\"Photograph of female stooping and lifting dress, a fan in left hand, plate 210.\" \nSheet comprises sequence of 24 photographic images, set in 4 rows, showing movement from right hand side, and back, of the dressed subject."
},
"C9317609": {
"catalogueId": -4603697,
"citableReference": "COPY 1/385/11",
"coveringFromDate": 18870425,
"coveringToDate": 18870425,
"scopeContent": {
"placeNames": [],
"description": "<scopecontent><p>&#34Photograph of female stooping and lifting a handkerchief, parasol in left hand, plate 211.&#34 </p> <p>Sheet comprises sequence of 12 photographic images, set in 2 rows, showing movement from right hand side of the dressed subject. </p></scopecontent>",
"ephemera": null,
"schema": null
},
"id": "C9317609",
"isParent": false,
"catalogueLevel": 7,
"parentId": "C326133",
"DescriptionText": "\"Photograph of female stooping and lifting a handkerchief, parasol in left hand, plate 211.\" \nSheet comprises sequence of 12 photographic images, set in 2 rows, showing movement from right hand side of the dressed subject. "
},
"C9317610": {
"catalogueId": -4603698,
"citableReference": "COPY 1/385/12",
"coveringFromDate": 18870425,
"coveringToDate": 18870425,
"scopeContent": {
"placeNames": [],
"description": "<scopecontent><p>&#34Photograph of female dropping broom and lifting bucket of water, plate 212.&#34 </p> <p>Sheet comprises sequence of 33 photographic images, set in 3 rows, showing movement from right hand side, front, at around 45 degrees to the left, and back, at around 45 degrees to the right, of the dressed subject.</p></scopecontent>",
"ephemera": null,
"schema": null
},
"id": "C9317610",
"isParent": false,
"catalogueLevel": 7,
"parentId": "C326133",
"DescriptionText": "\"Photograph of female dropping broom and lifting bucket of water, plate 212.\" \nSheet comprises sequence of 33 photographic images, set in 3 rows, showing movement from right hand side, front, at around 45 degrees to the left, and back, at around 45 degrees to the right, of the dressed subject."
},
"C9317611": {
"catalogueId": -4603699,
"citableReference": "COPY 1/385/13",
"coveringFromDate": 18870425,
"coveringToDate": 18870425,
"scopeContent": {
"placeNames": [],
"description": "<scopecontent><p>&#34Photograph of female lifting and emptying basket, plate 213.&#34 </p> <p>Sheet comprises sequence of 36 photographic images, set in 3 rows, showing movement from right hand side, front, and back, at around 45 degrees to the right, of the subject.</p></scopecontent>",
"ephemera": null,
"schema": null
},
"id": "C9317611",
"isParent": false,
"catalogueLevel": 7,
"parentId": "C326133",
"DescriptionText": "\"Photograph of female lifting and emptying basket, plate 213.\" \nSheet comprises sequence of 36 photographic images, set in 3 rows, showing movement from right hand side, front, and back, at around 45 degrees to the right, of the subject."
},
"C9317612": {
"catalogueId": -4603700,
"citableReference": "COPY 1/385/14",
"coveringFromDate": 18870425,
"coveringToDate": 18870425,
"scopeContent": {
"placeNames": [],
"description": "<scopecontent><p>&#34Photograph of female lifting child from the ground, turning around, plate 214.&#34 </p> <p>Sheet comprises sequence of 36 photographic images, of varying width, set in 3 rows, showing movement from right hand side, front, and back, at around 45 degrees to the right, of the subject.</p></scopecontent>",
"ephemera": null,
"schema": null
},
"id": "C9317612",
"isParent": false,
"catalogueLevel": 7,
"parentId": "C326133",
"DescriptionText": "\"Photograph of female lifting child from the ground, turning around, plate 214.\" \nSheet comprises sequence of 36 photographic images, of varying width, set in 3 rows, showing movement from right hand side, front, and back, at around 45 degrees to the right, of the subject."
},
"C9317613": {
"catalogueId": -4603701,
"citableReference": "COPY 1/385/15",
"coveringFromDate": 18870425,
"coveringToDate": 18870425,
"scopeContent": {
"placeNames": [],
"description": "<scopecontent><p>&#34Photograph of female placing child on the ground, child running off, plate 215.&#34 </p> <p>Sheet comprises sequence of 36 photographic images, set in 3 rows, showing movement from right hand side, front, and back, at around 45 degrees to the right, of the subject.</p></scopecontent>",
"ephemera": null,
"schema": null
},
"id": "C9317613",
"isParent": false,
"catalogueLevel": 7,
"parentId": "C326133",
"DescriptionText": "\"Photograph of female placing child on the ground, child running off, plate 215.\" \nSheet comprises sequence of 36 photographic images, set in 3 rows, showing movement from right hand side, front, and back, at around 45 degrees to the right, of the subject."
},
"C9317614": {
"catalogueId": -4603702,
"citableReference": "COPY 1/385/16",
"coveringFromDate": 18870425,
"coveringToDate": 18870425,
"scopeContent": {
"placeNames": [],
"description": "<scopecontent><p>&#34Photograph of female bending to fill water jar, placing jar on head, plate 216.&#34 </p> <p>Sheet comprises sequence of 36 photographic images, set in 3 rows, showing movement from right hand side, front, and back, at around 45 degrees to the right, of the dressed subject.</p></scopecontent>",
"ephemera": null,
"schema": null
},
"id": "C9317614",
"isParent": false,
"catalogueLevel": 7,
"parentId": "C326133",
"DescriptionText": "\"Photograph of female bending to fill water jar, placing jar on head, plate 216.\" \nSheet comprises sequence of 36 photographic images, set in 3 rows, showing movement from right hand side, front, and back, at around 45 degrees to the right, of the dressed subject."
},
"C9317615": {
"catalogueId": -4603703,
"citableReference": "COPY 1/385/17",
"coveringFromDate": 18870425,
"coveringToDate": 18870425,
"scopeContent": {
"placeNames": [],
"description": "<scopecontent><p>&#34Photograph of female stooping, lifting and carrying 30lb basket, plate 217.&#34 </p> <p>Sheet comprises sequence of 36 photographic images, set in 3 rows, showing movement from right hand side, front, and back, at around 45 degrees to the right, of the dressed subject.</p></scopecontent>",
"ephemera": null,
"schema": null
},
"id": "C9317615",
"isParent": false,
"catalogueLevel": 7,
"parentId": "C326133",
"DescriptionText": "\"Photograph of female stooping, lifting and carrying 30lb basket, plate 217.\" \nSheet comprises sequence of 36 photographic images, set in 3 rows, showing movement from right hand side, front, and back, at around 45 degrees to the right, of the dressed subject."
},
"C9317616": {
"catalogueId": -4603704,
"citableReference": "COPY 1/385/18",
"coveringFromDate": 18870425,
"coveringToDate": 18870425,
"scopeContent": {
"placeNames": [],
"description": "<scopecontent><p>&#34Photograph of male stooping and lifting full demijohn to shoulder, plate 218.&#34 </p> <p>Sheet comprises sequence of 24 photographic images, set in 2 rows, showing movement from right hand side and front of subject. </p></scopecontent>",
"ephemera": null,
"schema": null
},
"id": "C9317616",
"isParent": false,
"catalogueLevel": 7,
"parentId": "C326133",
"DescriptionText": "\"Photograph of male stooping and lifting full demijohn to shoulder, plate 218.\" \nSheet comprises sequence of 24 photographic images, set in 2 rows, showing movement from right hand side and front of subject. "
},
"C9317617": {
"catalogueId": -4603705,
"citableReference": "COPY 1/385/19",
"coveringFromDate": 18870425,
"coveringToDate": 18870425,
"scopeContent": {
"placeNames": [],
"description": "<scopecontent><p>&#34Photograph of female stooping and lifting broom and sweeping, plate 219.&#34 </p> <p>Sheet comprises sequence of 22 photographic images, of varying width, set in 2 rows, showing movement from right hand side and back, at around 45 degrees to the right, of the subject. </p></scopecontent>",
"ephemera": null,
"schema": null
},
"id": "C9317617",
"isParent": false,
"catalogueLevel": 7,
"parentId": "C326133",
"DescriptionText": "\"Photograph of female stooping and lifting broom and sweeping, plate 219.\" \nSheet comprises sequence of 22 photographic images, of varying width, set in 2 rows, showing movement from right hand side and back, at around 45 degrees to the right, of the subject. "
},
"C9317618": {
"catalogueId": -4603706,
"citableReference": "COPY 1/385/20",
"coveringFromDate": 18870425,
"coveringToDate": 18870425,
"scopeContent": {
"placeNames": [],
"description": "<scopecontent><p>&#34Photograph of female stooping and lifting handkerchief and running, plate 220.&#34 </p> <p>Sheet comprises sequence of 24 photographic images, of varying width, set in 2 rows, showing movement from right hand side and back of subject. </p></scopecontent>",
"ephemera": null,
"schema": null
},
"id": "C9317618",
"isParent": false,
"catalogueLevel": 7,
"parentId": "C326133",
"DescriptionText": "\"Photograph of female stooping and lifting handkerchief and running, plate 220.\" \nSheet comprises sequence of 24 photographic images, of varying width, set in 2 rows, showing movement from right hand side and back of subject. "
},
"C9317619": {
"catalogueId": -4603707,
"citableReference": "COPY 1/385/21",
"coveringFromDate": 18870425,
"coveringToDate": 18870425,
"scopeContent": {
"placeNames": [],
"description": "<scopecontent><p>&#34Photograph of female stooping and lifting 12lb basket to head, plate 221.&#34 </p> <p>Sheet comprises sequence of 36 photographic images, set in 3 rows, showing movement from right hand side, front, and back, at around 45 degrees to the right, of the subject.</p></scopecontent>",
"ephemera": null,
"schema": null
},
"id": "C9317619",
"isParent": false,
"catalogueLevel": 7,
"parentId": "C326133",
"DescriptionText": "\"Photograph of female stooping and lifting 12lb basket to head, plate 221.\" \nSheet comprises sequence of 36 photographic images, set in 3 rows, showing movement from right hand side, front, and back, at around 45 degrees to the right, of the subject."
},
"C9317620": {
"catalogueId": -4603708,
"citableReference": "COPY 1/385/22",
"coveringFromDate": 18870425,
"coveringToDate": 18870425,
"scopeContent": {
"placeNames": [],
"description": "<scopecontent><p>&#34Photograph of female stooping and lifting water jar to head and turning, plate 222.&#34 </p> <p>Sheet comprises sequence of 24 photographic images, set in 2 rows, showing movement from right hand side and back of subject. </p></scopecontent>",
"ephemera": null,
"schema": null
},
"id": "C9317620",
"isParent": false,
"catalogueLevel": 7,
"parentId": "C326133",
"DescriptionText": "\"Photograph of female stooping and lifting water jar to head and turning, plate 222.\" \nSheet comprises sequence of 24 photographic images, set in 2 rows, showing movement from right hand side and back of subject. "
},
"C9317621": {
"catalogueId": -4603709,
"citableReference": "COPY 1/385/23",
"coveringFromDate": 18870425,
"coveringToDate": 18870425,
"scopeContent": {
"placeNames": [],
"description": "<scopecontent><p>&#34Photograph of female stooping and lifting basin, wiping it and turning, plate 223.&#34 </p> <p>Sheet comprises sequence of 24 photographic images, set in 3 rows, showing movement from right hand side, front, at around 45 degrees to the left, and back, at around 45 degrees to the right, of the subject.</p></scopecontent>",
"ephemera": null,
"schema": null
},
"id": "C9317621",
"isParent": false,
"catalogueLevel": 7,
"parentId": "C326133",
"DescriptionText": "\"Photograph of female stooping and lifting basin, wiping it and turning, plate 223.\" \nSheet comprises sequence of 24 photographic images, set in 3 rows, showing movement from right hand side, front, at around 45 degrees to the left, and back, at around 45 degrees to the right, of the subject."
},
"C9317622": {
"catalogueId": -4603710,
"citableReference": "COPY 1/385/24",
"coveringFromDate": 18870425,
"coveringToDate": 18870425,
"scopeContent": {
"placeNames": [],
"description": "<scopecontent><p>&#34Photograph of female stooping and lifting water jar to head, plate 224.&#34 </p> <p>Sheet comprises sequence of 24 photographic images, set in 2 rows, showing movement from right hand side and back of subject. </p></scopecontent>",
"ephemera": null,
"schema": null
},
"id": "C9317622",
"isParent": false,
"catalogueLevel": 7,
"parentId": "C326133",
"DescriptionText": "\"Photograph of female stooping and lifting water jar to head, plate 224.\" \nSheet comprises sequence of 24 photographic images, set in 2 rows, showing movement from right hand side and back of subject. "
},
"C9317623": {
"catalogueId": -4603711,
"citableReference": "COPY 1/385/25",
"coveringFromDate": 18870425,
"coveringToDate": 18870425,
"scopeContent": {
"placeNames": [],
"description": "<scopecontent><p>&#34Photograph of female removing water jar from shoulder to the ground, plate 225.&#34 </p> <p>Sheet comprises sequence of 24 photographic images, set in 2 rows, showing movement from left hand side and back of subject. </p></scopecontent>",
"ephemera": null,
"schema": null
},
"id": "C9317623",
"isParent": false,
"catalogueLevel": 7,
"parentId": "C326133",
"DescriptionText": "\"Photograph of female removing water jar from shoulder to the ground, plate 225.\" \nSheet comprises sequence of 24 photographic images, set in 2 rows, showing movement from left hand side and back of subject. "
},
"C9317624": {
"catalogueId": -4603712,
"citableReference": "COPY 1/385/26",
"coveringFromDate": 18870425,
"coveringToDate": 18870425,
"scopeContent": {
"placeNames": [],
"description": "<scopecontent><p>&#34Photograph of female removing water jar from shoulder to the ground and turning, plate 226.&#34 </p> <p>The photographic sheet is missing.</p></scopecontent>",
"ephemera": null,
"schema": null
},
"id": "C9317624",
"isParent": false,
"catalogueLevel": 7,
"parentId": "C326133",
"DescriptionText": "\"Photograph of female removing water jar from shoulder to the ground and turning, plate 226.\" \nThe photographic sheet is missing."
},
"C9317625": {
"catalogueId": -4603713,
"citableReference": "COPY 1/385/27",
"coveringFromDate": 18870425,
"coveringToDate": 18870425,
"scopeContent": {
"placeNames": [],
"description": "<scopecontent><p>&#34Photograph of female lifting cloth from the ground, placing it around shoulders and turning, plate 227.&#34 </p> <p>Sheet comprises sequence of 36 photographic images, set in 3 rows, showing movement from right hand side, front, at around 45 degrees to the left, and back, at around 45 degrees to the right, of the subject.</p></scopecontent>",
"ephemera": null,
"schema": null
},
"id": "C9317625",
"isParent": false,
"catalogueLevel": 7,
"parentId": "C326133",
"DescriptionText": "\"Photograph of female lifting cloth from the ground, placing it around shoulders and turning, plate 227.\" \nSheet comprises sequence of 36 photographic images, set in 3 rows, showing movement from right hand side, front, at around 45 degrees to the left, and back, at around 45 degrees to the right, of the subject."
},
"C9317626": {
"catalogueId": -4603714,
"citableReference": "COPY 1/385/28",
"coveringFromDate": 18870425,
"coveringToDate": 18870425,
"scopeContent": {
"placeNames": [],
"description": "<scopecontent><p>&#34Photograph of female turning and lifting water jar from the ground, plate 228.&#34 </p> <p>Sheet comprises sequence of 24 photographic images, set in 2 rows, showing movement from right hand side and front, at around 45 degrees to the right, of the subject. </p></scopecontent>",
"ephemera": null,
"schema": null
},
"id": "C9317626",
"isParent": false,
"catalogueLevel": 7,
"parentId": "C326133",
"DescriptionText": "\"Photograph of female turning and lifting water jar from the ground, plate 228.\" \nSheet comprises sequence of 24 photographic images, set in 2 rows, showing movement from right hand side and front, at around 45 degrees to the right, of the subject. "
},
"C9317627": {
"catalogueId": -4603715,
"citableReference": "COPY 1/385/29",
"coveringFromDate": 18870425,
"coveringToDate": 18870425,
"scopeContent": {
"placeNames": [],
"description": "<scopecontent><p>&#34Photograph of female placing basket on ground and turning, plate 229.&#34 </p> <p>Sheet comprises sequence of 36 photographic images, set in 3 rows, showing movement from right hand side, front, and back, at around 45 degrees to the right, of the dressed subject.</p></scopecontent>",
"ephemera": null,
"schema": null
},
"id": "C9317627",
"isParent": false,
"catalogueLevel": 7,
"parentId": "C326133",
"DescriptionText": "\"Photograph of female placing basket on ground and turning, plate 229.\" \nSheet comprises sequence of 36 photographic images, set in 3 rows, showing movement from right hand side, front, and back, at around 45 degrees to the right, of the dressed subject."
},
"C9317628": {
"catalogueId": -4603716,
"citableReference": "COPY 1/385/30",
"coveringFromDate": 18870425,
"coveringToDate": 18870425,
"scopeContent": {
"placeNames": [],
"description": "<scopecontent><p>&#34Photograph of female lifting 30lb basket from the ground to head, turning, plate 230.&#34 </p> <p>Sheet comprises sequence of 36 photographic images, set in 3 rows, showing movement from right hand side, front, at around 45 degrees to the left, and back, at around 45 degrees to the right, of the dressed subject.</p></scopecontent>",
"ephemera": null,
"schema": null
},
"id": "C9317628",
"isParent": false,
"catalogueLevel": 7,
"parentId": "C326133",
"DescriptionText": "\"Photograph of female lifting 30lb basket from the ground to head, turning, plate 230.\" \nSheet comprises sequence of 36 photographic images, set in 3 rows, showing movement from right hand side, front, at around 45 degrees to the left, and back, at around 45 degrees to the right, of the dressed subject."
},
"C9317629": {
"catalogueId": -4603717,
"citableReference": "COPY 1/385/31",
"coveringFromDate": 18870425,
"coveringToDate": 18870425,
"scopeContent": {
"placeNames": [],
"description": "<scopecontent><p>&#34Photograph of female stooping to arrange train and turning, plate 231.&#34 </p> <p>Sheet comprises sequence of 24 photographic images, set in 4 rows, showing movement from right hand side and back of dressed subject. </p></scopecontent>",
"ephemera": null,
"schema": null
},
"id": "C9317629",
"isParent": false,
"catalogueLevel": 7,
"parentId": "C326133",
"DescriptionText": "\"Photograph of female stooping to arrange train and turning, plate 231.\" \nSheet comprises sequence of 24 photographic images, set in 4 rows, showing movement from right hand side and back of dressed subject. "
},
"C9317630": {
"catalogueId": -4603718,
"citableReference": "COPY 1/385/32",
"coveringFromDate": 18870425,
"coveringToDate": 18870425,
"scopeContent": {
"placeNames": [],
"description": "<scopecontent><p>&#34Photograph of female stooping to lift train &#38; turning, plate 232.&#34 </p> <p>Sheet comprises sequence of 36 photographic images, set in 3 rows, showing movement from right hand side, front, and back, at around 45 degrees to the right, of the subject.</p></scopecontent>",
"ephemera": null,
"schema": null
},
"id": "C9317630",
"isParent": false,
"catalogueLevel": 7,
"parentId": "C326133",
"DescriptionText": "\"Photograph of female stooping to lift train & turning, plate 232.\" \nSheet comprises sequence of 36 photographic images, set in 3 rows, showing movement from right hand side, front, and back, at around 45 degrees to the right, of the subject."
},
"C9317631": {
"catalogueId": -4603719,
"citableReference": "COPY 1/385/33",
"coveringFromDate": 18870425,
"coveringToDate": 18870425,
"scopeContent": {
"placeNames": [],
"description": "<scopecontent><p>&#34Photograph of female lifting shawl, putting around shoulders, turning, plate 233.&#34 </p> <p>Sheet comprises sequence of 36 photographic images, set in 3 rows, showing movement from right hand side, front, and back, at around 45 degrees to the right, of the dressed subject.</p></scopecontent>",
"ephemera": null,
"schema": null
},
"id": "C9317631",
"isParent": false,
"catalogueLevel": 7,
"parentId": "C326133",
"DescriptionText": "\"Photograph of female lifting shawl, putting around shoulders, turning, plate 233.\" \nSheet comprises sequence of 36 photographic images, set in 3 rows, showing movement from right hand side, front, and back, at around 45 degrees to the right, of the dressed subject."
},
"C9317632": {
"catalogueId": -4603720,
"citableReference": "COPY 1/385/34",
"coveringFromDate": 18870425,
"coveringToDate": 18870425,
"scopeContent": {
"placeNames": [],
"description": "<scopecontent><p>&#34Photograph of female lifting and emptying basin of water and turning, plate 234.&#34 </p> <p>Sheet comprises sequence of 36 photographic images, set in 3 rows, showing movement from right hand side, front, and back, at around 45 degrees to the right, of the dressed subject.</p></scopecontent>",
"ephemera": null,
"schema": null
},
"id": "C9317632",
"isParent": false,
"catalogueLevel": 7,
"parentId": "C326133",
"DescriptionText": "\"Photograph of female lifting and emptying basin of water and turning, plate 234.\" \nSheet comprises sequence of 36 photographic images, set in 3 rows, showing movement from right hand side, front, and back, at around 45 degrees to the right, of the dressed subject."
},
"C9317633": {
"catalogueId": -4603721,
"citableReference": "COPY 1/385/35",
"coveringFromDate": 18870425,
"coveringToDate": 18870425,
"scopeContent": {
"placeNames": [],
"description": "<scopecontent><p>&#34Photograph of female turning and removing water jar from shoulder to the ground, plate 235.&#34 </p> <p>Sheet comprises sequence of 24 photographic images, set in 2 rows, showing movement from right hand side and back of subject. </p></scopecontent>",
"ephemera": null,
"schema": null
},
"id": "C9317633",
"isParent": false,
"catalogueLevel": 7,
"parentId": "C326133",
"DescriptionText": "\"Photograph of female turning and removing water jar from shoulder to the ground, plate 235.\" \nSheet comprises sequence of 24 photographic images, set in 2 rows, showing movement from right hand side and back of subject. "
},
"C9317634": {
"catalogueId": -4603722,
"citableReference": "COPY 1/385/36",
"coveringFromDate": 18870425,
"coveringToDate": 18870425,
"scopeContent": {
"placeNames": [],
"description": "<scopecontent><p>&#34Photograph of male placing chair and sitting down, plate 236.&#34 </p> <p>Sheet comprises sequence of 24 photographic images, set in 2 rows, showing movement from right hand side and left hand side of subject. </p></scopecontent>",
"ephemera": null,
"schema": null
},
"id": "C9317634",
"isParent": false,
"catalogueLevel": 7,
"parentId": "C326133",
"DescriptionText": "\"Photograph of male placing chair and sitting down, plate 236.\" \nSheet comprises sequence of 24 photographic images, set in 2 rows, showing movement from right hand side and left hand side of subject. "
},
"C9317635": {
"catalogueId": -4603723,
"citableReference": "COPY 1/385/37",
"coveringFromDate": 18870425,
"coveringToDate": 18870425,
"scopeContent": {
"placeNames": [],
"description": "<scopecontent><p>&#34Photograph of female sitting down on chair and opening fan, plate 237.&#34 </p> <p>Sheet comprises sequence of 24 photographic images, set in 2 rows, showing movement from right hand side and back of subject. </p></scopecontent>",
"ephemera": null,
"schema": null
},
"id": "C9317635",
"isParent": false,
"catalogueLevel": 7,
"parentId": "C326133",
"DescriptionText": "\"Photograph of female sitting down on chair and opening fan, plate 237.\" \nSheet comprises sequence of 24 photographic images, set in 2 rows, showing movement from right hand side and back of subject. "
},
"C9317636": {
"catalogueId": -4603724,
"citableReference": "COPY 1/385/38",
"coveringFromDate": 18870425,
"coveringToDate": 18870425,
"scopeContent": {
"placeNames": [],
"description": "<scopecontent><p>&#34Photograph of female sitting on chair, crossing legs, drinking from tea cup, plate 238.&#34 </p> <p>Sheet comprises sequence of 36 photographic images, set in 3 rows, showing movement from right hand side, front, at around 45 degrees to the right, and back, at around 45 degrees to the right, of the subject.</p></scopecontent>",
"ephemera": null,
"schema": null
},
"id": "C9317636",
"isParent": false,
"catalogueLevel": 7,
"parentId": "C326133",
"DescriptionText": "\"Photograph of female sitting on chair, crossing legs, drinking from tea cup, plate 238.\" \nSheet comprises sequence of 36 photographic images, set in 3 rows, showing movement from right hand side, front, at around 45 degrees to the right, and back, at around 45 degrees to the right, of the subject."
},
"C9317637": {
"catalogueId": -4603725,
"citableReference": "COPY 1/385/39",
"coveringFromDate": 18870425,
"coveringToDate": 18870425,
"scopeContent": {
"placeNames": [],
"description": "<scopecontent><p>&#34Photograph of females, two models, one standing the other sitting, crossing legs, plate 239.&#34 </p> <p>Sheet comprises two sequences. First sequence comprises 8 photographic images, set in 2 rows, showing movement from right hand side of subject. Second sequence comprises 16 photographic images, in 2 rows, showing movement from front and back of the subject.</p></scopecontent>",
"ephemera": null,
"schema": null
},
"id": "C9317637",
"isParent": false,
"catalogueLevel": 7,
"parentId": "C326133",
"DescriptionText": "\"Photograph of females, two models, one standing the other sitting, crossing legs, plate 239.\" \nSheet comprises two sequences. First sequence comprises 8 photographic images, set in 2 rows, showing movement from right hand side of subject. Second sequence comprises 16 photographic images, in 2 rows, showing movement from front and back of the subject."
},
"C9317638": {
"catalogueId": -4603726,
"citableReference": "COPY 1/385/40",
"coveringFromDate": 18870425,
"coveringToDate": 18870425,
"scopeContent": {
"placeNames": [],
"description": "<scopecontent><p>&#34Photograph of female sitting and flirting with fan, plate 240.&#34 </p> <p>Sheet comprises sequence of 18 photographic images, of varying width, set in 2 rows, showing movement from right hand side and back of dressed subject. </p></scopecontent>",
"ephemera": null,
"schema": null
},
"id": "C9317638",
"isParent": false,
"catalogueLevel": 7,
"parentId": "C326133",
"DescriptionText": "\"Photograph of female sitting and flirting with fan, plate 240.\" \nSheet comprises sequence of 18 photographic images, of varying width, set in 2 rows, showing movement from right hand side and back of dressed subject. "
},
"C9317639": {
"catalogueId": -4603727,
"citableReference": "COPY 1/385/41",
"coveringFromDate": 18870425,
"coveringToDate": 18870425,
"scopeContent": {
"placeNames": [],
"description": "<scopecontent><p>&#34Photograph of female placing chair, sitting and reading, plate 241.&#34 </p> <p>Sheet comprises sequence of 24 photographic images, set in 4 rows, showing movement from right hand side and front of dressed subject. </p></scopecontent>",
"ephemera": null,
"schema": null
},
"id": "C9317639",
"isParent": false,
"catalogueLevel": 7,
"parentId": "C326133",
"DescriptionText": "\"Photograph of female placing chair, sitting and reading, plate 241.\" \nSheet comprises sequence of 24 photographic images, set in 4 rows, showing movement from right hand side and front of dressed subject. "
},
"C9317640": {
"catalogueId": -4603728,
"citableReference": "COPY 1/385/42",
"coveringFromDate": 18870425,
"coveringToDate": 18870425,
"scopeContent": {
"placeNames": [],
"description": "<scopecontent><p>&#34Photograph of female placing chair, sitting and flirting a fan, plate 242.&#34 </p> <p>Sheet comprises sequence of 12 photographic images, set in 2 rows, showing movement from left hand side of dressed subject. </p></scopecontent>",
"ephemera": null,
"schema": null
},
"id": "C9317640",
"isParent": false,
"catalogueLevel": 7,
"parentId": "C326133",
"DescriptionText": "\"Photograph of female placing chair, sitting and flirting a fan, plate 242.\" \nSheet comprises sequence of 12 photographic images, set in 2 rows, showing movement from left hand side of dressed subject. "
},
"C9317641": {
"catalogueId": -4603729,
"citableReference": "COPY 1/385/43",
"coveringFromDate": 18870425,
"coveringToDate": 18870425,
"scopeContent": {
"placeNames": [],
"description": "<scopecontent><p>&#34Photograph of female placing chair and sitting, parasol in left hand, plate 243.&#34 </p> <p>Sheet comprises sequence of 24 photographic images, set in 4 rows, showing movement from right hand side and back of dressed subject. </p></scopecontent>",
"ephemera": null,
"schema": null
},
"id": "C9317641",
"isParent": false,
"catalogueLevel": 7,
"parentId": "C326133",
"DescriptionText": "\"Photograph of female placing chair and sitting, parasol in left hand, plate 243.\" \nSheet comprises sequence of 24 photographic images, set in 4 rows, showing movement from right hand side and back of dressed subject. "
},
"C9317642": {
"catalogueId": -4603730,
"citableReference": "COPY 1/385/44",
"coveringFromDate": 18870425,
"coveringToDate": 18870425,
"scopeContent": {
"placeNames": [],
"description": "<scopecontent><p>&#34Photograph of female sitting, crossing legs, filling goblet from pitcher, plate 244.&#34 </p> <p>Sheet comprises sequence of 24 photographic images, set in 3 rows, showing movement from front, right hand side, and left hand side, of the subject.</p></scopecontent>",
"ephemera": null,
"schema": null
},
"id": "C9317642",
"isParent": false,
"catalogueLevel": 7,
"parentId": "C326133",
"DescriptionText": "\"Photograph of female sitting, crossing legs, filling goblet from pitcher, plate 244.\" \nSheet comprises sequence of 24 photographic images, set in 3 rows, showing movement from front, right hand side, and left hand side, of the subject."
},
"C9317643": {
"catalogueId": -4603731,
"citableReference": "COPY 1/385/45",
"coveringFromDate": 18870425,
"coveringToDate": 18870425,
"scopeContent": {
"placeNames": [],
"description": "<scopecontent><p>&#34Photograph of female, two models, turning around, sitting on the ground, plate 245.&#34 </p> <p>Sheet comprises two alternating image sequences of varying height. First sequence comprises 18 photographic images, set in 3 rows, showing movement from right hand side, front and back of subject. Second sequence comprises 18 photographic images, in 3 rows, showing movement from front, left hand side and right hand side of the subject.</p></scopecontent>",
"ephemera": null,
"schema": null
},
"id": "C9317643",
"isParent": false,
"catalogueLevel": 7,
"parentId": "C326133",
"DescriptionText": "\"Photograph of female, two models, turning around, sitting on the ground, plate 245.\" \nSheet comprises two alternating image sequences of varying height. First sequence comprises 18 photographic images, set in 3 rows, showing movement from right hand side, front and back of subject. Second sequence comprises 18 photographic images, in 3 rows, showing movement from front, left hand side and right hand side of the subject."
},
"C9317644": {
"catalogueId": -4603732,
"citableReference": "COPY 1/385/46",
"coveringFromDate": 18870425,
"coveringToDate": 18870425,
"scopeContent": {
"placeNames": [],
"description": "<scopecontent><p>&#34Photograph of female placing chair, sitting and flirting a fan, plate 246.&#34 </p> <p>Sheet comprises sequence of 30 photographic images, set in 3 rows, showing movement from left hand side, front and back of dressed subject. </p></scopecontent>",
"ephemera": null,
"schema": null
},
"id": "C9317644",
"isParent": false,
"catalogueLevel": 7,
"parentId": "C326133",
"DescriptionText": "\"Photograph of female placing chair, sitting and flirting a fan, plate 246.\" \nSheet comprises sequence of 30 photographic images, set in 3 rows, showing movement from left hand side, front and back of dressed subject. "
},
"C9317645": {
"catalogueId": -4603733,
"citableReference": "COPY 1/385/47",
"coveringFromDate": 18870425,
"coveringToDate": 18870425,
"scopeContent": {
"placeNames": [],
"description": "<scopecontent><p>&#34Photograph of female sitting down, placing feet on chair, plate 247.&#34 </p> <p>Sheet comprises two sequences. First sequence comprises 9 photographic images, set in 1 row, showing movement from right hand side of subject. Second sequence comprises 24 photographic images, in 2 rows, showing movement from front and back of the subject.</p></scopecontent>",
"ephemera": null,
"schema": null
},
"id": "C9317645",
"isParent": false,
"catalogueLevel": 7,
"parentId": "C326133",
"DescriptionText": "\"Photograph of female sitting down, placing feet on chair, plate 247.\" \nSheet comprises two sequences. First sequence comprises 9 photographic images, set in 1 row, showing movement from right hand side of subject. Second sequence comprises 24 photographic images, in 2 rows, showing movement from front and back of the subject."
},
"C9317646": {
"catalogueId": -4603734,
"citableReference": "COPY 1/385/48",
"coveringFromDate": 18870425,
"coveringToDate": 18870425,
"scopeContent": {
"placeNames": [],
"description": "<scopecontent><p>&#34Photograph of female sitting down on the ground, plate 248.&#34 </p> <p>Sheet comprises sequence of 36 photographic images, of varying width, set in 3 rows, showing movement from front, back and left hand side of the subject. </p></scopecontent>",
"ephemera": null,
"schema": null
},
"id": "C9317646",
"isParent": false,
"catalogueLevel": 7,
"parentId": "C326133",
"DescriptionText": "\"Photograph of female sitting down on the ground, plate 248.\" \nSheet comprises sequence of 36 photographic images, of varying width, set in 3 rows, showing movement from front, back and left hand side of the subject. "
},
"C9317647": {
"catalogueId": -4603735,
"citableReference": "COPY 1/385/49",
"coveringFromDate": 18870425,
"coveringToDate": 18870425,
"scopeContent": {
"placeNames": [],
"description": "<scopecontent><p>&#34Photograph of male rising from chair, plate 249.&#34 </p> <p>Sheet comprises sequence of 20 photographic images, set in 2 rows, showing movement from front and right hand side of subject. </p></scopecontent>",
"ephemera": null,
"schema": null
},
"id": "C9317647",
"isParent": false,
"catalogueLevel": 7,
"parentId": "C326133",
"DescriptionText": "\"Photograph of male rising from chair, plate 249.\" \nSheet comprises sequence of 20 photographic images, set in 2 rows, showing movement from front and right hand side of subject. "
},
"C9317648": {
"catalogueId": -4603736,
"citableReference": "COPY 1/385/50",
"coveringFromDate": 18870425,
"coveringToDate": 18870425,
"scopeContent": {
"placeNames": [],
"description": "<scopecontent><p>&#34Photograph of female rising from chair, stooping and lifting handkerchief, plate 250.&#34 </p> <p>Sheet comprises sequence of 24 photographic images, set in 4 rows, showing movement from front and right hand side of subject. </p></scopecontent>",
"ephemera": null,
"schema": null
},
"id": "C9317648",
"isParent": false,
"catalogueLevel": 7,
"parentId": "C326133",
"DescriptionText": "\"Photograph of female rising from chair, stooping and lifting handkerchief, plate 250.\" \nSheet comprises sequence of 24 photographic images, set in 4 rows, showing movement from front and right hand side of subject. "
},
"C9317649": {
"catalogueId": -4603737,
"citableReference": "COPY 1/385/51",
"coveringFromDate": 18870425,
"coveringToDate": 18870425,
"scopeContent": {
"placeNames": [],
"description": "<scopecontent><p>&#34Photograph of female kneeling on left knee, basket in one hand and rising, plate 251.&#34 </p> <p>Sheet comprises sequence of 36 photographic images, set in 3 rows, showing movement from right hand side, front, at around 45 degrees to the left, and back, at around 45 degrees to the right, of the subject.</p></scopecontent>",
"ephemera": null,
"schema": null
},
"id": "C9317649",
"isParent": false,
"catalogueLevel": 7,
"parentId": "C326133",
"DescriptionText": "\"Photograph of female kneeling on left knee, basket in one hand and rising, plate 251.\" \nSheet comprises sequence of 36 photographic images, set in 3 rows, showing movement from right hand side, front, at around 45 degrees to the left, and back, at around 45 degrees to the right, of the subject."
},
"C9317650": {
"catalogueId": -4603738,
"citableReference": "COPY 1/385/52",
"coveringFromDate": 18870425,
"coveringToDate": 18870425,
"scopeContent": {
"placeNames": [],
"description": "<scopecontent><p>&#34Photograph of female kneeling on right knee and scrubbing the floor, plate 252.&#34 </p> <p>Sheet comprises sequence of 36 photographic images, of varying width, set in 3 rows, showing movement from right hand side, front, at around 45 degrees to the left, and back, at around 45 degrees to the right, of the subject.</p></scopecontent>",
"ephemera": null,
"schema": null
},
"id": "C9317650",
"isParent": false,
"catalogueLevel": 7,
"parentId": "C326133",
"DescriptionText": "\"Photograph of female kneeling on right knee and scrubbing the floor, plate 252.\" \nSheet comprises sequence of 36 photographic images, of varying width, set in 3 rows, showing movement from right hand side, front, at around 45 degrees to the left, and back, at around 45 degrees to the right, of the subject."
},
"C9317651": {
"catalogueId": -4603739,
"citableReference": "COPY 1/385/53",
"coveringFromDate": 18870425,
"coveringToDate": 18870425,
"scopeContent": {
"placeNames": [],
"description": "<scopecontent><p>&#34Photograph of female kneeling, elbows on chair, hands clasped, plate 253.&#34 </p> <p>Sheet comprises sequence of 36 photographic images, set in 3 rows, showing movement from left hand side, back, and front, at around 45 degrees to the right, of the dressed subject.</p></scopecontent>",
"ephemera": null,
"schema": null
},
"id": "C9317651",
"isParent": false,
"catalogueLevel": 7,
"parentId": "C326133",
"DescriptionText": "\"Photograph of female kneeling, elbows on chair, hands clasped, plate 253.\" \nSheet comprises sequence of 36 photographic images, set in 3 rows, showing movement from left hand side, back, and front, at around 45 degrees to the right, of the dressed subject."
},
"C9317652": {
"catalogueId": -4603740,
"citableReference": "COPY 1/385/54",
"coveringFromDate": 18870425,
"coveringToDate": 18870425,
"scopeContent": {
"placeNames": [],
"description": "<scopecontent><p>&#34Photograph of female kneeling, elbows on chair, hands clasped, plate 254.&#34 </p> <p>Sheet comprises two sequences. First sequence comprises 12 photographic images, set in 2 rows, showing movement from right hand side of subject. Second sequence comprises 22 photographic images, in 2 rows, showing movement from back and front of the subject.</p></scopecontent>",
"ephemera": null,
"schema": null
},
"id": "C9317652",
"isParent": false,
"catalogueLevel": 7,
"parentId": "C326133",
"DescriptionText": "\"Photograph of female kneeling, elbows on chair, hands clasped, plate 254.\" \nSheet comprises two sequences. First sequence comprises 12 photographic images, set in 2 rows, showing movement from right hand side of subject. Second sequence comprises 22 photographic images, in 2 rows, showing movement from back and front of the subject."
},
"C9317653": {
"catalogueId": -4603741,
"citableReference": "COPY 1/385/55",
"coveringFromDate": 18870425,
"coveringToDate": 18870425,
"scopeContent": {
"placeNames": [],
"description": "<scopecontent><p>&#34Photograph of female arising from kneeling and turning, plate 255.&#34 </p> <p>Sheet comprises sequence of 36 photographic images, of varying width, set in 3 rows, showing movement from right hand side, front, at around 45 degrees to the left, and back, at around 45 degrees to the right, of the subject.</p></scopecontent>",
"ephemera": null,
"schema": null
},
"id": "C9317653",
"isParent": false,
"catalogueLevel": 7,
"parentId": "C326133",
"DescriptionText": "\"Photograph of female arising from kneeling and turning, plate 255.\" \nSheet comprises sequence of 36 photographic images, of varying width, set in 3 rows, showing movement from right hand side, front, at around 45 degrees to the left, and back, at around 45 degrees to the right, of the subject."
},
"C9317654": {
"catalogueId": -4603742,
"citableReference": "COPY 1/385/56",
"coveringFromDate": 18870425,
"coveringToDate": 18870425,
"scopeContent": {
"placeNames": [],
"description": "<scopecontent><p>&#34Photograph of female lying on the ground and reading, plate 256.&#34 </p> <p>Sheet comprises sequence of 36 photographic images, of varying width, set in 3 rows, showing movement from right hand side, back, at around 45 degrees to the right, and front, at around 45 degrees to the left, of the subject.</p></scopecontent>",
"ephemera": null,
"schema": null
},
"id": "C9317654",
"isParent": false,
"catalogueLevel": 7,
"parentId": "C326133",
"DescriptionText": "\"Photograph of female lying on the ground and reading, plate 256.\" \nSheet comprises sequence of 36 photographic images, of varying width, set in 3 rows, showing movement from right hand side, back, at around 45 degrees to the right, and front, at around 45 degrees to the left, of the subject."
},
"C9317655": {
"catalogueId": -4603743,
"citableReference": "COPY 1/385/57",
"coveringFromDate": 18870425,
"coveringToDate": 18870425,
"scopeContent": {
"placeNames": [],
"description": "<scopecontent><p>&#34Photograph of male lying on the ground and reading, plate 257.&#34 </p> <p>Sheet comprises two alternating image sequences of varying height. First sequence comprises 11 photographic images, set in 2 rows, showing movement from back and left hand side of subject. Second sequence comprises 9 photographic images, in 2 rows, showing movement from back and left hand side of the subject. </p></scopecontent>",
"ephemera": null,
"schema": null
},
"id": "C9317655",
"isParent": false,
"catalogueLevel": 7,
"parentId": "C326133",
"DescriptionText": "\"Photograph of male lying on the ground and reading, plate 257.\" \nSheet comprises two alternating image sequences of varying height. First sequence comprises 11 photographic images, set in 2 rows, showing movement from back and left hand side of subject. Second sequence comprises 9 photographic images, in 2 rows, showing movement from back and left hand side of the subject. "
},
"C9317656": {
"catalogueId": -4603744,
"citableReference": "COPY 1/385/58",
"coveringFromDate": 18870425,
"coveringToDate": 18870425,
"scopeContent": {
"placeNames": [],
"description": "<scopecontent><p>&#34Photograph of male rising from the ground and walking off, plate 258.&#34 </p> <p>Sheet comprises two alternating image sequences of varying height. First sequence comprises 9 photographic images, set in 2 rows, showing movement from front and back of subject. Second sequence comprises 11 photographic images, in 2 rows, showing movement from front and back of the subject.</p></scopecontent>",
"ephemera": null,
"schema": null
},
"id": "C9317656",
"isParent": false,
"catalogueLevel": 7,
"parentId": "C326133",
"DescriptionText": "\"Photograph of male rising from the ground and walking off, plate 258.\" \nSheet comprises two alternating image sequences of varying height. First sequence comprises 9 photographic images, set in 2 rows, showing movement from front and back of subject. Second sequence comprises 11 photographic images, in 2 rows, showing movement from front and back of the subject."
},
"C9317657": {
"catalogueId": -4603745,
"citableReference": "COPY 1/385/59",
"coveringFromDate": 18870425,
"coveringToDate": 18870425,
"scopeContent": {
"placeNames": [],
"description": "<scopecontent><p>&#34Photograph of male lying on a couch and turning over on side, plate 259.&#34 </p> <p>Sheet comprises two sequences. First sequence comprises 10 photographic images, set in 2 rows, showing movement from front and right hand side of subject. Second sequence comprises 10 photographic images, in 1 row, showing movement from back of subject.</p></scopecontent>",
"ephemera": null,
"schema": null
},
"id": "C9317657",
"isParent": false,
"catalogueLevel": 7,
"parentId": "C326133",
"DescriptionText": "\"Photograph of male lying on a couch and turning over on side, plate 259.\" \nSheet comprises two sequences. First sequence comprises 10 photographic images, set in 2 rows, showing movement from front and right hand side of subject. Second sequence comprises 10 photographic images, in 1 row, showing movement from back of subject."
},
"C9317658": {
"catalogueId": -4603746,
"citableReference": "COPY 1/385/60",
"coveringFromDate": 18870425,
"coveringToDate": 18870425,
"scopeContent": {
"placeNames": [],
"description": "<scopecontent><p>&#34Photograph of male arising from couch and stretching arms, plate 260.&#34 </p> <p>Sheet comprises two sequences. First sequence comprises 10 photographic images, set in 2 rows, showing movement from front of subject. Second sequence comprises 10 photographic images, in 1 row, showing movement from right hand side of the subject.</p></scopecontent>",
"ephemera": null,
"schema": null
},
"id": "C9317658",
"isParent": false,
"catalogueLevel": 7,
"parentId": "C326133",
"DescriptionText": "\"Photograph of male arising from couch and stretching arms, plate 260.\" \nSheet comprises two sequences. First sequence comprises 10 photographic images, set in 2 rows, showing movement from front of subject. Second sequence comprises 10 photographic images, in 1 row, showing movement from right hand side of the subject."
},
"C9317659": {
"catalogueId": -4603747,
"citableReference": "COPY 1/385/61",
"coveringFromDate": 18870425,
"coveringToDate": 18870425,
"scopeContent": {
"placeNames": [],
"description": "<scopecontent><p>&#34Photograph of female getting into hammock, plate 261.&#34 </p> <p>Sheet comprises sequence of 24 photographic images, of varying width, set in 3 rows, showing movement from front, back, and left hand side, of the subject.</p></scopecontent>",
"ephemera": null,
"schema": null
},
"id": "C9317659",
"isParent": false,
"catalogueLevel": 7,
"parentId": "C326133",
"DescriptionText": "\"Photograph of female getting into hammock, plate 261.\" \nSheet comprises sequence of 24 photographic images, of varying width, set in 3 rows, showing movement from front, back, and left hand side, of the subject."
},
"C9317660": {
"catalogueId": -4603748,
"citableReference": "COPY 1/385/62",
"coveringFromDate": 18870425,
"coveringToDate": 18870425,
"scopeContent": {
"placeNames": [],
"description": "<scopecontent><p>&#34Photograph of female getting out of hammock, plate 262.&#34 </p> <p>Sheet comprises sequence of 33 photographic images, set in 3 rows, showing movement from the back, and left hand side, of the subject.</p></scopecontent>",
"ephemera": null,
"schema": null
},
"id": "C9317660",
"isParent": false,
"catalogueLevel": 7,
"parentId": "C326133",
"DescriptionText": "\"Photograph of female getting out of hammock, plate 262.\" \nSheet comprises sequence of 33 photographic images, set in 3 rows, showing movement from the back, and left hand side, of the subject."
},
"C9317661": {
"catalogueId": -4603749,
"citableReference": "COPY 1/385/63",
"coveringFromDate": 18870425,
"coveringToDate": 18870425,
"scopeContent": {
"placeNames": [],
"description": "<scopecontent><p>&#34Photograph of female getting into bed, plate 263.&#34 </p> <p>Sheet comprises sequence of 36 photographic images, set in 3 rows, showing movement from back,, left hand side, and right hand side, of the subject.</p></scopecontent>",
"ephemera": null,
"schema": null
},
"id": "C9317661",
"isParent": false,
"catalogueLevel": 7,
"parentId": "C326133",
"DescriptionText": "\"Photograph of female getting into bed, plate 263.\" \nSheet comprises sequence of 36 photographic images, set in 3 rows, showing movement from back,, left hand side, and right hand side, of the subject."
},
"C9317662": {
"catalogueId": -4603750,
"citableReference": "COPY 1/385/64",
"coveringFromDate": 18870425,
"coveringToDate": 18870425,
"scopeContent": {
"placeNames": [],
"description": "<scopecontent><p>&#34Photograph of female getting out of bed and preparing to kneel, plate 264.&#34 </p> <p>Sheet comprises sequence of 36 photographic images, of varying width, set in 3 rows, showing movement from front and back of the subject.</p></scopecontent>",
"ephemera": null,
"schema": null
},
"id": "C9317662",
"isParent": false,
"catalogueLevel": 7,
"parentId": "C326133",
"DescriptionText": "\"Photograph of female getting out of bed and preparing to kneel, plate 264.\" \nSheet comprises sequence of 36 photographic images, of varying width, set in 3 rows, showing movement from front and back of the subject."
},
"C9317663": {
"catalogueId": -4603751,
"citableReference": "COPY 1/385/65",
"coveringFromDate": 18870425,
"coveringToDate": 18870425,
"scopeContent": {
"placeNames": [],
"description": "<scopecontent><p>&#34Photograph of female getting out of bed, plate 265.&#34 </p> <p>Sheet comprises sequence of 27 photographic images, set in 3 rows, showing movement from front, right hand side, and back, of the subject.</p></scopecontent>",
"ephemera": null,
"schema": null
},
"id": "C9317663",
"isParent": false,
"catalogueLevel": 7,
"parentId": "C326133",
"DescriptionText": "\"Photograph of female getting out of bed, plate 265.\" \nSheet comprises sequence of 27 photographic images, set in 3 rows, showing movement from front, right hand side, and back, of the subject."
},
"C9317664": {
"catalogueId": -4603752,
"citableReference": "COPY 1/385/66",
"coveringFromDate": 18870425,
"coveringToDate": 18870425,
"scopeContent": {
"placeNames": [],
"description": "<scopecontent><p>&#34Photograph of female turning and changing position while on the ground, plate 266.&#34 </p> <p>The photographic sheet is missing.</p></scopecontent>",
"ephemera": null,
"schema": null
},
"id": "C9317664",
"isParent": false,
"catalogueLevel": 7,
"parentId": "C326133",
"DescriptionText": "\"Photograph of female turning and changing position while on the ground, plate 266.\" \nThe photographic sheet is missing."
},
"C9317665": {
"catalogueId": -4603753,
"citableReference": "COPY 1/385/67",
"coveringFromDate": 18870425,
"coveringToDate": 18870425,
"scopeContent": {
"placeNames": [],
"description": "<scopecontent><p>&#34Photograph of female turning and changing position while on the ground, plate 267.&#34 </p> <p>Sheet comprises sequence of 21 photographic images, set in 3 rows, showing movement from front, back, and left hand side, of the dressed subject.</p></scopecontent>",
"ephemera": null,
"schema": null
},
"id": "C9317665",
"isParent": false,
"catalogueLevel": 7,
"parentId": "C326133",
"DescriptionText": "\"Photograph of female turning and changing position while on the ground, plate 267.\" \nSheet comprises sequence of 21 photographic images, set in 3 rows, showing movement from front, back, and left hand side, of the dressed subject."
},
"C9317666": {
"catalogueId": -4603754,
"citableReference": "COPY 1/385/68",
"coveringFromDate": 18870425,
"coveringToDate": 18870425,
"scopeContent": {
"placeNames": [],
"description": "<scopecontent><p>&#34Photograph of female arising from the ground, plate 268.&#34 </p> <p>Sheet comprises sequence of 36 photographic images, of varying width, set in 3 rows, showing movement from front and back of the subject.</p></scopecontent>",
"ephemera": null,
"schema": null
},
"id": "C9317666",
"isParent": false,
"catalogueLevel": 7,
"parentId": "C326133",
"DescriptionText": "\"Photograph of female arising from the ground, plate 268.\" \nSheet comprises sequence of 36 photographic images, of varying width, set in 3 rows, showing movement from front and back of the subject."
},
"C9317667": {
"catalogueId": -4603755,
"citableReference": "COPY 1/385/69",
"coveringFromDate": 18870425,
"coveringToDate": 18870425,
"scopeContent": {
"placeNames": [],
"description": "<scopecontent><p>&#34Photograph of female arising from the ground with newspaper in left hand, plate 269.&#34 </p> <p>Sheet comprises sequence of 30 photographic images, of varying width, set in 3 rows, showing movement from left hand side, back, at around 45 degrees to the left, and front, at around 45 degrees to the right, of the subject.</p></scopecontent>",
"ephemera": null,
"schema": null
},
"id": "C9317667",
"isParent": false,
"catalogueLevel": 7,
"parentId": "C326133",
"DescriptionText": "\"Photograph of female arising from the ground with newspaper in left hand, plate 269.\" \nSheet comprises sequence of 30 photographic images, of varying width, set in 3 rows, showing movement from left hand side, back, at around 45 degrees to the left, and front, at around 45 degrees to the right, of the subject."
},
"C9317668": {
"catalogueId": -4603756,
"citableReference": "COPY 1/385/70",
"coveringFromDate": 18870425,
"coveringToDate": 18870425,
"scopeContent": {
"placeNames": [],
"description": "<scopecontent><p>&#34Photograph of female arising from the ground with pamphlet in left hand, plate 270.&#34 </p> <p>Sheet comprises two alternating image sequences of varying height. First sequence comprises 17 photographic images, set in 3 rows, showing movement from front, right hand side, and left hand side, of subject. Second sequence comprises 19 photographic images, in 3 rows, showing movement from front, right hand side, and left hand side, of subject. </p></scopecontent>",
"ephemera": null,
"schema": null
},
"id": "C9317668",
"isParent": false,
"catalogueLevel": 7,
"parentId": "C326133",
"DescriptionText": "\"Photograph of female arising from the ground with pamphlet in left hand, plate 270.\" \nSheet comprises two alternating image sequences of varying height. First sequence comprises 17 photographic images, set in 3 rows, showing movement from front, right hand side, and left hand side, of subject. Second sequence comprises 19 photographic images, in 3 rows, showing movement from front, right hand side, and left hand side, of subject. "
},
"C9317669": {
"catalogueId": -4603757,
"citableReference": "COPY 1/385/71",
"coveringFromDate": 18870425,
"coveringToDate": 18870425,
"scopeContent": {
"placeNames": [],
"description": "<scopecontent><p>&#34Photograph of female arising from the ground with a paper, plate 271.&#34 </p> <p>Sheet comprises sequence of 36 photographic images, set in 3 rows, showing movement from left hand side, front, and back, at around 45 degrees to the right, of the subject.</p></scopecontent>",
"ephemera": null,
"schema": null
},
"id": "C9317669",
"isParent": false,
"catalogueLevel": 7,
"parentId": "C326133",
"DescriptionText": "\"Photograph of female arising from the ground with a paper, plate 271.\" \nSheet comprises sequence of 36 photographic images, set in 3 rows, showing movement from left hand side, front, and back, at around 45 degrees to the right, of the subject."
},
"C9317670": {
"catalogueId": -4603758,
"citableReference": "COPY 1/385/72",
"coveringFromDate": 18870425,
"coveringToDate": 18870425,
"scopeContent": {
"placeNames": [],
"description": "<scopecontent><p>&#34Photograph of female stumbling and falling on the ground, plate 272.&#34 </p> <p>Sheet comprises two alternating image sequences of varying height. First sequence comprises 21 photographic images, of varying width, set in 3 rows, showing movement from right hand side, front and back of subject. Second sequence comprises 10 photographic images, in 2 rows, showing movement from right hand side and front of the subject.</p></scopecontent>",
"ephemera": null,
"schema": null
},
"id": "C9317670",
"isParent": false,
"catalogueLevel": 7,
"parentId": "C326133",
"DescriptionText": "\"Photograph of female stumbling and falling on the ground, plate 272.\" \nSheet comprises two alternating image sequences of varying height. First sequence comprises 21 photographic images, of varying width, set in 3 rows, showing movement from right hand side, front and back of subject. Second sequence comprises 10 photographic images, in 2 rows, showing movement from right hand side and front of the subject."
},
"C9317671": {
"catalogueId": -4603759,
"citableReference": "COPY 1/385/73",
"coveringFromDate": 18870425,
"coveringToDate": 18870425,
"scopeContent": {
"placeNames": [],
"description": "<scopecontent><p>&#34Photograph of male, baseball pitching, plate 273.&#34 </p> <p>The photographic sheet is missing.</p></scopecontent>",
"ephemera": null,
"schema": null
},
"id": "C9317671",
"isParent": false,
"catalogueLevel": 7,
"parentId": "C326133",
"DescriptionText": "\"Photograph of male, baseball pitching, plate 273.\" \nThe photographic sheet is missing."
},
"C9317672": {
"catalogueId": -4603760,
"citableReference": "COPY 1/385/74",
"coveringFromDate": 18870425,
"coveringToDate": 18870425,
"scopeContent": {
"placeNames": [],
"description": "<scopecontent><p>&#34Photograph of male, baseball batting, plate 274.&#34 </p> <p>Sheet comprises sequence of 24 photographic images, set in 4 rows, showing movement from leftt hand side, front, right hand side and, again, front of subject. </p></scopecontent>",
"ephemera": null,
"schema": null
},
"id": "C9317672",
"isParent": false,
"catalogueLevel": 7,
"parentId": "C326133",
"DescriptionText": "\"Photograph of male, baseball batting, plate 274.\" \nSheet comprises sequence of 24 photographic images, set in 4 rows, showing movement from leftt hand side, front, right hand side and, again, front of subject. "
},
"C9317673": {
"catalogueId": -4603761,
"citableReference": "COPY 1/385/75",
"coveringFromDate": 18870425,
"coveringToDate": 18870425,
"scopeContent": {
"placeNames": [],
"description": "<scopecontent><p>&#34Photograph of male, baseball batting ( low ball) plate 275.&#34 </p> <p>Sheet comprises two sequences. First sequence comprises 12 photographic images, set in 2 rows, showing movement from front and right hand side of subject. Second sequence comprises 12 photographic images, in 1 row, showing movement from back of the subject.</p></scopecontent>",
"ephemera": null,
"schema": null
},
"id": "C9317673",
"isParent": false,
"catalogueLevel": 7,
"parentId": "C326133",
"DescriptionText": "\"Photograph of male, baseball batting ( low ball) plate 275.\" \nSheet comprises two sequences. First sequence comprises 12 photographic images, set in 2 rows, showing movement from front and right hand side of subject. Second sequence comprises 12 photographic images, in 1 row, showing movement from back of the subject."
},
"C9317674": {
"catalogueId": -4603762,
"citableReference": "COPY 1/385/76",
"coveringFromDate": 18870425,
"coveringToDate": 18870425,
"scopeContent": {
"placeNames": [],
"description": "<scopecontent><p>&#34Photograph of male, baseball batting, plate 276.&#34 </p> <p>Sheet comprises sequence of 24 photographic images, set in 3 rows, showing movement from front, right hand side, and left hand side, of the subject.</p></scopecontent>",
"ephemera": null,
"schema": null
},
"id": "C9317674",
"isParent": false,
"catalogueLevel": 7,
"parentId": "C326133",
"DescriptionText": "\"Photograph of male, baseball batting, plate 276.\" \nSheet comprises sequence of 24 photographic images, set in 3 rows, showing movement from front, right hand side, and left hand side, of the subject."
},
"C9317675": {
"catalogueId": -4603763,
"citableReference": "COPY 1/385/77",
"coveringFromDate": 18870425,
"coveringToDate": 18870425,
"scopeContent": {
"placeNames": [],
"description": "<scopecontent><p>&#34Photograph of male, baseball batting, plate 277.&#34 </p> <p>Sheet comprises sequence of 24 photographic images, set in 3 rows, showing movement from right hand side, back and front, of the subject.</p></scopecontent>",
"ephemera": null,
"schema": null
},
"id": "C9317675",
"isParent": false,
"catalogueLevel": 7,
"parentId": "C326133",
"DescriptionText": "\"Photograph of male, baseball batting, plate 277.\" \nSheet comprises sequence of 24 photographic images, set in 3 rows, showing movement from right hand side, back and front, of the subject."
},
"C9317676": {
"catalogueId": -4603764,
"citableReference": "COPY 1/385/78",
"coveringFromDate": 18870425,
"coveringToDate": 18870425,
"scopeContent": {
"placeNames": [],
"description": "<scopecontent><p>&#34Photograph of male, baseball batting, plate 278.&#34 </p> <p>Sheet comprises sequence of 16 photographic images, of varying width, set in 2 rows, showing movement from left hand side and front of subject. </p></scopecontent>",
"ephemera": null,
"schema": null
},
"id": "C9317676",
"isParent": false,
"catalogueLevel": 7,
"parentId": "C326133",
"DescriptionText": "\"Photograph of male, baseball batting, plate 278.\" \nSheet comprises sequence of 16 photographic images, of varying width, set in 2 rows, showing movement from left hand side and front of subject. "
},
"C9317677": {
"catalogueId": -4603765,
"citableReference": "COPY 1/385/79",
"coveringFromDate": 18870425,
"coveringToDate": 18870425,
"scopeContent": {
"placeNames": [],
"description": "<scopecontent><p>&#34Photograph of male, baseball batting, plate 279.&#34 </p> <p>Sheet comprises sequence of 16 photographic images, set in 2 rows, showing movement from right hand side and back of subject. </p></scopecontent>",
"ephemera": null,
"schema": null
},
"id": "C9317677",
"isParent": false,
"catalogueLevel": 7,
"parentId": "C326133",
"DescriptionText": "\"Photograph of male, baseball batting, plate 279.\" \nSheet comprises sequence of 16 photographic images, set in 2 rows, showing movement from right hand side and back of subject. "
},
"C9317678": {
"catalogueId": -4603766,
"citableReference": "COPY 1/385/80",
"coveringFromDate": 18870425,
"coveringToDate": 18870425,
"scopeContent": {
"placeNames": [],
"description": "<scopecontent><p>&#34Photograph of male, baseball catching, plate 280.&#34 </p> <p>Sheet comprises sequence of 24 photographic images, set in 4 rows, showing movement from front and right hand side of subject. </p></scopecontent>",
"ephemera": null,
"schema": null
},
"id": "C9317678",
"isParent": false,
"catalogueLevel": 7,
"parentId": "C326133",
"DescriptionText": "\"Photograph of male, baseball catching, plate 280.\" \nSheet comprises sequence of 24 photographic images, set in 4 rows, showing movement from front and right hand side of subject. "
},
"C9317679": {
"catalogueId": -4603767,
"citableReference": "COPY 1/385/81",
"coveringFromDate": 18870425,
"coveringToDate": 18870425,
"scopeContent": {
"placeNames": [],
"description": "<scopecontent><p>&#34Photograph of male, baseball catching and throwing, plate 281.&#34 </p> <p>Sheet comprises sequence of 18 photographic images, of varying width, set in 2 rows, showing movement from left hand side and right hand side of subject. </p></scopecontent>",
"ephemera": null,
"schema": null
},
"id": "C9317679",
"isParent": false,
"catalogueLevel": 7,
"parentId": "C326133",
"DescriptionText": "\"Photograph of male, baseball catching and throwing, plate 281.\" \nSheet comprises sequence of 18 photographic images, of varying width, set in 2 rows, showing movement from left hand side and right hand side of subject. "
},
"C9317680": {
"catalogueId": -4603768,
"citableReference": "COPY 1/385/82",
"coveringFromDate": 18870425,
"coveringToDate": 18870425,
"scopeContent": {
"placeNames": [],
"description": "<scopecontent><p>&#34Photograph of male, baseball catching and throwing, plate 282.&#34 </p> <p>Sheet comprises sequence of 20 photographic images, set in 4 rows, showing movement from right hand side and back of subject. </p></scopecontent>",
"ephemera": null,
"schema": null
},
"id": "C9317680",
"isParent": false,
"catalogueLevel": 7,
"parentId": "C326133",
"DescriptionText": "\"Photograph of male, baseball catching and throwing, plate 282.\" \nSheet comprises sequence of 20 photographic images, set in 4 rows, showing movement from right hand side and back of subject. "
},
"C9317681": {
"catalogueId": -4603769,
"citableReference": "COPY 1/385/83",
"coveringFromDate": 18870425,
"coveringToDate": 18870425,
"scopeContent": {
"placeNames": [],
"description": "<scopecontent><p>&#34Photograph of male, baseball catching and throwing, plate 283.&#34 </p> <p>Sheet comprises sequence of 24 photographic images, set in 4 rows, showing movement from leftt hand side, front, and back of subject. </p></scopecontent>",
"ephemera": null,
"schema": null
},
"id": "C9317681",
"isParent": false,
"catalogueLevel": 7,
"parentId": "C326133",
"DescriptionText": "\"Photograph of male, baseball catching and throwing, plate 283.\" \nSheet comprises sequence of 24 photographic images, set in 4 rows, showing movement from leftt hand side, front, and back of subject. "
},
"C9317682": {
"catalogueId": -4603770,
"citableReference": "COPY 1/385/84",
"coveringFromDate": 18870425,
"coveringToDate": 18870425,
"scopeContent": {
"placeNames": [],
"description": "<scopecontent><p>&#34Photograph of male, baseball catching and throwing, plate 284.&#34 </p> <p>Sheet comprises sequence of 24 photographic images, set in 2 rows, showing movement from right hand side and back of subject. </p></scopecontent>",
"ephemera": null,
"schema": null
},
"id": "C9317682",
"isParent": false,
"catalogueLevel": 7,
"parentId": "C326133",
"DescriptionText": "\"Photograph of male, baseball catching and throwing, plate 284.\" \nSheet comprises sequence of 24 photographic images, set in 2 rows, showing movement from right hand side and back of subject. "
},
"C9317683": {
"catalogueId": -4603771,
"citableReference": "COPY 1/385/85",
"coveringFromDate": 18870425,
"coveringToDate": 18870425,
"scopeContent": {
"placeNames": [],
"description": "<scopecontent><p>&#34Photograph of male, baseball catching and throwing, plate 285.&#34 </p> <p>Sheet comprises sequence of 24 photographic images, set in 2 rows, showing movement from right hand side and back of subject. </p></scopecontent>",
"ephemera": null,
"schema": null
},
"id": "C9317683",
"isParent": false,
"catalogueLevel": 7,
"parentId": "C326133",
"DescriptionText": "\"Photograph of male, baseball catching and throwing, plate 285.\" \nSheet comprises sequence of 24 photographic images, set in 2 rows, showing movement from right hand side and back of subject. "
},
"C9317684": {
"catalogueId": -4603772,
"citableReference": "COPY 1/385/86",
"coveringFromDate": 18870425,
"coveringToDate": 18870425,
"scopeContent": {
"placeNames": [],
"description": "<scopecontent><p>&#34Photograph of male, baseball throwing, plate 286.&#34 </p> <p>Sheet comprises sequence of 24 photographic images, set in 4 rows, showing movement from front, back and right hand side of subject. </p></scopecontent>",
"ephemera": null,
"schema": null
},
"id": "C9317684",
"isParent": false,
"catalogueLevel": 7,
"parentId": "C326133",
"DescriptionText": "\"Photograph of male, baseball throwing, plate 286.\" \nSheet comprises sequence of 24 photographic images, set in 4 rows, showing movement from front, back and right hand side of subject. "
},
"C9317685": {
"catalogueId": -4603773,
"citableReference": "COPY 1/385/87",
"coveringFromDate": 18870425,
"coveringToDate": 18870425,
"scopeContent": {
"placeNames": [],
"description": "<scopecontent><p>&#34Photograph of male, baseball, running and picking up ball, plate 287.&#34 </p> <p>Sheet comprises sequence of 22 photographic images, set in 2 rows, showing movement from right hand side and back of subject. </p></scopecontent>",
"ephemera": null,
"schema": null
},
"id": "C9317685",
"isParent": false,
"catalogueLevel": 7,
"parentId": "C326133",
"DescriptionText": "\"Photograph of male, baseball, running and picking up ball, plate 287.\" \nSheet comprises sequence of 22 photographic images, set in 2 rows, showing movement from right hand side and back of subject. "
},
"C9317686": {
"catalogueId": -4603774,
"citableReference": "COPY 1/385/88",
"coveringFromDate": 18870425,
"coveringToDate": 18870425,
"scopeContent": {
"placeNames": [],
"description": "<scopecontent><p>&#34Photograph of male, baseball error, plate 288.&#34 </p> <p>Sheet comprises sequence of 20 photographic images, set in 4 rows, showing movement from front and back of subject. </p></scopecontent>",
"ephemera": null,
"schema": null
},
"id": "C9317686",
"isParent": false,
"catalogueLevel": 7,
"parentId": "C326133",
"DescriptionText": "\"Photograph of male, baseball error, plate 288.\" \nSheet comprises sequence of 20 photographic images, set in 4 rows, showing movement from front and back of subject. "
},
"C9317687": {
"catalogueId": -4603775,
"citableReference": "COPY 1/385/89",
"coveringFromDate": 18870425,
"coveringToDate": 18870425,
"scopeContent": {
"placeNames": [],
"description": "<scopecontent><p>&#34Photograph of male, cricket, round arm bowling, plate 289.&#34 </p> <p>Sheet comprises sequence of 24 photographic images, set in 2 rows, showing movement from front and back of subject. </p></scopecontent>",
"ephemera": null,
"schema": null
},
"id": "C9317687",
"isParent": false,
"catalogueLevel": 7,
"parentId": "C326133",
"DescriptionText": "\"Photograph of male, cricket, round arm bowling, plate 289.\" \nSheet comprises sequence of 24 photographic images, set in 2 rows, showing movement from front and back of subject. "
},
"C9317688": {
"catalogueId": -4603776,
"citableReference": "COPY 1/385/90",
"coveringFromDate": 18870425,
"coveringToDate": 18870425,
"scopeContent": {
"placeNames": [],
"description": "<scopecontent><p>&#34Photograph of male, cricket, bowling over, plate 290.&#34 </p> <p>Sheet comprises sequence of 24 photographic images, set in 2 rows, showing movement from front and back of subject. </p></scopecontent>",
"ephemera": null,
"schema": null
},
"id": "C9317688",
"isParent": false,
"catalogueLevel": 7,
"parentId": "C326133",
"DescriptionText": "\"Photograph of male, cricket, bowling over, plate 290.\" \nSheet comprises sequence of 24 photographic images, set in 2 rows, showing movement from front and back of subject. "
},
"C9317689": {
"catalogueId": -4603777,
"citableReference": "COPY 1/385/91",
"coveringFromDate": 18870425,
"coveringToDate": 18870425,
"scopeContent": {
"placeNames": [],
"description": "<scopecontent><p>&#34Photograph of male, cricket, batting, drive, plate 291.&#34 </p> <p>Sheet comprises sequence of 24 photographic images, set in 2 rows, showing movement from front and back of subject. </p></scopecontent>",
"ephemera": null,
"schema": null
},
"id": "C9317689",
"isParent": false,
"catalogueLevel": 7,
"parentId": "C326133",
"DescriptionText": "\"Photograph of male, cricket, batting, drive, plate 291.\" \nSheet comprises sequence of 24 photographic images, set in 2 rows, showing movement from front and back of subject. "
},
"C9317690": {
"catalogueId": -4603778,
"citableReference": "COPY 1/385/92",
"coveringFromDate": 18870425,
"coveringToDate": 18870425,
"scopeContent": {
"placeNames": [],
"description": "<scopecontent><p>&#34Photograph of male, cricket, batting, back cut, plate 292.&#34 </p> <p>Sheet comprises sequence of 24 photographic images, set in 2 rows, showing movement from back of subject. </p></scopecontent>",
"ephemera": null,
"schema": null
},
"id": "C9317690",
"isParent": false,
"catalogueLevel": 7,
"parentId": "C326133",
"DescriptionText": "\"Photograph of male, cricket, batting, back cut, plate 292.\" \nSheet comprises sequence of 24 photographic images, set in 2 rows, showing movement from back of subject. "
},
"C9317691": {
"catalogueId": -4603779,
"citableReference": "COPY 1/385/93",
"coveringFromDate": 18870425,
"coveringToDate": 18870425,
"scopeContent": {
"placeNames": [],
"description": "<scopecontent><p>&#34Photograph of male, cricket, batting, back cut, plate 293.&#34 </p> <p>Sheet comprises sequence of 24 photographic images, set in 2 rows, showing movement from back and front of subject. </p></scopecontent>",
"ephemera": null,
"schema": null
},
"id": "C9317691",
"isParent": false,
"catalogueLevel": 7,
"parentId": "C326133",
"DescriptionText": "\"Photograph of male, cricket, batting, back cut, plate 293.\" \nSheet comprises sequence of 24 photographic images, set in 2 rows, showing movement from back and front of subject. "
},
"C9317692": {
"catalogueId": -4603780,
"citableReference": "COPY 1/385/94",
"coveringFromDate": 18870425,
"coveringToDate": 18870425,
"scopeContent": {
"placeNames": [],
"description": "<scopecontent><p>&#34Photograph of male, lawn tennis, serving, plate 294.&#34 </p> <p>Sheet comprises sequence of 20 photographic images, set in 2 rows, showing movement from front and back of subject. </p></scopecontent>",
"ephemera": null,
"schema": null
},
"id": "C9317692",
"isParent": false,
"catalogueLevel": 7,
"parentId": "C326133",
"DescriptionText": "\"Photograph of male, lawn tennis, serving, plate 294.\" \nSheet comprises sequence of 20 photographic images, set in 2 rows, showing movement from front and back of subject. "
},
"C9317693": {
"catalogueId": -4603781,
"citableReference": "COPY 1/385/95",
"coveringFromDate": 18870425,
"coveringToDate": 18870425,
"scopeContent": {
"placeNames": [],
"description": "<scopecontent><p>&#34Photograph of female, lawn tennis, plate 295.&#34 </p> <p>Sheet comprises sequence of 24 photographic images, set in 3 rows, showing movement from right hand side, front and back of dressed subject. </p></scopecontent>",
"ephemera": null,
"schema": null
},
"id": "C9317693",
"isParent": false,
"catalogueLevel": 7,
"parentId": "C326133",
"DescriptionText": "\"Photograph of female, lawn tennis, plate 295.\" \nSheet comprises sequence of 24 photographic images, set in 3 rows, showing movement from right hand side, front and back of dressed subject. "
},
"C9317694": {
"catalogueId": -4603782,
"citableReference": "COPY 1/385/96",
"coveringFromDate": 18870425,
"coveringToDate": 18870425,
"scopeContent": {
"placeNames": [],
"description": "<scopecontent><p>&#34Photograph of female, lawn tennis, plate 296.&#34 </p> <p>Sheet comprises sequence of 24 photographic images, set in 3 rows, showing movement from right hand side, front and back of dressed subject. </p></scopecontent>",
"ephemera": null,
"schema": null
},
"id": "C9317694",
"isParent": false,
"catalogueLevel": 7,
"parentId": "C326133",
"DescriptionText": "\"Photograph of female, lawn tennis, plate 296.\" \nSheet comprises sequence of 24 photographic images, set in 3 rows, showing movement from right hand side, front and back of dressed subject. "
},
"C9317695": {
"catalogueId": -4603783,
"citableReference": "COPY 1/385/97",
"coveringFromDate": 18870425,
"coveringToDate": 18870425,
"scopeContent": {
"placeNames": [],
"description": "<scopecontent><p>&#34Photograph of female, lawn tennis, plate 297.&#34 </p> <p>Sheet comprises sequence of 24 photographic images, set in 3 rows, showing movement from right hand side, front and back of dressed subject. </p></scopecontent>",
"ephemera": null,
"schema": null
},
"id": "C9317695",
"isParent": false,
"catalogueLevel": 7,
"parentId": "C326133",
"DescriptionText": "\"Photograph of female, lawn tennis, plate 297.\" \nSheet comprises sequence of 24 photographic images, set in 3 rows, showing movement from right hand side, front and back of dressed subject. "
},
"C9317696": {
"catalogueId": -4603784,
"citableReference": "COPY 1/385/98",
"coveringFromDate": 18870425,
"coveringToDate": 18870425,
"scopeContent": {
"placeNames": [],
"description": "<scopecontent><p>&#34Photograph of female, lawn tennis, plate 298.&#34 </p> <p>Sheet comprises sequence of 21 photographic images, set in 3 rows, showing movement from right hand side, front and back of dressed subject. </p></scopecontent>",
"ephemera": null,
"schema": null
},
"id": "C9317696",
"isParent": false,
"catalogueLevel": 7,
"parentId": "C326133",
"DescriptionText": "\"Photograph of female, lawn tennis, plate 298.\" \nSheet comprises sequence of 21 photographic images, set in 3 rows, showing movement from right hand side, front and back of dressed subject. "
},
"C9317697": {
"catalogueId": -4603785,
"citableReference": "COPY 1/385/99",
"coveringFromDate": 18870425,
"coveringToDate": 18870425,
"scopeContent": {
"placeNames": [],
"description": "<scopecontent><p>&#34Photograph of female, playing with a ball, plate 299.&#34 </p> <p>Sheet comprises sequence of 24 photographic images, set in 3 rows, showing movement from right hand side and front of dressed subject. </p></scopecontent>",
"ephemera": null,
"schema": null
},
"id": "C9317697",
"isParent": false,
"catalogueLevel": 7,
"parentId": "C326133",
"DescriptionText": "\"Photograph of female, playing with a ball, plate 299.\" \nSheet comprises sequence of 24 photographic images, set in 3 rows, showing movement from right hand side and front of dressed subject. "
},
"C9317698": {
"catalogueId": -4603786,
"citableReference": "COPY 1/385/100",
"coveringFromDate": 18870425,
"coveringToDate": 18870425,
"scopeContent": {
"placeNames": [],
"description": "<scopecontent><p>&#34Photograph of male, football, drop kick, plate 300.&#34 </p> <p>Sheet comprises sequence of 30 photographic images, of varying width, set in 5 rows, showing movement from left hand side, front and back of subject. </p></scopecontent>",
"ephemera": null,
"schema": null
},
"id": "C9317698",
"isParent": false,
"catalogueLevel": 7,
"parentId": "C326133",
"DescriptionText": "\"Photograph of male, football, drop kick, plate 300.\" \nSheet comprises sequence of 30 photographic images, of varying width, set in 5 rows, showing movement from left hand side, front and back of subject. "
}
}