{
"C9317701": {
"catalogueId": -4603789,
"citableReference": "COPY 1/383/1",
"coveringFromDate": 18870519,
"coveringToDate": 18870519,
"scopeContent": {
"placeNames": [],
"description": "<scopecontent><p>Item number not used.</p></scopecontent>",
"ephemera": null,
"schema": null
},
"id": "C9317701",
"isParent": false,
"catalogueLevel": 7,
"parentId": "C326131",
"DescriptionText": "Item number not used."
},
"C9317702": {
"catalogueId": -4603790,
"citableReference": "COPY 1/383/2",
"coveringFromDate": 18870511,
"coveringToDate": 18870511,
"scopeContent": {
"placeNames": [],
"description": "<scopecontent><p>Item number not used.</p></scopecontent>",
"ephemera": null,
"schema": null
},
"id": "C9317702",
"isParent": false,
"catalogueLevel": 7,
"parentId": "C326131",
"DescriptionText": "Item number not used."
},
"C9317703": {
"catalogueId": -4603791,
"citableReference": "COPY 1/383/3",
"coveringFromDate": 18870511,
"coveringToDate": 18870511,
"scopeContent": {
"placeNames": [],
"description": "<scopecontent><p>Item number not used. </p></scopecontent>",
"ephemera": null,
"schema": null
},
"id": "C9317703",
"isParent": false,
"catalogueLevel": 7,
"parentId": "C326131",
"DescriptionText": "Item number not used. "
},
"C9317704": {
"catalogueId": -4603792,
"citableReference": "COPY 1/383/4",
"coveringFromDate": 18870520,
"coveringToDate": 18870520,
"scopeContent": {
"placeNames": [],
"description": "<scopecontent><p>Item number not used.</p></scopecontent>",
"ephemera": null,
"schema": null
},
"id": "C9317704",
"isParent": false,
"catalogueLevel": 7,
"parentId": "C326131",
"DescriptionText": "Item number not used."
},
"C9317705": {
"catalogueId": -4603793,
"citableReference": "COPY 1/383/5",
"coveringFromDate": 18870425,
"coveringToDate": 18870425,
"scopeContent": {
"placeNames": [],
"description": "<scopecontent><p>&#34Photograph of male walking, plate 1.&#34 </p> <p> Sheet comprises sequence of 36 photographic images, set in 3 rows, showing movement from right hand side, front and back of subject.</p></scopecontent>",
"ephemera": null,
"schema": null
},
"id": "C9317705",
"isParent": false,
"catalogueLevel": 7,
"parentId": "C326131",
"DescriptionText": "\"Photograph of male walking, plate 1.\" \n Sheet comprises sequence of 36 photographic images, set in 3 rows, showing movement from right hand side, front and back of subject."
},
"C9317706": {
"catalogueId": -4603794,
"citableReference": "COPY 1/383/6",
"coveringFromDate": 18870425,
"coveringToDate": 18870425,
"scopeContent": {
"placeNames": [],
"description": "<scopecontent><p>&#34Photograph of male walking, plate 2.&#34 </p> <p> Plate comprises sequence of 24 photographic images, set in 2 rows, showing movement from right hand side and back of subject. </p></scopecontent>",
"ephemera": null,
"schema": null
},
"id": "C9317706",
"isParent": false,
"catalogueLevel": 7,
"parentId": "C326131",
"DescriptionText": "\"Photograph of male walking, plate 2.\" \n Plate comprises sequence of 24 photographic images, set in 2 rows, showing movement from right hand side and back of subject. "
},
"C9317707": {
"catalogueId": -4603795,
"citableReference": "COPY 1/383/7",
"coveringFromDate": 18870425,
"coveringToDate": 18870425,
"scopeContent": {
"placeNames": [],
"description": "<scopecontent><p>&#34Photograph of male walking, plate 3.&#34 </p> <p>Sheet comprises sequence of 18 photographic images, set in 2 rows, showing movement from front and from the back, at around 45 degrees to right, of the subject. </p></scopecontent>",
"ephemera": null,
"schema": null
},
"id": "C9317707",
"isParent": false,
"catalogueLevel": 7,
"parentId": "C326131",
"DescriptionText": "\"Photograph of male walking, plate 3.\" \nSheet comprises sequence of 18 photographic images, set in 2 rows, showing movement from front and from the back, at around 45 degrees to right, of the subject. "
},
"C9317708": {
"catalogueId": -4603796,
"citableReference": "COPY 1/383/8",
"coveringFromDate": 18870425,
"coveringToDate": 18870425,
"scopeContent": {
"placeNames": [],
"description": "<scopecontent><p>&#34Photograph of male walking, plate 4.&#34 </p> <p>Sheet comprises sequence of 16 photographic images, set in 2 rows, showing movement from right side and front of subject. </p></scopecontent>",
"ephemera": null,
"schema": null
},
"id": "C9317708",
"isParent": false,
"catalogueLevel": 7,
"parentId": "C326131",
"DescriptionText": "\"Photograph of male walking, plate 4.\" \nSheet comprises sequence of 16 photographic images, set in 2 rows, showing movement from right side and front of subject. "
},
"C9317709": {
"catalogueId": -4603797,
"citableReference": "COPY 1/383/9",
"coveringFromDate": 18870425,
"coveringToDate": 18870425,
"scopeContent": {
"placeNames": [],
"description": "<scopecontent><p>&#34Photograph of male walking, plate 5.&#34 </p> <p>Sheet comprises sequence of 16 photographic images, set in 2 rows, showing movement from right hand side and front of subject.</p></scopecontent>",
"ephemera": null,
"schema": null
},
"id": "C9317709",
"isParent": false,
"catalogueLevel": 7,
"parentId": "C326131",
"DescriptionText": "\"Photograph of male walking, plate 5.\" \nSheet comprises sequence of 16 photographic images, set in 2 rows, showing movement from right hand side and front of subject."
},
"C9317710": {
"catalogueId": -4603798,
"citableReference": "COPY 1/383/10",
"coveringFromDate": 18870425,
"coveringToDate": 18870425,
"scopeContent": {
"placeNames": [],
"description": "<scopecontent><p>&#34Photograph of male walking, plate 6.&#34 </p> <p>Sheet comprises sequence of 12 photographic images, set in 2 rows, showing movement of subject from right hand side. </p></scopecontent>",
"ephemera": null,
"schema": null
},
"id": "C9317710",
"isParent": false,
"catalogueLevel": 7,
"parentId": "C326131",
"DescriptionText": "\"Photograph of male walking, plate 6.\" \nSheet comprises sequence of 12 photographic images, set in 2 rows, showing movement of subject from right hand side. "
},
"C9317711": {
"catalogueId": -4603799,
"citableReference": "COPY 1/383/11",
"coveringFromDate": 18870425,
"coveringToDate": 18870425,
"scopeContent": {
"placeNames": [],
"description": "<scopecontent><p>&#34Photograph of male walking, plate 7.&#34 </p> <p> Sheet comprises sequence of 12 photographic images, set in 2 rows, showing movement of subject from right hand side, and a further sequence of 12 images in 1 row, showing movement of subject from the back.</p></scopecontent>",
"ephemera": null,
"schema": null
},
"id": "C9317711",
"isParent": false,
"catalogueLevel": 7,
"parentId": "C326131",
"DescriptionText": "\"Photograph of male walking, plate 7.\" \n Sheet comprises sequence of 12 photographic images, set in 2 rows, showing movement of subject from right hand side, and a further sequence of 12 images in 1 row, showing movement of subject from the back."
},
"C9317712": {
"catalogueId": -4603800,
"citableReference": "COPY 1/383/12",
"coveringFromDate": 18870425,
"coveringToDate": 18870425,
"scopeContent": {
"placeNames": [],
"description": "<scopecontent><p>&#34Photograph of male walking, plate 8.&#34 </p> <p>Sheet comprises sequence of 16 photographic images, set in 2 rows, showing movement from right hand side and back of subject. </p></scopecontent>",
"ephemera": null,
"schema": null
},
"id": "C9317712",
"isParent": false,
"catalogueLevel": 7,
"parentId": "C326131",
"DescriptionText": "\"Photograph of male walking, plate 8.\" \nSheet comprises sequence of 16 photographic images, set in 2 rows, showing movement from right hand side and back of subject. "
},
"C9317713": {
"catalogueId": -4603801,
"citableReference": "COPY 1/383/13",
"coveringFromDate": 18870425,
"coveringToDate": 18870425,
"scopeContent": {
"placeNames": [],
"description": "<scopecontent><p>&#34Photograph of male walking, plate 9.&#34 </p> <p>Sheet comprises sequence of 16 photographic images, set in 2 rows, showing movement from right hand side and back of subject.</p></scopecontent>",
"ephemera": null,
"schema": null
},
"id": "C9317713",
"isParent": false,
"catalogueLevel": 7,
"parentId": "C326131",
"DescriptionText": "\"Photograph of male walking, plate 9.\" \nSheet comprises sequence of 16 photographic images, set in 2 rows, showing movement from right hand side and back of subject."
},
"C9317714": {
"catalogueId": -4603802,
"citableReference": "COPY 1/383/14",
"coveringFromDate": 18870425,
"coveringToDate": 18870425,
"scopeContent": {
"placeNames": [],
"description": "<scopecontent><p>&#34Photograph of male walking, plate 10.&#34 </p> <p>Sheet comprises sequence of 18 photographic images, set in 3 rows, showing movement from right hand side, front and back of subject. </p></scopecontent>",
"ephemera": null,
"schema": null
},
"id": "C9317714",
"isParent": false,
"catalogueLevel": 7,
"parentId": "C326131",
"DescriptionText": "\"Photograph of male walking, plate 10.\" \nSheet comprises sequence of 18 photographic images, set in 3 rows, showing movement from right hand side, front and back of subject. "
},
"C9317715": {
"catalogueId": -4603803,
"citableReference": "COPY 1/383/15",
"coveringFromDate": 18870425,
"coveringToDate": 18870425,
"scopeContent": {
"placeNames": [],
"description": "<scopecontent><p>&#34Photograph of male walking, plate 11.&#34 </p> <p>Sheet comprises sequence of 36 photographic images, set in 3 rows, showing movement from right hand side, front and back of subject.</p></scopecontent>",
"ephemera": null,
"schema": null
},
"id": "C9317715",
"isParent": false,
"catalogueLevel": 7,
"parentId": "C326131",
"DescriptionText": "\"Photograph of male walking, plate 11.\" \nSheet comprises sequence of 36 photographic images, set in 3 rows, showing movement from right hand side, front and back of subject."
},
"C9317716": {
"catalogueId": -4603804,
"citableReference": "COPY 1/383/16",
"coveringFromDate": 18870425,
"coveringToDate": 18870425,
"scopeContent": {
"placeNames": [],
"description": "<scopecontent><p>&#34Photograph of male walking, plate 12.&#34 Two males are shown in photographic sequence. </p> <p>Sheet comprises sequence of 12 photographic images, set in 2 rows, showing movement from right hand side, and a further sequence of 12 photographic images, set in 2 rows, showing movement from front of subject. </p></scopecontent>",
"ephemera": null,
"schema": null
},
"id": "C9317716",
"isParent": false,
"catalogueLevel": 7,
"parentId": "C326131",
"DescriptionText": "\"Photograph of male walking, plate 12.\" Two males are shown in photographic sequence. \nSheet comprises sequence of 12 photographic images, set in 2 rows, showing movement from right hand side, and a further sequence of 12 photographic images, set in 2 rows, showing movement from front of subject. "
},
"C9317717": {
"catalogueId": -4603805,
"citableReference": "COPY 1/383/17",
"coveringFromDate": 18870425,
"coveringToDate": 18870425,
"scopeContent": {
"placeNames": [],
"description": "<scopecontent><p>&#34Photograph of female walking, plate 13.&#34 </p> <p>Sheet comprises sequence of 36 photographic images, set in 3 rows, showing movement from right hand side, front and back, at around 45 degrees to the right, of the subject. </p></scopecontent>",
"ephemera": null,
"schema": null
},
"id": "C9317717",
"isParent": false,
"catalogueLevel": 7,
"parentId": "C326131",
"DescriptionText": "\"Photograph of female walking, plate 13.\" \nSheet comprises sequence of 36 photographic images, set in 3 rows, showing movement from right hand side, front and back, at around 45 degrees to the right, of the subject. "
},
"C9317718": {
"catalogueId": -4603806,
"citableReference": "COPY 1/383/18",
"coveringFromDate": 18870425,
"coveringToDate": 18870425,
"scopeContent": {
"placeNames": [],
"description": "<scopecontent><p>&#34Photograph of female walking, right hand at chin, plate 14.&#34 </p> <p> Sheet comprises sequence of 36 photographic images, set in 3 rows, showing movement from right hand side, back and front, at around 45 degrees to the left, of the subject. </p></scopecontent>",
"ephemera": null,
"schema": null
},
"id": "C9317718",
"isParent": false,
"catalogueLevel": 7,
"parentId": "C326131",
"DescriptionText": "\"Photograph of female walking, right hand at chin, plate 14.\" \n Sheet comprises sequence of 36 photographic images, set in 3 rows, showing movement from right hand side, back and front, at around 45 degrees to the left, of the subject. "
},
"C9317719": {
"catalogueId": -4603807,
"citableReference": "COPY 1/383/19",
"coveringFromDate": 18870425,
"coveringToDate": 18870425,
"scopeContent": {
"placeNames": [],
"description": "<scopecontent><p>&#34Photograph of female walking, arms at sides, plate 15.&#34 </p> <p>Sheet comprises sequence of 20 photographic images, set in 2 rows, showing movement from right hand side and back of subject. </p></scopecontent>",
"ephemera": null,
"schema": null
},
"id": "C9317719",
"isParent": false,
"catalogueLevel": 7,
"parentId": "C326131",
"DescriptionText": "\"Photograph of female walking, arms at sides, plate 15.\" \nSheet comprises sequence of 20 photographic images, set in 2 rows, showing movement from right hand side and back of subject. "
},
"C9317720": {
"catalogueId": -4603808,
"citableReference": "COPY 1/383/20",
"coveringFromDate": 18870425,
"coveringToDate": 18870425,
"scopeContent": {
"placeNames": [],
"description": "<scopecontent><p>&#34Photograph of female walking, plate 16.&#34 </p> <p>Sheet comprises sequence of 30 photographic images, set in 3 rows, showing movement from right hand side, front, at around 45 degrees to the left, and back, at around 45 degrees to the right, of the subject. </p></scopecontent>",
"ephemera": null,
"schema": null
},
"id": "C9317720",
"isParent": false,
"catalogueLevel": 7,
"parentId": "C326131",
"DescriptionText": "\"Photograph of female walking, plate 16.\" \nSheet comprises sequence of 30 photographic images, set in 3 rows, showing movement from right hand side, front, at around 45 degrees to the left, and back, at around 45 degrees to the right, of the subject. "
},
"C9317721": {
"catalogueId": -4603809,
"citableReference": "COPY 1/383/21",
"coveringFromDate": 18870425,
"coveringToDate": 18870425,
"scopeContent": {
"placeNames": [],
"description": "<scopecontent><p>&#34Photograph of female walking, arms hanging down, plate 17.&#34 </p> <p>Sheet comprises sequence of 24 photographic images, set in 2 rows, showing movement from right hand side and front of subject.</p></scopecontent>",
"ephemera": null,
"schema": null
},
"id": "C9317721",
"isParent": false,
"catalogueLevel": 7,
"parentId": "C326131",
"DescriptionText": "\"Photograph of female walking, arms hanging down, plate 17.\" \nSheet comprises sequence of 24 photographic images, set in 2 rows, showing movement from right hand side and front of subject."
},
"C9317722": {
"catalogueId": -4603810,
"citableReference": "COPY 1/383/22",
"coveringFromDate": 18870425,
"coveringToDate": 18870425,
"scopeContent": {
"placeNames": [],
"description": "<scopecontent><p>&#34Photograph of female walking, left hand across abdomen, plate 18.&#34 </p> <p>Sheet comprises sequence of 36 photographic images, set in 3 rows, showing movement from right hand side, back, and front, at around 45 degrees to the left, of the subject. </p></scopecontent>",
"ephemera": null,
"schema": null
},
"id": "C9317722",
"isParent": false,
"catalogueLevel": 7,
"parentId": "C326131",
"DescriptionText": "\"Photograph of female walking, left hand across abdomen, plate 18.\" \nSheet comprises sequence of 36 photographic images, set in 3 rows, showing movement from right hand side, back, and front, at around 45 degrees to the left, of the subject. "
},
"C9317723": {
"catalogueId": -4603811,
"citableReference": "COPY 1/383/23",
"coveringFromDate": 18870425,
"coveringToDate": 18870425,
"scopeContent": {
"placeNames": [],
"description": "<scopecontent><p>&#34Photograph of female walking, commencing to turn around, plate 19.&#34 </p> <p>Sheet comprises sequence of 12 photographic images, set in 3 rows, showing movement from right hand side, front, at around 45 degrees to the left, and back at around 45 degrees to the right, of the subject. </p></scopecontent>",
"ephemera": null,
"schema": null
},
"id": "C9317723",
"isParent": false,
"catalogueLevel": 7,
"parentId": "C326131",
"DescriptionText": "\"Photograph of female walking, commencing to turn around, plate 19.\" \nSheet comprises sequence of 12 photographic images, set in 3 rows, showing movement from right hand side, front, at around 45 degrees to the left, and back at around 45 degrees to the right, of the subject. "
},
"C9317724": {
"catalogueId": -4603812,
"citableReference": "COPY 1/383/24",
"coveringFromDate": 18870425,
"coveringToDate": 18870425,
"scopeContent": {
"placeNames": [],
"description": "<scopecontent><p>&#34Photograph of female walking, right elbow bent, plate 20.&#34 </p> <p>Sheet comprises sequence of 12 photographic images, set in 2 rows, showing movement from right hand side, and a further sequence of 12 images in 2 rows, showing movement of subject from the back. </p></scopecontent>",
"ephemera": null,
"schema": null
},
"id": "C9317724",
"isParent": false,
"catalogueLevel": 7,
"parentId": "C326131",
"DescriptionText": "\"Photograph of female walking, right elbow bent, plate 20.\" \nSheet comprises sequence of 12 photographic images, set in 2 rows, showing movement from right hand side, and a further sequence of 12 images in 2 rows, showing movement of subject from the back. "
},
"C9317725": {
"catalogueId": -4603813,
"citableReference": "COPY 1/383/25",
"coveringFromDate": 18870425,
"coveringToDate": 18870425,
"scopeContent": {
"placeNames": [],
"description": "<scopecontent><p>&#34Photograph of female walking, both elbows bent, plate 21.&#34 </p> <p>Sheet comprises sequence of 12 photographic images, set in a single row, showing movement from the right hand side, and a further sequence of 12 images in 2 rows, showing movement of subject from the back. </p></scopecontent>",
"ephemera": null,
"schema": null
},
"id": "C9317725",
"isParent": false,
"catalogueLevel": 7,
"parentId": "C326131",
"DescriptionText": "\"Photograph of female walking, both elbows bent, plate 21.\" \nSheet comprises sequence of 12 photographic images, set in a single row, showing movement from the right hand side, and a further sequence of 12 images in 2 rows, showing movement of subject from the back. "
},
"C9317726": {
"catalogueId": -4603814,
"citableReference": "COPY 1/383/26",
"coveringFromDate": 18870425,
"coveringToDate": 18870425,
"scopeContent": {
"placeNames": [],
"description": "<scopecontent><p>&#34Photograph of female walking, with high heeled boots on, plate 22.&#34 </p> <p>Sheet comprises sequence of 36 photographic images, set in 3 rows, showing movement from right hand side, front and back, at around 45 degrees to the right, of the subject.</p></scopecontent>",
"ephemera": null,
"schema": null
},
"id": "C9317726",
"isParent": false,
"catalogueLevel": 7,
"parentId": "C326131",
"DescriptionText": "\"Photograph of female walking, with high heeled boots on, plate 22.\" \nSheet comprises sequence of 36 photographic images, set in 3 rows, showing movement from right hand side, front and back, at around 45 degrees to the right, of the subject."
},
"C9317727": {
"catalogueId": -4603815,
"citableReference": "COPY 1/383/27",
"coveringFromDate": 18870425,
"coveringToDate": 18870425,
"scopeContent": {
"placeNames": [],
"description": "<scopecontent><p>&#34Photograph of female walking, right hand at chin, high heeled boots on, plate 23.&#34 </p> <p>Sheet comprises sequence of 36 photographic images, set in 3 rows, showing movement from right hand side, from back, and from front, at around 45 degrees to the left, of the subject.</p></scopecontent>",
"ephemera": null,
"schema": null
},
"id": "C9317727",
"isParent": false,
"catalogueLevel": 7,
"parentId": "C326131",
"DescriptionText": "\"Photograph of female walking, right hand at chin, high heeled boots on, plate 23.\" \nSheet comprises sequence of 36 photographic images, set in 3 rows, showing movement from right hand side, from back, and from front, at around 45 degrees to the left, of the subject."
},
"C9317728": {
"catalogueId": -4603816,
"citableReference": "COPY 1/383/28",
"coveringFromDate": 18870425,
"coveringToDate": 18870425,
"scopeContent": {
"placeNames": [],
"description": "<scopecontent><p>&#34Photograph of female walking, with high heeled shoes on, plate 24.&#34 </p> <p>Sheet comprises sequence of 36 photographic images, set in 3 rows, showing movement from right hand side, back and front, at around 45 degrees to the left, of the subject.</p></scopecontent>",
"ephemera": null,
"schema": null
},
"id": "C9317728",
"isParent": false,
"catalogueLevel": 7,
"parentId": "C326131",
"DescriptionText": "\"Photograph of female walking, with high heeled shoes on, plate 24.\" \nSheet comprises sequence of 36 photographic images, set in 3 rows, showing movement from right hand side, back and front, at around 45 degrees to the left, of the subject."
},
"C9317729": {
"catalogueId": -4603817,
"citableReference": "COPY 1/383/29",
"coveringFromDate": 18870425,
"coveringToDate": 18870425,
"scopeContent": {
"placeNames": [],
"description": "<scopecontent><p>&#34Photograph of female walking, with high heeled shoes on, plate 25.&#34 </p> <p>Sheet comprises sequence of 24 photographic images, set in 2 rows, showing movement from right hand side and back of subject.</p></scopecontent>",
"ephemera": null,
"schema": null
},
"id": "C9317729",
"isParent": false,
"catalogueLevel": 7,
"parentId": "C326131",
"DescriptionText": "\"Photograph of female walking, with high heeled shoes on, plate 25.\" \nSheet comprises sequence of 24 photographic images, set in 2 rows, showing movement from right hand side and back of subject."
},
"C9317730": {
"catalogueId": -4603818,
"citableReference": "COPY 1/383/30",
"coveringFromDate": 18870425,
"coveringToDate": 18870425,
"scopeContent": {
"placeNames": [],
"description": "<scopecontent><p>&#34Photograph of male walking, carrying 75lb stone on left shoulder, plate 26.&#34 </p> <p>Sheet comprises sequence of 27 photographic images, set in 3 rows, showing movement from left hand side, back and front, at around 45 degrees to the right, of the subject.</p></scopecontent>",
"ephemera": null,
"schema": null
},
"id": "C9317730",
"isParent": false,
"catalogueLevel": 7,
"parentId": "C326131",
"DescriptionText": "\"Photograph of male walking, carrying 75lb stone on left shoulder, plate 26.\" \nSheet comprises sequence of 27 photographic images, set in 3 rows, showing movement from left hand side, back and front, at around 45 degrees to the right, of the subject."
},
"C9317731": {
"catalogueId": -4603819,
"citableReference": "COPY 1/383/31",
"coveringFromDate": 18870425,
"coveringToDate": 18870425,
"scopeContent": {
"placeNames": [],
"description": "<scopecontent><p>&#34Photograph of male walking, carrying 75lb stone on head, hands raised, plate 27.&#34 </p> <p>Sheet comprises sequence of 24 photographic images, set in 2 rows, showing movement from right hand side and back of the subject. </p></scopecontent>",
"ephemera": null,
"schema": null
},
"id": "C9317731",
"isParent": false,
"catalogueLevel": 7,
"parentId": "C326131",
"DescriptionText": "\"Photograph of male walking, carrying 75lb stone on head, hands raised, plate 27.\" \nSheet comprises sequence of 24 photographic images, set in 2 rows, showing movement from right hand side and back of the subject. "
},
"C9317732": {
"catalogueId": -4603820,
"citableReference": "COPY 1/383/32",
"coveringFromDate": 18870425,
"coveringToDate": 18870425,
"scopeContent": {
"placeNames": [],
"description": "<scopecontent><p>&#34Photograph of male walking, carrying 50lb dumb-bell in right hand, plate 28.&#34 </p> <p>Sheet comprises sequence of 24 photographic images, set in 2 rows, showing movement from right hand side and back of the subject.</p></scopecontent>",
"ephemera": null,
"schema": null
},
"id": "C9317732",
"isParent": false,
"catalogueLevel": 7,
"parentId": "C326131",
"DescriptionText": "\"Photograph of male walking, carrying 50lb dumb-bell in right hand, plate 28.\" \nSheet comprises sequence of 24 photographic images, set in 2 rows, showing movement from right hand side and back of the subject."
},
"C9317733": {
"catalogueId": -4603821,
"citableReference": "COPY 1/383/33",
"coveringFromDate": 18870425,
"coveringToDate": 18870425,
"scopeContent": {
"placeNames": [],
"description": "<scopecontent><p>&#34Photograph of male walking, carrying buckert of water in each hand, plate 29.&#34 </p> <p>Sheet comprises sequence of 24 photographic images, set in 2 rows, showing movement from right hand side and back of the subject.</p></scopecontent>",
"ephemera": null,
"schema": null
},
"id": "C9317733",
"isParent": false,
"catalogueLevel": 7,
"parentId": "C326131",
"DescriptionText": "\"Photograph of male walking, carrying buckert of water in each hand, plate 29.\" \nSheet comprises sequence of 24 photographic images, set in 2 rows, showing movement from right hand side and back of the subject."
},
"C9317734": {
"catalogueId": -4603822,
"citableReference": "COPY 1/383/34",
"coveringFromDate": 18870425,
"coveringToDate": 18870425,
"scopeContent": {
"placeNames": [],
"description": "<scopecontent><p>&#34Photograph of male walking, carrying bucket of water in each hand, plate 30.&#34 </p> <p>Sheet comprises sequence of 24 photographic images, set in 2 rows, showing movement from right hand side and back of subject.</p></scopecontent>",
"ephemera": null,
"schema": null
},
"id": "C9317734",
"isParent": false,
"catalogueLevel": 7,
"parentId": "C326131",
"DescriptionText": "\"Photograph of male walking, carrying bucket of water in each hand, plate 30.\" \nSheet comprises sequence of 24 photographic images, set in 2 rows, showing movement from right hand side and back of subject."
},
"C9317735": {
"catalogueId": -4603823,
"citableReference": "COPY 1/383/35",
"coveringFromDate": 18870425,
"coveringToDate": 18870425,
"scopeContent": {
"placeNames": [],
"description": "<scopecontent><p>&#34Photograph of male walking, carrying 75lb stone on right shoulder, plate 31.&#34 </p> <p>Sheet comprises sequence of 27 photographic images, set in 3 rows, showing movement from left hand side, back and front, at around 45 degrees to the right, of the subject.</p></scopecontent>",
"ephemera": null,
"schema": null
},
"id": "C9317735",
"isParent": false,
"catalogueLevel": 7,
"parentId": "C326131",
"DescriptionText": "\"Photograph of male walking, carrying 75lb stone on right shoulder, plate 31.\" \nSheet comprises sequence of 27 photographic images, set in 3 rows, showing movement from left hand side, back and front, at around 45 degrees to the right, of the subject."
},
"C9317736": {
"catalogueId": -4603824,
"citableReference": "COPY 1/383/36",
"coveringFromDate": 18870425,
"coveringToDate": 18870425,
"scopeContent": {
"placeNames": [],
"description": "<scopecontent><p>&#34Photograph of female walking, carrying bucket in each hand, plate 32.&#34 </p> <p>Sheet comprises sequence of 36 photographic images, set in 3 rows, showing movement from right hand side, front and back, at around 45 degrees to the right, of the subject.</p></scopecontent>",
"ephemera": null,
"schema": null
},
"id": "C9317736",
"isParent": false,
"catalogueLevel": 7,
"parentId": "C326131",
"DescriptionText": "\"Photograph of female walking, carrying bucket in each hand, plate 32.\" \nSheet comprises sequence of 36 photographic images, set in 3 rows, showing movement from right hand side, front and back, at around 45 degrees to the right, of the subject."
},
"C9317737": {
"catalogueId": -4603825,
"citableReference": "COPY 1/383/37",
"coveringFromDate": 18870425,
"coveringToDate": 18870425,
"scopeContent": {
"placeNames": [],
"description": "<scopecontent><p>&#34Photograph of female walking, carrying 14lb basket on head, hands raised, plate 33.&#34 </p> <p>Sheet comprises sequence of 24 photographic images, set in 2 rows, showing movement from right hand side and back, at around 45 degrees to the right, of the subject.</p></scopecontent>",
"ephemera": null,
"schema": null
},
"id": "C9317737",
"isParent": false,
"catalogueLevel": 7,
"parentId": "C326131",
"DescriptionText": "\"Photograph of female walking, carrying 14lb basket on head, hands raised, plate 33.\" \nSheet comprises sequence of 24 photographic images, set in 2 rows, showing movement from right hand side and back, at around 45 degrees to the right, of the subject."
},
"C9317738": {
"catalogueId": -4603826,
"citableReference": "COPY 1/383/38",
"coveringFromDate": 18870425,
"coveringToDate": 18870425,
"scopeContent": {
"placeNames": [],
"description": "<scopecontent><p>&#34Photograph of female walking, carrying 15lb basket on head, hands raised, plate 34.&#34 </p> <p>Sheet comprises sequence of 24 photographic images, set in 2 rows, showing movement from right hand side and back of the subject.</p></scopecontent>",
"ephemera": null,
"schema": null
},
"id": "C9317738",
"isParent": false,
"catalogueLevel": 7,
"parentId": "C326131",
"DescriptionText": "\"Photograph of female walking, carrying 15lb basket on head, hands raised, plate 34.\" \nSheet comprises sequence of 24 photographic images, set in 2 rows, showing movement from right hand side and back of the subject."
},
"C9317739": {
"catalogueId": -4603827,
"citableReference": "COPY 1/383/39",
"coveringFromDate": 18870425,
"coveringToDate": 18870425,
"scopeContent": {
"placeNames": [],
"description": "<scopecontent><p>&#34Photograph of female walking, carrying child on right arm, plate 35.&#34 </p> <p>Sheet comprises sequence of 36 photographic images, set in 3 rows, showing movement from right hand side, front and back, at around 45 degrees to the right, of the subject.</p></scopecontent>",
"ephemera": null,
"schema": null
},
"id": "C9317739",
"isParent": false,
"catalogueLevel": 7,
"parentId": "C326131",
"DescriptionText": "\"Photograph of female walking, carrying child on right arm, plate 35.\" \nSheet comprises sequence of 36 photographic images, set in 3 rows, showing movement from right hand side, front and back, at around 45 degrees to the right, of the subject."
},
"C9317740": {
"catalogueId": -4603828,
"citableReference": "COPY 1/383/40",
"coveringFromDate": 18870425,
"coveringToDate": 18870425,
"scopeContent": {
"placeNames": [],
"description": "<scopecontent><p>&#34Photograph of female walking, carrying child on left arm, plate 36.&#34 </p> <p>Sheet comprises sequence of 12 photographic images, set in 2 rows, showing movement from right hand side of dressed subject.</p></scopecontent>",
"ephemera": null,
"schema": null
},
"id": "C9317740",
"isParent": false,
"catalogueLevel": 7,
"parentId": "C326131",
"DescriptionText": "\"Photograph of female walking, carrying child on left arm, plate 36.\" \nSheet comprises sequence of 12 photographic images, set in 2 rows, showing movement from right hand side of dressed subject."
},
"C9317741": {
"catalogueId": -4603829,
"citableReference": "COPY 1/383/41",
"coveringFromDate": 18870425,
"coveringToDate": 18870425,
"scopeContent": {
"placeNames": [],
"description": "<scopecontent><p>&#34Photograph of female walking, left hand holding dress, right hand at face, plate 37.&#34 </p> <p>Sheet comprises sequence of 36 photographic images, set in 3 rows, showing movement from right hand side, back and front, at around 45 degrees to the left, of the dressed subject.</p></scopecontent>",
"ephemera": null,
"schema": null
},
"id": "C9317741",
"isParent": false,
"catalogueLevel": 7,
"parentId": "C326131",
"DescriptionText": "\"Photograph of female walking, left hand holding dress, right hand at face, plate 37.\" \nSheet comprises sequence of 36 photographic images, set in 3 rows, showing movement from right hand side, back and front, at around 45 degrees to the left, of the dressed subject."
},
"C9317742": {
"catalogueId": -4603830,
"citableReference": "COPY 1/383/42",
"coveringFromDate": 18870425,
"coveringToDate": 18870425,
"scopeContent": {
"placeNames": [],
"description": "<scopecontent><p>&#34Photograph of female walking, opening parasol, plate 38.&#34 </p> <p>Sheet comprises sequence of 24 photographic images, set in 4 rows, showing movement from right hand side and back of the dressed subject. </p></scopecontent>",
"ephemera": null,
"schema": null
},
"id": "C9317742",
"isParent": false,
"catalogueLevel": 7,
"parentId": "C326131",
"DescriptionText": "\"Photograph of female walking, opening parasol, plate 38.\" \nSheet comprises sequence of 24 photographic images, set in 4 rows, showing movement from right hand side and back of the dressed subject. "
},
"C9317743": {
"catalogueId": -4603831,
"citableReference": "COPY 1/383/43",
"coveringFromDate": 18870425,
"coveringToDate": 18870425,
"scopeContent": {
"placeNames": [],
"description": "<scopecontent><p>&#34Photograph of female walking, hands engaged in knitting, plate 39.&#34 </p> <p>Sheet comprises two sequences. First sequence comprises 12 photographic images, set in 2 rows, showing movement from right hand side of the dressed subject. Second sequence comprises 24 photographic images, set in two rows, showing movement from back and front, at around 45 degrees to the left, of the dressed subject.</p></scopecontent>",
"ephemera": null,
"schema": null
},
"id": "C9317743",
"isParent": false,
"catalogueLevel": 7,
"parentId": "C326131",
"DescriptionText": "\"Photograph of female walking, hands engaged in knitting, plate 39.\" \nSheet comprises two sequences. First sequence comprises 12 photographic images, set in 2 rows, showing movement from right hand side of the dressed subject. Second sequence comprises 24 photographic images, set in two rows, showing movement from back and front, at around 45 degrees to the left, of the dressed subject."
},
"C9317744": {
"catalogueId": -4603832,
"citableReference": "COPY 1/383/44",
"coveringFromDate": 18870425,
"coveringToDate": 18870425,
"scopeContent": {
"placeNames": [],
"description": "<scopecontent><p>&#34Photograph of female walking, throwing handkerchief over shoulders, plate 40.&#34 </p> <p>Sheet comprises sequence of 12 photographic images, set in 2 rows, showing movement from right hand side of the subject.</p></scopecontent>",
"ephemera": null,
"schema": null
},
"id": "C9317744",
"isParent": false,
"catalogueLevel": 7,
"parentId": "C326131",
"DescriptionText": "\"Photograph of female walking, throwing handkerchief over shoulders, plate 40.\" \nSheet comprises sequence of 12 photographic images, set in 2 rows, showing movement from right hand side of the subject."
},
"C9317745": {
"catalogueId": -4603833,
"citableReference": "COPY 1/383/45",
"coveringFromDate": 18870425,
"coveringToDate": 18870425,
"scopeContent": {
"placeNames": [],
"description": "<scopecontent><p>&#34Photograph of female walking, flirting a fan, plate 41.&#34 </p> <p>Sheet comprises sequence of 36 photographic images, set in 3 rows, showing movement from right hand side, front and back, at around 45 degrees to the right, of the dressed subject.</p></scopecontent>",
"ephemera": null,
"schema": null
},
"id": "C9317745",
"isParent": false,
"catalogueLevel": 7,
"parentId": "C326131",
"DescriptionText": "\"Photograph of female walking, flirting a fan, plate 41.\" \nSheet comprises sequence of 36 photographic images, set in 3 rows, showing movement from right hand side, front and back, at around 45 degrees to the right, of the dressed subject."
},
"C9317746": {
"catalogueId": -4603834,
"citableReference": "COPY 1/383/46",
"coveringFromDate": 18870425,
"coveringToDate": 18870425,
"scopeContent": {
"placeNames": [],
"description": "<scopecontent><p>&#34Photograph of female walking, pouring water from pitcher, plate 42.&#34 </p> <p>Sheet comprises sequence of 33 photographic images, set in 3 rows, showing movement from right hand side, front, at around 45 degrees to the left, and back, at around 45 degrees to the right, of the subject.</p></scopecontent>",
"ephemera": null,
"schema": null
},
"id": "C9317746",
"isParent": false,
"catalogueLevel": 7,
"parentId": "C326131",
"DescriptionText": "\"Photograph of female walking, pouring water from pitcher, plate 42.\" \nSheet comprises sequence of 33 photographic images, set in 3 rows, showing movement from right hand side, front, at around 45 degrees to the left, and back, at around 45 degrees to the right, of the subject."
},
"C9317747": {
"catalogueId": -4603835,
"citableReference": "COPY 1/383/47",
"coveringFromDate": 18870425,
"coveringToDate": 18870425,
"scopeContent": {
"placeNames": [],
"description": "<scopecontent><p>&#34Photograph of female walking, sprinkling water from basin turning around, plate 43.&#34 </p> <p> Sheet comprises 2 sequences of photographs. First sequence comprises 12 photographic images, in a single row, showing movement from back, at around 45 degrees to the right, of the subject. Second sequence comprises 16 photographic images, in 2 rows, showing movement from side and front, at around 45 degrees to the left, of the subject. </p></scopecontent>",
"ephemera": null,
"schema": null
},
"id": "C9317747",
"isParent": false,
"catalogueLevel": 7,
"parentId": "C326131",
"DescriptionText": "\"Photograph of female walking, sprinkling water from basin turning around, plate 43.\" \n Sheet comprises 2 sequences of photographs. First sequence comprises 12 photographic images, in a single row, showing movement from back, at around 45 degrees to the right, of the subject. Second sequence comprises 16 photographic images, in 2 rows, showing movement from side and front, at around 45 degrees to the left, of the subject. "
},
"C9317748": {
"catalogueId": -4603836,
"citableReference": "COPY 1/383/48",
"coveringFromDate": 18870425,
"coveringToDate": 18870425,
"scopeContent": {
"placeNames": [],
"description": "<scopecontent><p>&#34Photograph of male walking, taking off hat, plate 44.&#34 </p> <p>Sheet comprises sequence of 12 photographic images, set in 2 rows, showing movement from right hand side of the dressed subject.</p></scopecontent>",
"ephemera": null,
"schema": null
},
"id": "C9317748",
"isParent": false,
"catalogueLevel": 7,
"parentId": "C326131",
"DescriptionText": "\"Photograph of male walking, taking off hat, plate 44.\" \nSheet comprises sequence of 12 photographic images, set in 2 rows, showing movement from right hand side of the dressed subject."
},
"C9317749": {
"catalogueId": -4603837,
"citableReference": "COPY 1/383/49",
"coveringFromDate": 18870425,
"coveringToDate": 18870425,
"scopeContent": {
"placeNames": [],
"description": "<scopecontent><p>&#34Photograph of female walking, two models meeting and partly turning, plate 45.&#34 </p> <p>Sheet comprises sequence of 24 photographic images, set in 4 rows, showing movement from the side of the dressed subject.</p></scopecontent>",
"ephemera": null,
"schema": null
},
"id": "C9317749",
"isParent": false,
"catalogueLevel": 7,
"parentId": "C326131",
"DescriptionText": "\"Photograph of female walking, two models meeting and partly turning, plate 45.\" \nSheet comprises sequence of 24 photographic images, set in 4 rows, showing movement from the side of the dressed subject."
},
"C9317750": {
"catalogueId": -4603838,
"citableReference": "COPY 1/383/50",
"coveringFromDate": 18870425,
"coveringToDate": 18870425,
"scopeContent": {
"placeNames": [],
"description": "<scopecontent><p>&#34Photograph of female walking, flirting a fan and turning around, plate 46.&#34 </p> <p>Sheet comprises sequence of 36 photographic images, set in 3 rows, showing movement from right hand side, front and back, at around 45 degrees to the right, of the subject.</p></scopecontent>",
"ephemera": null,
"schema": null
},
"id": "C9317750",
"isParent": false,
"catalogueLevel": 7,
"parentId": "C326131",
"DescriptionText": "\"Photograph of female walking, flirting a fan and turning around, plate 46.\" \nSheet comprises sequence of 36 photographic images, set in 3 rows, showing movement from right hand side, front and back, at around 45 degrees to the right, of the subject."
},
"C9317751": {
"catalogueId": -4603839,
"citableReference": "COPY 1/383/51",
"coveringFromDate": 18870425,
"coveringToDate": 18870425,
"scopeContent": {
"placeNames": [],
"description": "<scopecontent><p>&#34Photograph of female walking and turning around, plate 47.\" </p> <p>Sheet comprises sequence of 12 photographic images, set in 2 rows, showing movement from right hand side of the subject.</p></scopecontent>",
"ephemera": null,
"schema": null
},
"id": "C9317751",
"isParent": false,
"catalogueLevel": 7,
"parentId": "C326131",
"DescriptionText": "\"Photograph of female walking and turning around, plate 47.\" \nSheet comprises sequence of 12 photographic images, set in 2 rows, showing movement from right hand side of the subject."
},
"C9317752": {
"catalogueId": -4603840,
"citableReference": "COPY 1/383/52",
"coveringFromDate": 18870425,
"coveringToDate": 18870425,
"scopeContent": {
"placeNames": [],
"description": "<scopecontent><p>&#34Photograph of female walking and turning around, bouquet in both hands, plate 48.&#34 </p> <p>Sheet comprises sequence of 24 photographic images, set in 4 rows, showing movement from right hand side and back of the dressed subject.</p></scopecontent>",
"ephemera": null,
"schema": null
},
"id": "C9317752",
"isParent": false,
"catalogueLevel": 7,
"parentId": "C326131",
"DescriptionText": "\"Photograph of female walking and turning around, bouquet in both hands, plate 48.\" \nSheet comprises sequence of 24 photographic images, set in 4 rows, showing movement from right hand side and back of the dressed subject."
},
"C9317753": {
"catalogueId": -4603841,
"citableReference": "COPY 1/383/53",
"coveringFromDate": 18870425,
"coveringToDate": 18870425,
"scopeContent": {
"placeNames": [],
"description": "<scopecontent><p>&#34Photograph of male walking and turning around rapidly, a satchel in one hand, cane in other, plate 49.&#34 </p> <p>Sheet comprises sequence of 24 photographic images, set in 4 rows, showing movement from the right hand side, back, the left hand side, and the front of the dressed subject.</p></scopecontent>",
"ephemera": null,
"schema": null
},
"id": "C9317753",
"isParent": false,
"catalogueLevel": 7,
"parentId": "C326131",
"DescriptionText": "\"Photograph of male walking and turning around rapidly, a satchel in one hand, cane in other, plate 49.\" \nSheet comprises sequence of 24 photographic images, set in 4 rows, showing movement from the right hand side, back, the left hand side, and the front of the dressed subject."
},
"C9317754": {
"catalogueId": -4603842,
"citableReference": "COPY 1/383/54",
"coveringFromDate": 18870425,
"coveringToDate": 18870425,
"scopeContent": {
"placeNames": [],
"description": "<scopecontent><p>&#34Photograph of female walking and turning around carrying bucket of water in left hand, plate 50.&#34 </p> <p>Sheet comprises sequence of 36 photographic images, set in 3 rows, showing movement from the right hand side, the front, and the back, at around 45 degrees to the right, of the subject.</p></scopecontent>",
"ephemera": null,
"schema": null
},
"id": "C9317754",
"isParent": false,
"catalogueLevel": 7,
"parentId": "C326131",
"DescriptionText": "\"Photograph of female walking and turning around carrying bucket of water in left hand, plate 50.\" \nSheet comprises sequence of 36 photographic images, set in 3 rows, showing movement from the right hand side, the front, and the back, at around 45 degrees to the right, of the subject."
},
"C9317755": {
"catalogueId": -4603843,
"citableReference": "COPY 1/383/55",
"coveringFromDate": 18870425,
"coveringToDate": 18870425,
"scopeContent": {
"placeNames": [],
"description": "<scopecontent><p>&#34Photograph of female walking, turning around using sprinkling pot, plate 51.&#34 </p> <p>Sheet comprises sequence of 33 photographic images, set in 3 rows, showing movement from right hand side, front and back, at around 45 degrees to the right, of the subject.</p></scopecontent>",
"ephemera": null,
"schema": null
},
"id": "C9317755",
"isParent": false,
"catalogueLevel": 7,
"parentId": "C326131",
"DescriptionText": "\"Photograph of female walking, turning around using sprinkling pot, plate 51.\" \nSheet comprises sequence of 33 photographic images, set in 3 rows, showing movement from right hand side, front and back, at around 45 degrees to the right, of the subject."
},
"C9317756": {
"catalogueId": -4603844,
"citableReference": "COPY 1/383/56",
"coveringFromDate": 18870425,
"coveringToDate": 18870425,
"scopeContent": {
"placeNames": [],
"description": "<scopecontent><p>&#34Photograph of female walking, carrying child, turning around, another child holding on to dress, plate 52.&#34 </p> <p>Sheet comprises sequence of 12 photographic images, set in 2 rows, showing movement from right hand side and left hand side of the dressed subject.</p></scopecontent>",
"ephemera": null,
"schema": null
},
"id": "C9317756",
"isParent": false,
"catalogueLevel": 7,
"parentId": "C326131",
"DescriptionText": "\"Photograph of female walking, carrying child, turning around, another child holding on to dress, plate 52.\" \nSheet comprises sequence of 12 photographic images, set in 2 rows, showing movement from right hand side and left hand side of the dressed subject."
},
"C9317757": {
"catalogueId": -4603845,
"citableReference": "COPY 1/383/57",
"coveringFromDate": 18870425,
"coveringToDate": 18870425,
"scopeContent": {
"placeNames": [],
"description": "<scopecontent><p>&#34Photograph of female walking, scattering flowers and turning around, plate 53.&#34 </p> <p>Sheet comprises sequence of 36 photographic images, set in 3 rows, showing movement from right hand side, back and front, at around 45 degrees to the left, of the subject.</p></scopecontent>",
"ephemera": null,
"schema": null
},
"id": "C9317757",
"isParent": false,
"catalogueLevel": 7,
"parentId": "C326131",
"DescriptionText": "\"Photograph of female walking, scattering flowers and turning around, plate 53.\" \nSheet comprises sequence of 36 photographic images, set in 3 rows, showing movement from right hand side, back and front, at around 45 degrees to the left, of the subject."
},
"C9317758": {
"catalogueId": -4603846,
"citableReference": "COPY 1/383/58",
"coveringFromDate": 18870425,
"coveringToDate": 18870425,
"scopeContent": {
"placeNames": [],
"description": "<scopecontent><p>&#34Photograph of female walking, two models (one flirting a fan), arm in arm turning around, plate 54.&#34 </p> <p>Sheet comprises sequence of 24 photographic images, set in 3 rows, showing movement from right hand side, back and front, at around 45 degrees to the left, of the subject.</p></scopecontent>",
"ephemera": null,
"schema": null
},
"id": "C9317758",
"isParent": false,
"catalogueLevel": 7,
"parentId": "C326131",
"DescriptionText": "\"Photograph of female walking, two models (one flirting a fan), arm in arm turning around, plate 54.\" \nSheet comprises sequence of 24 photographic images, set in 3 rows, showing movement from right hand side, back and front, at around 45 degrees to the left, of the subject."
},
"C9317759": {
"catalogueId": -4603847,
"citableReference": "COPY 1/383/59",
"coveringFromDate": 18870425,
"coveringToDate": 18870425,
"scopeContent": {
"placeNames": [],
"description": "<scopecontent><p>&#34Photograph of female walking, turning around, action of aversion, plate 55.&#34 </p> <p> Sheet comprises sequence of 33 photographic images, set in 3 rows, showing movement from right hand side, back and front, at around 45 degrees to the left, of the dressed subject.</p></scopecontent>",
"ephemera": null,
"schema": null
},
"id": "C9317759",
"isParent": false,
"catalogueLevel": 7,
"parentId": "C326131",
"DescriptionText": "\"Photograph of female walking, turning around, action of aversion, plate 55.\" \n Sheet comprises sequence of 33 photographic images, set in 3 rows, showing movement from right hand side, back and front, at around 45 degrees to the left, of the dressed subject."
},
"C9317760": {
"catalogueId": -4603848,
"citableReference": "COPY 1/383/60",
"coveringFromDate": 18870425,
"coveringToDate": 18870425,
"scopeContent": {
"placeNames": [],
"description": "<scopecontent><p>&#34Photograph of female walking, turning and stooping to lift train, plate 56.&#34 </p> <p>Sheet comprises sequence of 36 photographic images, set in 3 rows, showing movement from right hand side, front and back, at around 45 degrees to the right, of the dressed subject.</p></scopecontent>",
"ephemera": null,
"schema": null
},
"id": "C9317760",
"isParent": false,
"catalogueLevel": 7,
"parentId": "C326131",
"DescriptionText": "\"Photograph of female walking, turning and stooping to lift train, plate 56.\" \nSheet comprises sequence of 36 photographic images, set in 3 rows, showing movement from right hand side, front and back, at around 45 degrees to the right, of the dressed subject."
},
"C9317761": {
"catalogueId": -4603849,
"citableReference": "COPY 1/383/61",
"coveringFromDate": 18870425,
"coveringToDate": 18870425,
"scopeContent": {
"placeNames": [],
"description": "<scopecontent><p>&#34Photograph of female walking, turning around, 10lb basket on head, plate 57.&#34 </p> <p>Sheet comprises sequence of 36 photographic images, set in 3 rows, showing movement from right hand side, left hand side, and back, at around 45 degrees to the right, of the dressed subject.</p></scopecontent>",
"ephemera": null,
"schema": null
},
"id": "C9317761",
"isParent": false,
"catalogueLevel": 7,
"parentId": "C326131",
"DescriptionText": "\"Photograph of female walking, turning around, 10lb basket on head, plate 57.\" \nSheet comprises sequence of 36 photographic images, set in 3 rows, showing movement from right hand side, left hand side, and back, at around 45 degrees to the right, of the dressed subject."
},
"C9317762": {
"catalogueId": -4603850,
"citableReference": "COPY 1/383/62",
"coveringFromDate": 18870425,
"coveringToDate": 18870425,
"scopeContent": {
"placeNames": [],
"description": "<scopecontent><p>&#34Photograph of female walking, turning around sweeping the floor, plate 58.&#34 </p> <p>Sheet comprises sequence of 36 photographic images, set in 3 rows, showing movement from right hand side, back and front, at around 45 degrees to the left, of the subject.</p></scopecontent>",
"ephemera": null,
"schema": null
},
"id": "C9317762",
"isParent": false,
"catalogueLevel": 7,
"parentId": "C326131",
"DescriptionText": "\"Photograph of female walking, turning around sweeping the floor, plate 58.\" \nSheet comprises sequence of 36 photographic images, set in 3 rows, showing movement from right hand side, back and front, at around 45 degrees to the left, of the subject."
},
"C9317763": {
"catalogueId": -4603851,
"citableReference": "COPY 1/383/63",
"coveringFromDate": 18870425,
"coveringToDate": 18870425,
"scopeContent": {
"placeNames": [],
"description": "<scopecontent><p>&#34Photograph of male starting for a run (shoes) plate 59.&#34 </p> <p>Sheet comprises two sequences. First sequence comprises 12 photographic images, set in 2 rows, showing movement from right hand side of subject. Second sequence comprises 12 photographic images, in a single row, showing movement from front of the subject.</p></scopecontent>",
"ephemera": null,
"schema": null
},
"id": "C9317763",
"isParent": false,
"catalogueLevel": 7,
"parentId": "C326131",
"DescriptionText": "\"Photograph of male starting for a run (shoes) plate 59.\" \nSheet comprises two sequences. First sequence comprises 12 photographic images, set in 2 rows, showing movement from right hand side of subject. Second sequence comprises 12 photographic images, in a single row, showing movement from front of the subject."
},
"C9317764": {
"catalogueId": -4603852,
"citableReference": "COPY 1/383/64",
"coveringFromDate": 18870425,
"coveringToDate": 18870425,
"scopeContent": {
"placeNames": [],
"description": "<scopecontent><p>&#34Photograph of male running at a half mile gait (shoes) plate 60.&#34 </p> <p>Sheet comprises two sequences. First sequence comprises 10 photographic images, set in 2 rows, showing movement from right hand side of subject. Second sequence comprises 10 photographic images, in a single row, showing movement from front of the subject.</p></scopecontent>",
"ephemera": null,
"schema": null
},
"id": "C9317764",
"isParent": false,
"catalogueLevel": 7,
"parentId": "C326131",
"DescriptionText": "\"Photograph of male running at a half mile gait (shoes) plate 60.\" \nSheet comprises two sequences. First sequence comprises 10 photographic images, set in 2 rows, showing movement from right hand side of subject. Second sequence comprises 10 photographic images, in a single row, showing movement from front of the subject."
},
"C9317765": {
"catalogueId": -4603853,
"citableReference": "COPY 1/383/65",
"coveringFromDate": 18870425,
"coveringToDate": 18870425,
"scopeContent": {
"placeNames": [],
"description": "<scopecontent><p>&#34Photograph of male running full speed (imperfect action, shoes) plate 61.&#34 </p> <p>Sheet comprises sequence of 16 photographic images, set in 2 rows, showing movement from right hand side and back of subject.</p></scopecontent>",
"ephemera": null,
"schema": null
},
"id": "C9317765",
"isParent": false,
"catalogueLevel": 7,
"parentId": "C326131",
"DescriptionText": "\"Photograph of male running full speed (imperfect action, shoes) plate 61.\" \nSheet comprises sequence of 16 photographic images, set in 2 rows, showing movement from right hand side and back of subject."
},
"C9317766": {
"catalogueId": -4603854,
"citableReference": "COPY 1/383/66",
"coveringFromDate": 18870425,
"coveringToDate": 18870425,
"scopeContent": {
"placeNames": [],
"description": "<scopecontent><p>&#34Photograph of male running full speed, plate 62.&#34 </p> <p>Sheet comprises two sequences. First sequence comprises 12 photographic images, set in 2 rows, showing movement from right hand side of subject. Second sequence comprises 12 photographic images, in a single row, showing movement from back of the subject.</p></scopecontent>",
"ephemera": null,
"schema": null
},
"id": "C9317766",
"isParent": false,
"catalogueLevel": 7,
"parentId": "C326131",
"DescriptionText": "\"Photograph of male running full speed, plate 62.\" \nSheet comprises two sequences. First sequence comprises 12 photographic images, set in 2 rows, showing movement from right hand side of subject. Second sequence comprises 12 photographic images, in a single row, showing movement from back of the subject."
},
"C9317767": {
"catalogueId": -4603855,
"citableReference": "COPY 1/383/67",
"coveringFromDate": 18870425,
"coveringToDate": 18870425,
"scopeContent": {
"placeNames": [],
"description": "<scopecontent><p>&#34Photograph of male running full speed, plate 63.&#34 </p> <p>Sheet comprises two sequences. First sequence comprises 10 photographic images, set in 2 rows, showing movement from right hand side of subject. Second sequence comprises 10 photographic images, in a single row, showing movement from back of the subject.</p></scopecontent>",
"ephemera": null,
"schema": null
},
"id": "C9317767",
"isParent": false,
"catalogueLevel": 7,
"parentId": "C326131",
"DescriptionText": "\"Photograph of male running full speed, plate 63.\" \nSheet comprises two sequences. First sequence comprises 10 photographic images, set in 2 rows, showing movement from right hand side of subject. Second sequence comprises 10 photographic images, in a single row, showing movement from back of the subject."
},
"C9317768": {
"catalogueId": -4603856,
"citableReference": "COPY 1/383/68",
"coveringFromDate": 18870425,
"coveringToDate": 18870425,
"scopeContent": {
"placeNames": [],
"description": "<scopecontent><p>&#34Photograph of male running full speed, plate 64.&#34 </p> <p>Sheet comprises two sequences. First sequence comprises 12 photographic images, set in 2 rows, showing movement from right hand side of subject. Second sequence comprises 12 photographic images, in a single row, showing movement from back of the subject.</p></scopecontent>",
"ephemera": null,
"schema": null
},
"id": "C9317768",
"isParent": false,
"catalogueLevel": 7,
"parentId": "C326131",
"DescriptionText": "\"Photograph of male running full speed, plate 64.\" \nSheet comprises two sequences. First sequence comprises 12 photographic images, set in 2 rows, showing movement from right hand side of subject. Second sequence comprises 12 photographic images, in a single row, showing movement from back of the subject."
},
"C9317769": {
"catalogueId": -4603857,
"citableReference": "COPY 1/383/69",
"coveringFromDate": 18870425,
"coveringToDate": 18870425,
"scopeContent": {
"placeNames": [],
"description": "<scopecontent><p>&#34Photograph of male running full speed, plate 65.&#34 </p> <p>Sheet comprises sequence of 16 photographic images, set in 2 rows, showing movement from right hand side and back of subject.</p></scopecontent>",
"ephemera": null,
"schema": null
},
"id": "C9317769",
"isParent": false,
"catalogueLevel": 7,
"parentId": "C326131",
"DescriptionText": "\"Photograph of male running full speed, plate 65.\" \nSheet comprises sequence of 16 photographic images, set in 2 rows, showing movement from right hand side and back of subject."
},
"C9317770": {
"catalogueId": -4603858,
"citableReference": "COPY 1/383/70",
"coveringFromDate": 18870425,
"coveringToDate": 18870425,
"scopeContent": {
"placeNames": [],
"description": "<scopecontent><p>&#34Photograph of male running, plate 66.\" </p> <p>Sheet comprises sequence of 14 photographic images, set in 2 rows, showing movement from front, at around 45 degrees to the left, and back, at around 45 degrees to the right, of the subject.</p></scopecontent>",
"ephemera": null,
"schema": null
},
"id": "C9317770",
"isParent": false,
"catalogueLevel": 7,
"parentId": "C326131",
"DescriptionText": "\"Photograph of male running, plate 66.\" \nSheet comprises sequence of 14 photographic images, set in 2 rows, showing movement from front, at around 45 degrees to the left, and back, at around 45 degrees to the right, of the subject."
},
"C9317771": {
"catalogueId": -4603859,
"citableReference": "COPY 1/383/71",
"coveringFromDate": 18870425,
"coveringToDate": 18870425,
"scopeContent": {
"placeNames": [],
"description": "<scopecontent><p>&#34Photograph of male running, plate 67.&#34 </p> <p>Sheet comprises sequence of 16 photographic images, set in 2 rows, showing movement from right hand side and front of subject.</p></scopecontent>",
"ephemera": null,
"schema": null
},
"id": "C9317771",
"isParent": false,
"catalogueLevel": 7,
"parentId": "C326131",
"DescriptionText": "\"Photograph of male running, plate 67.\" \nSheet comprises sequence of 16 photographic images, set in 2 rows, showing movement from right hand side and front of subject."
},
"C9317772": {
"catalogueId": -4603860,
"citableReference": "COPY 1/383/72",
"coveringFromDate": 18870425,
"coveringToDate": 18870425,
"scopeContent": {
"placeNames": [],
"description": "<scopecontent><p>&#34Photograph of male running, plate 68.&#34 </p> <p>Sheet comprises sequence of 18 photographic images, set in 2 rows, showing movement from right hand side and front of subject. </p></scopecontent>",
"ephemera": null,
"schema": null
},
"id": "C9317772",
"isParent": false,
"catalogueLevel": 7,
"parentId": "C326131",
"DescriptionText": "\"Photograph of male running, plate 68.\" \nSheet comprises sequence of 18 photographic images, set in 2 rows, showing movement from right hand side and front of subject. "
},
"C9317773": {
"catalogueId": -4603861,
"citableReference": "COPY 1/383/73",
"coveringFromDate": 18870425,
"coveringToDate": 18870425,
"scopeContent": {
"placeNames": [],
"description": "<scopecontent><p>&#34Photograph of males running, two models, plate 69.&#34</p> <p>Sheet comprises two sequences. First sequence comprises 10 photographic images, set in 2 rows, showing movement from right hand side of subject. Second sequence comprises 10 photographic images, in a single row, showing movement from front of the subject.</p></scopecontent>",
"ephemera": null,
"schema": null
},
"id": "C9317773",
"isParent": false,
"catalogueLevel": 7,
"parentId": "C326131",
"DescriptionText": "\"Photograph of males running, two models, plate 69.\"\nSheet comprises two sequences. First sequence comprises 10 photographic images, set in 2 rows, showing movement from right hand side of subject. Second sequence comprises 10 photographic images, in a single row, showing movement from front of the subject."
},
"C9317774": {
"catalogueId": -4603862,
"citableReference": "COPY 1/383/74",
"coveringFromDate": 18870425,
"coveringToDate": 18870425,
"scopeContent": {
"placeNames": [],
"description": "<scopecontent><p>&#34Photograph of female running, plate 70.&#34 </p> <p>Sheet comprises sequence of 24 photographic images, set in 3 rows, showing movement from right hand side, front, at around 45 degrees to the left, and back, at around 45 degrees to the right, of the subject.</p></scopecontent>",
"ephemera": null,
"schema": null
},
"id": "C9317774",
"isParent": false,
"catalogueLevel": 7,
"parentId": "C326131",
"DescriptionText": "\"Photograph of female running, plate 70.\" \nSheet comprises sequence of 24 photographic images, set in 3 rows, showing movement from right hand side, front, at around 45 degrees to the left, and back, at around 45 degrees to the right, of the subject."
},
"C9317775": {
"catalogueId": -4603863,
"citableReference": "COPY 1/383/75",
"coveringFromDate": 18870425,
"coveringToDate": 18870425,
"scopeContent": {
"placeNames": [],
"description": "<scopecontent><p>&#34Photograph of female running, plate 71.&#34 </p> <p>Sheet comprises sequence of 24 photographic images, set in 2 rows, showing movement from the front, at around 45 degrees to the left, and from the back, at around 45 degrees to the right, of the dressed subject.</p></scopecontent>",
"ephemera": null,
"schema": null
},
"id": "C9317775",
"isParent": false,
"catalogueLevel": 7,
"parentId": "C326131",
"DescriptionText": "\"Photograph of female running, plate 71.\" \nSheet comprises sequence of 24 photographic images, set in 2 rows, showing movement from the front, at around 45 degrees to the left, and from the back, at around 45 degrees to the right, of the dressed subject."
},
"C9317776": {
"catalogueId": -4603864,
"citableReference": "COPY 1/383/76",
"coveringFromDate": 18870425,
"coveringToDate": 18870425,
"scopeContent": {
"placeNames": [],
"description": "<scopecontent><p>&#34Photograph of female running, leading child hand in hand, plate 72.&#34 </p> <p>Sheet comprises sequence of 36 photographic images, set in 3 rows, showing movement from the right hand side, front and back, at around 45 degrees to the right, of the subject.</p></scopecontent>",
"ephemera": null,
"schema": null
},
"id": "C9317776",
"isParent": false,
"catalogueLevel": 7,
"parentId": "C326131",
"DescriptionText": "\"Photograph of female running, leading child hand in hand, plate 72.\" \nSheet comprises sequence of 36 photographic images, set in 3 rows, showing movement from the right hand side, front and back, at around 45 degrees to the right, of the subject."
},
"C9317777": {
"catalogueId": -4603865,
"citableReference": "COPY 1/383/77",
"coveringFromDate": 18870425,
"coveringToDate": 18870425,
"scopeContent": {
"placeNames": [],
"description": "<scopecontent><p>&#34Photograph of female tuning around in surprise and running away, plate 73.&#34 </p> <p>This sheet is missing. </p></scopecontent>",
"ephemera": null,
"schema": null
},
"id": "C9317777",
"isParent": false,
"catalogueLevel": 7,
"parentId": "C326131",
"DescriptionText": "\"Photograph of female tuning around in surprise and running away, plate 73.\" \nThis sheet is missing. "
},
"C9317778": {
"catalogueId": -4603866,
"citableReference": "COPY 1/383/78",
"coveringFromDate": 18870425,
"coveringToDate": 18870425,
"scopeContent": {
"placeNames": [],
"description": "<scopecontent><p>&#34Photograph of male ascending incline, angle 1 in 4, plate 74.&#34 </p> <p>Sheet comprises sequence of 36 photographic images, set in 3 rows, showing movement from the right hand side, front and back of the subject.</p></scopecontent>",
"ephemera": null,
"schema": null
},
"id": "C9317778",
"isParent": false,
"catalogueLevel": 7,
"parentId": "C326131",
"DescriptionText": "\"Photograph of male ascending incline, angle 1 in 4, plate 74.\" \nSheet comprises sequence of 36 photographic images, set in 3 rows, showing movement from the right hand side, front and back of the subject."
},
"C9317779": {
"catalogueId": -4603867,
"citableReference": "COPY 1/383/79",
"coveringFromDate": 18870425,
"coveringToDate": 18870425,
"scopeContent": {
"placeNames": [],
"description": "<scopecontent><p>&#34Photograph of male ascending incline, plate 75.&#34 </p> <p>Sheet comprises sequence of 18 photographic images, set in 2 rows, showing movement from right hand side and back of subject.</p></scopecontent>",
"ephemera": null,
"schema": null
},
"id": "C9317779",
"isParent": false,
"catalogueLevel": 7,
"parentId": "C326131",
"DescriptionText": "\"Photograph of male ascending incline, plate 75.\" \nSheet comprises sequence of 18 photographic images, set in 2 rows, showing movement from right hand side and back of subject."
},
"C9317780": {
"catalogueId": -4603868,
"citableReference": "COPY 1/383/80",
"coveringFromDate": 18870425,
"coveringToDate": 18870425,
"scopeContent": {
"placeNames": [],
"description": "<scopecontent><p>&#34Photograph of female ascending incline, plate 76.&#34 </p> <p>Plate comprises sequence of 36 photographic shots, set in 3 rows, showing movement from right hand side, front, at around 45 degrees to the left, and back of the subject.</p></scopecontent>",
"ephemera": null,
"schema": null
},
"id": "C9317780",
"isParent": false,
"catalogueLevel": 7,
"parentId": "C326131",
"DescriptionText": "\"Photograph of female ascending incline, plate 76.\" \nPlate comprises sequence of 36 photographic shots, set in 3 rows, showing movement from right hand side, front, at around 45 degrees to the left, and back of the subject."
},
"C9317781": {
"catalogueId": -4603869,
"citableReference": "COPY 1/383/81",
"coveringFromDate": 18870425,
"coveringToDate": 18870425,
"scopeContent": {
"placeNames": [],
"description": "<scopecontent><p>&#34Photograph of female ascending incline, plate 77.&#34 </p> <p>Sheet comprises sequence of 36 photographic images, set in 3 rows, showing movement from right hand side, back and front, at around 45 degrees to the left, of the subject.</p></scopecontent>",
"ephemera": null,
"schema": null
},
"id": "C9317781",
"isParent": false,
"catalogueLevel": 7,
"parentId": "C326131",
"DescriptionText": "\"Photograph of female ascending incline, plate 77.\" \nSheet comprises sequence of 36 photographic images, set in 3 rows, showing movement from right hand side, back and front, at around 45 degrees to the left, of the subject."
},
"C9317782": {
"catalogueId": -4603870,
"citableReference": "COPY 1/383/82",
"coveringFromDate": 18870425,
"coveringToDate": 18870425,
"scopeContent": {
"placeNames": [],
"description": "<scopecontent><p>&#34Photograph of female ascending incline, flirting a fan, plate 78.&#34 </p> <p>Sheet comprises sequence of 36 photographic images, set in 3 rows, showing movement from right hand side, back and front, at around 45 degrees to the left, of the subject.</p></scopecontent>",
"ephemera": null,
"schema": null
},
"id": "C9317782",
"isParent": false,
"catalogueLevel": 7,
"parentId": "C326131",
"DescriptionText": "\"Photograph of female ascending incline, flirting a fan, plate 78.\" \nSheet comprises sequence of 36 photographic images, set in 3 rows, showing movement from right hand side, back and front, at around 45 degrees to the left, of the subject."
},
"C9317783": {
"catalogueId": -4603871,
"citableReference": "COPY 1/383/83",
"coveringFromDate": 18870425,
"coveringToDate": 18870425,
"scopeContent": {
"placeNames": [],
"description": "<scopecontent><p>&#34Photograph of female ascending incline, plate 79.&#34 </p> <p>Sheet comprises two sequences. First sequence comprises 12 photographic images, set in a single row, showing movement from right hand side of subject. Second sequence comprises 12 photographic images, in 2 rows, showing movement from back of the subject.</p></scopecontent>",
"ephemera": null,
"schema": null
},
"id": "C9317783",
"isParent": false,
"catalogueLevel": 7,
"parentId": "C326131",
"DescriptionText": "\"Photograph of female ascending incline, plate 79.\" \nSheet comprises two sequences. First sequence comprises 12 photographic images, set in a single row, showing movement from right hand side of subject. Second sequence comprises 12 photographic images, in 2 rows, showing movement from back of the subject."
},
"C9317784": {
"catalogueId": -4603872,
"citableReference": "COPY 1/383/84",
"coveringFromDate": 18870425,
"coveringToDate": 18870425,
"scopeContent": {
"placeNames": [],
"description": "<scopecontent><p>&#34Photograph of female ascending incline, 20lb basket on head, plate 80.&#34 </p> <p>Sheet comprises sequence of 33 photographic images, set in 3 rows, showing movement from right hand side, back and front, at around 45 degrees to the left, of the subject.</p></scopecontent>",
"ephemera": null,
"schema": null
},
"id": "C9317784",
"isParent": false,
"catalogueLevel": 7,
"parentId": "C326131",
"DescriptionText": "\"Photograph of female ascending incline, 20lb basket on head, plate 80.\" \nSheet comprises sequence of 33 photographic images, set in 3 rows, showing movement from right hand side, back and front, at around 45 degrees to the left, of the subject."
},
"C9317785": {
"catalogueId": -4603873,
"citableReference": "COPY 1/383/85",
"coveringFromDate": 18870425,
"coveringToDate": 18870425,
"scopeContent": {
"placeNames": [],
"description": "<scopecontent><p>&#34Photograph of female ascending incline, bucket of water in each hand, plate 81.&#34 </p> <p>Sheet comprises sequence of 36 photographic images, set in 3 rows, showing movement from the right hand side, back and front, at around 45 degrees to the left, of the subject.</p></scopecontent>",
"ephemera": null,
"schema": null
},
"id": "C9317785",
"isParent": false,
"catalogueLevel": 7,
"parentId": "C326131",
"DescriptionText": "\"Photograph of female ascending incline, bucket of water in each hand, plate 81.\" \nSheet comprises sequence of 36 photographic images, set in 3 rows, showing movement from the right hand side, back and front, at around 45 degrees to the left, of the subject."
},
"C9317786": {
"catalogueId": -4603874,
"citableReference": "COPY 1/383/86",
"coveringFromDate": 18870425,
"coveringToDate": 18870425,
"scopeContent": {
"placeNames": [],
"description": "<scopecontent><p>&#34Photograph of female ascending incline, bucket of water in each hand, plate 82.&#34 </p> <p>Sheet comprises sequence of 36 photographic images, set in 3 rows, showing movement from right hand side, front, at around 45 degrees to the left, and back of the subject. </p></scopecontent>",
"ephemera": null,
"schema": null
},
"id": "C9317786",
"isParent": false,
"catalogueLevel": 7,
"parentId": "C326131",
"DescriptionText": "\"Photograph of female ascending incline, bucket of water in each hand, plate 82.\" \nSheet comprises sequence of 36 photographic images, set in 3 rows, showing movement from right hand side, front, at around 45 degrees to the left, and back of the subject. "
},
"C9317787": {
"catalogueId": -4603875,
"citableReference": "COPY 1/383/87",
"coveringFromDate": 18870425,
"coveringToDate": 18870425,
"scopeContent": {
"placeNames": [],
"description": "<scopecontent><p>&#34Photograph of female ascending incline, bucket of water in right hand, plate 83.&#34 </p> <p>Sheet comprises sequence of 24 photographic images, set in 2 rows, showing movement from right hand side and back of the subject.</p></scopecontent>",
"ephemera": null,
"schema": null
},
"id": "C9317787",
"isParent": false,
"catalogueLevel": 7,
"parentId": "C326131",
"DescriptionText": "\"Photograph of female ascending incline, bucket of water in right hand, plate 83.\" \nSheet comprises sequence of 24 photographic images, set in 2 rows, showing movement from right hand side and back of the subject."
},
"C9317788": {
"catalogueId": -4603876,
"citableReference": "COPY 1/383/88",
"coveringFromDate": 18870425,
"coveringToDate": 18870425,
"scopeContent": {
"placeNames": [],
"description": "<scopecontent><p>&#34Photograph of female ascending incline, bucket of water in right hand, plate 84.&#34 </p> <p>Sheet comprises sequence of 12 photographic images, set in 2 rows, showing movement from right hand side and back of the subject.</p></scopecontent>",
"ephemera": null,
"schema": null
},
"id": "C9317788",
"isParent": false,
"catalogueLevel": 7,
"parentId": "C326131",
"DescriptionText": "\"Photograph of female ascending incline, bucket of water in right hand, plate 84.\" \nSheet comprises sequence of 12 photographic images, set in 2 rows, showing movement from right hand side and back of the subject."
},
"C9317789": {
"catalogueId": -4603877,
"citableReference": "COPY 1/383/89",
"coveringFromDate": 18870425,
"coveringToDate": 18870425,
"scopeContent": {
"placeNames": [],
"description": "<scopecontent><p>&#34Photograph of female ascending incline (wearing shoes) plate 85.&#34 </p> <p>Sheet comprises sequence of 36 photographic images, set in 3 rows, showing movement from right hand side, back and front, at around 45 degrees to the left, of the subject.</p></scopecontent>",
"ephemera": null,
"schema": null
},
"id": "C9317789",
"isParent": false,
"catalogueLevel": 7,
"parentId": "C326131",
"DescriptionText": "\"Photograph of female ascending incline (wearing shoes) plate 85.\" \nSheet comprises sequence of 36 photographic images, set in 3 rows, showing movement from right hand side, back and front, at around 45 degrees to the left, of the subject."
},
"C9317790": {
"catalogueId": -4603878,
"citableReference": "COPY 1/383/90",
"coveringFromDate": 18870425,
"coveringToDate": 18870425,
"scopeContent": {
"placeNames": [],
"description": "<scopecontent><p>&#34Photograph of female ascending incline (wearing shoes) plate 86.&#34 </p> <p>Sheet comprises sequence of 36 photographic images, set in 3 rows, showing movement from right hand side, back and front, at around 45 degrees to the left, of the subject.</p></scopecontent>",
"ephemera": null,
"schema": null
},
"id": "C9317790",
"isParent": false,
"catalogueLevel": 7,
"parentId": "C326131",
"DescriptionText": "\"Photograph of female ascending incline (wearing shoes) plate 86.\" \nSheet comprises sequence of 36 photographic images, set in 3 rows, showing movement from right hand side, back and front, at around 45 degrees to the left, of the subject."
},
"C9317791": {
"catalogueId": -4603879,
"citableReference": "COPY 1/383/91",
"coveringFromDate": 18870425,
"coveringToDate": 18870425,
"scopeContent": {
"placeNames": [],
"description": "<scopecontent><p>&#34Photograph of female ascending incline, bucket of water in each hand (shoes) plate 87.&#34 </p> <p>Sheet comprises sequence of 36 photographic images, set in 3 rows, showing movement from right hand side, back and front, at around 45 degrees to the left, of the subject.</p></scopecontent>",
"ephemera": null,
"schema": null
},
"id": "C9317791",
"isParent": false,
"catalogueLevel": 7,
"parentId": "C326131",
"DescriptionText": "\"Photograph of female ascending incline, bucket of water in each hand (shoes) plate 87.\" \nSheet comprises sequence of 36 photographic images, set in 3 rows, showing movement from right hand side, back and front, at around 45 degrees to the left, of the subject."
},
"C9317792": {
"catalogueId": -4603880,
"citableReference": "COPY 1/383/92",
"coveringFromDate": 18870425,
"coveringToDate": 18870425,
"scopeContent": {
"placeNames": [],
"description": "<scopecontent><p>&#34Photograph of male ascending stairs, plate 88.&#34 </p> <p>Sheet comprises sequence of 33 photographic images, set in 3 rows, showing movement from right hand side, front and back. </p></scopecontent>",
"ephemera": null,
"schema": null
},
"id": "C9317792",
"isParent": false,
"catalogueLevel": 7,
"parentId": "C326131",
"DescriptionText": "\"Photograph of male ascending stairs, plate 88.\" \nSheet comprises sequence of 33 photographic images, set in 3 rows, showing movement from right hand side, front and back. "
},
"C9317793": {
"catalogueId": -4603881,
"citableReference": "COPY 1/383/93",
"coveringFromDate": 18870425,
"coveringToDate": 18870425,
"scopeContent": {
"placeNames": [],
"description": "<scopecontent><p>&#34Photograph of male ascending stairs, plate 89.&#34 </p> <p>Sheet comprises sequence of 24 photographic images, set in 2 rows, showing movement from right hand side and back of the subject.</p></scopecontent>",
"ephemera": null,
"schema": null
},
"id": "C9317793",
"isParent": false,
"catalogueLevel": 7,
"parentId": "C326131",
"DescriptionText": "\"Photograph of male ascending stairs, plate 89.\" \nSheet comprises sequence of 24 photographic images, set in 2 rows, showing movement from right hand side and back of the subject."
},
"C9317794": {
"catalogueId": -4603882,
"citableReference": "COPY 1/383/94",
"coveringFromDate": 18870425,
"coveringToDate": 18870425,
"scopeContent": {
"placeNames": [],
"description": "<scopecontent><p>&#34Photograph of male ascending stairs, plate 90.&#34 </p> <p>Sheet comprises sequence of 30 photographic images, set in 3 rows, showing movement from right hand side, front and back of the subject.</p></scopecontent>",
"ephemera": null,
"schema": null
},
"id": "C9317794",
"isParent": false,
"catalogueLevel": 7,
"parentId": "C326131",
"DescriptionText": "\"Photograph of male ascending stairs, plate 90.\" \nSheet comprises sequence of 30 photographic images, set in 3 rows, showing movement from right hand side, front and back of the subject."
},
"C9317795": {
"catalogueId": -4603883,
"citableReference": "COPY 1/383/95",
"coveringFromDate": 18870425,
"coveringToDate": 18870425,
"scopeContent": {
"placeNames": [],
"description": "<scopecontent><p>&#34Photograph of male ascending stairs, plate 91.&#34 </p> <p>Sheet comprises sequence of 12 photographic images, set in 2 rows, showing movement from right hand side of subject.</p></scopecontent>",
"ephemera": null,
"schema": null
},
"id": "C9317795",
"isParent": false,
"catalogueLevel": 7,
"parentId": "C326131",
"DescriptionText": "\"Photograph of male ascending stairs, plate 91.\" \nSheet comprises sequence of 12 photographic images, set in 2 rows, showing movement from right hand side of subject."
},
"C9317796": {
"catalogueId": -4603884,
"citableReference": "COPY 1/383/96",
"coveringFromDate": 18870425,
"coveringToDate": 18870425,
"scopeContent": {
"placeNames": [],
"description": "<scopecontent><p>&#34Photograph of female ascending stairs, plate 92.&#34 </p> <p>Sheet comprises sequence of 24 photographic images, set in 2 rows, showing movement from the right hand side and back of the subject.</p></scopecontent>",
"ephemera": null,
"schema": null
},
"id": "C9317796",
"isParent": false,
"catalogueLevel": 7,
"parentId": "C326131",
"DescriptionText": "\"Photograph of female ascending stairs, plate 92.\" \nSheet comprises sequence of 24 photographic images, set in 2 rows, showing movement from the right hand side and back of the subject."
},
"C9317797": {
"catalogueId": -4603885,
"citableReference": "COPY 1/383/97",
"coveringFromDate": 18870425,
"coveringToDate": 18870425,
"scopeContent": {
"placeNames": [],
"description": "<scopecontent><p>&#34Photograph of female ascending stairs, plate 93.&#34 </p> <p>Sheet comprises two sequences. First sequence comprises 12 photographic images, set in a single row, showing movement from right hand side of subject. Second sequence comprises 12 photographic images, in 2 rows, showing movement from back of the subject.</p></scopecontent>",
"ephemera": null,
"schema": null
},
"id": "C9317797",
"isParent": false,
"catalogueLevel": 7,
"parentId": "C326131",
"DescriptionText": "\"Photograph of female ascending stairs, plate 93.\" \nSheet comprises two sequences. First sequence comprises 12 photographic images, set in a single row, showing movement from right hand side of subject. Second sequence comprises 12 photographic images, in 2 rows, showing movement from back of the subject."
},
"C9317798": {
"catalogueId": -4603886,
"citableReference": "COPY 1/383/98",
"coveringFromDate": 18870425,
"coveringToDate": 18870425,
"scopeContent": {
"placeNames": [],
"description": "<scopecontent><p>&#34Photograph of female ascending stairs, looking around, basin in hands, plate 94.&#34 </p> <p>Sheet comprises sequence of 24 photographic images, set in 2 rows, showing movement from right hand side and back of the subject.</p></scopecontent>",
"ephemera": null,
"schema": null
},
"id": "C9317798",
"isParent": false,
"catalogueLevel": 7,
"parentId": "C326131",
"DescriptionText": "\"Photograph of female ascending stairs, looking around, basin in hands, plate 94.\" \nSheet comprises sequence of 24 photographic images, set in 2 rows, showing movement from right hand side and back of the subject."
},
"C9317799": {
"catalogueId": -4603887,
"citableReference": "COPY 1/383/99",
"coveringFromDate": 18870425,
"coveringToDate": 18870425,
"scopeContent": {
"placeNames": [],
"description": "<scopecontent><p>&#34Photograph of female ascending stairs, a basin in hands, plate 95.&#34 </p> <p>Sheet comprises sequence of 24 photographic images, set in 2 rows, showing movement from right hand side and back of the dressed subject.</p></scopecontent>",
"ephemera": null,
"schema": null
},
"id": "C9317799",
"isParent": false,
"catalogueLevel": 7,
"parentId": "C326131",
"DescriptionText": "\"Photograph of female ascending stairs, a basin in hands, plate 95.\" \nSheet comprises sequence of 24 photographic images, set in 2 rows, showing movement from right hand side and back of the dressed subject."
},
"C9317800": {
"catalogueId": -4603888,
"citableReference": "COPY 1/383/100",
"coveringFromDate": 18870425,
"coveringToDate": 18870425,
"scopeContent": {
"placeNames": [],
"description": "<scopecontent><p>&#34Photograph of female ascending stairs, looking round, waving handkerchief, plate 96.&#34 </p> <p>Sheet comprises sequence of 24 photographic images, set in 2 rows, showing movement from right hand side and back of the subject.</p></scopecontent>",
"ephemera": null,
"schema": null
},
"id": "C9317800",
"isParent": false,
"catalogueLevel": 7,
"parentId": "C326131",
"DescriptionText": "\"Photograph of female ascending stairs, looking round, waving handkerchief, plate 96.\" \nSheet comprises sequence of 24 photographic images, set in 2 rows, showing movement from right hand side and back of the subject."
},
"C9317801": {
"catalogueId": -4603889,
"citableReference": "COPY 1/383/101",
"coveringFromDate": 18870425,
"coveringToDate": 18870425,
"scopeContent": {
"placeNames": [],
"description": "<scopecontent><p>&#34Photograph of female turning to ascend stairs, with a pitcher and goblet in hands, plate 97.&#34 </p> <p>Sheet comprises sequence of 36 photographic images, set in 3 rows, showing movement from right hand side, left hand side, back and front, of dressed subject. </p></scopecontent>",
"ephemera": null,
"schema": null
},
"id": "C9317801",
"isParent": false,
"catalogueLevel": 7,
"parentId": "C326131",
"DescriptionText": "\"Photograph of female turning to ascend stairs, with a pitcher and goblet in hands, plate 97.\" \nSheet comprises sequence of 36 photographic images, set in 3 rows, showing movement from right hand side, left hand side, back and front, of dressed subject. "
},
"C9317802": {
"catalogueId": -4603890,
"citableReference": "COPY 1/383/102",
"coveringFromDate": 18870425,
"coveringToDate": 18870425,
"scopeContent": {
"placeNames": [],
"description": "<scopecontent><p>&#34Photograph of female turning and ascending stairs, plate 98.&#34 </p> <p>Sheet comprises sequence of 24 photographic images, set in 2 rows, showing movement from right hand side and back of the subject. </p></scopecontent>",
"ephemera": null,
"schema": null
},
"id": "C9317802",
"isParent": false,
"catalogueLevel": 7,
"parentId": "C326131",
"DescriptionText": "\"Photograph of female turning and ascending stairs, plate 98.\" \nSheet comprises sequence of 24 photographic images, set in 2 rows, showing movement from right hand side and back of the subject. "
},
"C9317803": {
"catalogueId": -4603891,
"citableReference": "COPY 1/383/103",
"coveringFromDate": 18870425,
"coveringToDate": 18870425,
"scopeContent": {
"placeNames": [],
"description": "<scopecontent><p>&#34Photograph of female turning and ascending stairs, plate 99.&#34 </p> <p>Sheet comprises sequence of 24 photographic images, set in 2 rows, showing movement from right hand side and front of the subject.</p></scopecontent>",
"ephemera": null,
"schema": null
},
"id": "C9317803",
"isParent": false,
"catalogueLevel": 7,
"parentId": "C326131",
"DescriptionText": "\"Photograph of female turning and ascending stairs, plate 99.\" \nSheet comprises sequence of 24 photographic images, set in 2 rows, showing movement from right hand side and front of the subject."
},
"C9317804": {
"catalogueId": -4603892,
"citableReference": "COPY 1/383/104",
"coveringFromDate": 18870425,
"coveringToDate": 18870425,
"scopeContent": {
"placeNames": [],
"description": "<scopecontent><p>&#34Photograph of female turning and ascending stairs, plate 100.&#34 </p> <p>Sheet comprises two sequences. First sequence comprises 12 photographic images, set in 2 rows, showing movement from right hand side of dressed subject. Second sequence comprises 12 photographic images, in a single row, showing movement from front of the dressed subject.</p></scopecontent>",
"ephemera": null,
"schema": null
},
"id": "C9317804",
"isParent": false,
"catalogueLevel": 7,
"parentId": "C326131",
"DescriptionText": "\"Photograph of female turning and ascending stairs, plate 100.\" \nSheet comprises two sequences. First sequence comprises 12 photographic images, set in 2 rows, showing movement from right hand side of dressed subject. Second sequence comprises 12 photographic images, in a single row, showing movement from front of the dressed subject."
}
}