{
"C9317806": {
"catalogueId": -4603894,
"citableReference": "COPY 1/384/1",
"coveringFromDate": 18870425,
"coveringToDate": 18870425,
"scopeContent": {
"placeNames": [],
"description": "<scopecontent><p>&#34Photograph of female turning and ascending stairs, waving hand, plate 101.&#34 </p> <p>Sheet comprises sequence of 33 photographic images, set in 3 rows, showing movement from left hand side, front and back of subject.</p></scopecontent>",
"ephemera": null,
"schema": null
},
"id": "C9317806",
"isParent": false,
"catalogueLevel": 7,
"parentId": "C326132",
"DescriptionText": "\"Photograph of female turning and ascending stairs, waving hand, plate 101.\" \nSheet comprises sequence of 33 photographic images, set in 3 rows, showing movement from left hand side, front and back of subject."
},
"C9317807": {
"catalogueId": -4603895,
"citableReference": "COPY 1/384/2",
"coveringFromDate": 18870425,
"coveringToDate": 18870425,
"scopeContent": {
"placeNames": [],
"description": "<scopecontent><p>&#34Photograph of female turning, ascending stairs, bucket water in right hand, plate 102.&#34 </p> <p>Sheet comprises sequence of 33 photographic images, set in 3 rows, showing movement from left hand side, front and back, at around 45 degrees to the left, of the subject.</p></scopecontent>",
"ephemera": null,
"schema": null
},
"id": "C9317807",
"isParent": false,
"catalogueLevel": 7,
"parentId": "C326132",
"DescriptionText": "\"Photograph of female turning, ascending stairs, bucket water in right hand, plate 102.\" \nSheet comprises sequence of 33 photographic images, set in 3 rows, showing movement from left hand side, front and back, at around 45 degrees to the left, of the subject."
},
"C9317808": {
"catalogueId": -4603896,
"citableReference": "COPY 1/384/3",
"coveringFromDate": 18870425,
"coveringToDate": 18870425,
"scopeContent": {
"placeNames": [],
"description": "<scopecontent><p>&#34Photograph of female turning and ascending stairs, pitcher and goblet in hands, plate 103.&#34 </p> <p>Sheet comprises sequence of 36 photographic images, set in 3 rows, showing movement from right hand side, front, at around 45 degrees to the left, and back, at around 45 degrees to the right, of the subject.</p></scopecontent>",
"ephemera": null,
"schema": null
},
"id": "C9317808",
"isParent": false,
"catalogueLevel": 7,
"parentId": "C326132",
"DescriptionText": "\"Photograph of female turning and ascending stairs, pitcher and goblet in hands, plate 103.\" \nSheet comprises sequence of 36 photographic images, set in 3 rows, showing movement from right hand side, front, at around 45 degrees to the left, and back, at around 45 degrees to the right, of the subject."
},
"C9317809": {
"catalogueId": -4603897,
"citableReference": "COPY 1/384/4",
"coveringFromDate": 18870425,
"coveringToDate": 18870425,
"scopeContent": {
"placeNames": [],
"description": "<scopecontent><p>&#34Photograph of female turning, ascending stairs, bucket water in each hand, plate 104.&#34 </p> <p>Sheet comprises sequence of 36 photographic images, set in 3 rows, showing movement from right hand side, front, at around 45 degrees to the left, and back, at around 45 degrees to the right, of subject.</p></scopecontent>",
"ephemera": null,
"schema": null
},
"id": "C9317809",
"isParent": false,
"catalogueLevel": 7,
"parentId": "C326132",
"DescriptionText": "\"Photograph of female turning, ascending stairs, bucket water in each hand, plate 104.\" \nSheet comprises sequence of 36 photographic images, set in 3 rows, showing movement from right hand side, front, at around 45 degrees to the left, and back, at around 45 degrees to the right, of subject."
},
"C9317810": {
"catalogueId": -4603898,
"citableReference": "COPY 1/384/5",
"coveringFromDate": 18870425,
"coveringToDate": 18870425,
"scopeContent": {
"placeNames": [],
"description": "<scopecontent><p>&#34Photograph of female turning, ascending stairs, water jar on left shoulder, plate 105.&#34 </p> <p>Sheet comprises sequence of 36 photographic images, set in 3 rows, showing movement from left hand side, front and back, at around 45 degrees to the right, of the subject. </p></scopecontent>",
"ephemera": null,
"schema": null
},
"id": "C9317810",
"isParent": false,
"catalogueLevel": 7,
"parentId": "C326132",
"DescriptionText": "\"Photograph of female turning, ascending stairs, water jar on left shoulder, plate 105.\" \nSheet comprises sequence of 36 photographic images, set in 3 rows, showing movement from left hand side, front and back, at around 45 degrees to the right, of the subject. "
},
"C9317811": {
"catalogueId": -4603899,
"citableReference": "COPY 1/384/6",
"coveringFromDate": 18870425,
"coveringToDate": 18870425,
"scopeContent": {
"placeNames": [],
"description": "<scopecontent><p>&#34Photograph of female turning to ascend stairs, bucket of water in each hand, plate 106.&#34 </p> <p>Sheet comprises sequence of 36 photographic images, set in 3 rows, showing movement from right hand side, front, at around 45 degrees to the right, and back of the subject.</p></scopecontent>",
"ephemera": null,
"schema": null
},
"id": "C9317811",
"isParent": false,
"catalogueLevel": 7,
"parentId": "C326132",
"DescriptionText": "\"Photograph of female turning to ascend stairs, bucket of water in each hand, plate 106.\" \nSheet comprises sequence of 36 photographic images, set in 3 rows, showing movement from right hand side, front, at around 45 degrees to the right, and back of the subject."
},
"C9317812": {
"catalogueId": -4603900,
"citableReference": "COPY 1/384/7",
"coveringFromDate": 18870425,
"coveringToDate": 18870425,
"scopeContent": {
"placeNames": [],
"description": "<scopecontent><p>&#34Photograph of female turning to ascend stairs, bucket of water and broom in hands, plate 107.&#34 </p> <p>Sheet comprises sequence of 36 photographic images, set in 3 rows, showing movement from right hand side, back, and front, at around 45 degrees to the left, of the dressed subject.</p></scopecontent>",
"ephemera": null,
"schema": null
},
"id": "C9317812",
"isParent": false,
"catalogueLevel": 7,
"parentId": "C326132",
"DescriptionText": "\"Photograph of female turning to ascend stairs, bucket of water and broom in hands, plate 107.\" \nSheet comprises sequence of 36 photographic images, set in 3 rows, showing movement from right hand side, back, and front, at around 45 degrees to the left, of the dressed subject."
},
"C9317813": {
"catalogueId": -4603901,
"citableReference": "COPY 1/384/8",
"coveringFromDate": 18870425,
"coveringToDate": 18870425,
"scopeContent": {
"placeNames": [],
"description": "<scopecontent><p>&#34Photograph of female turning to ascend stairs, stooping, lifting a pitcher, plate 108.&#34 </p> <p>Sheet comprises sequence of 36 photographic images, set in 3 rows, showing movement from right hand side, front and back of subject. </p></scopecontent>",
"ephemera": null,
"schema": null
},
"id": "C9317813",
"isParent": false,
"catalogueLevel": 7,
"parentId": "C326132",
"DescriptionText": "\"Photograph of female turning to ascend stairs, stooping, lifting a pitcher, plate 108.\" \nSheet comprises sequence of 36 photographic images, set in 3 rows, showing movement from right hand side, front and back of subject. "
},
"C9317814": {
"catalogueId": -4603902,
"citableReference": "COPY 1/384/9",
"coveringFromDate": 18870425,
"coveringToDate": 18870425,
"scopeContent": {
"placeNames": [],
"description": "<scopecontent><p>&#34Photograph of male ascending step ladder, plate 109.&#34 </p> <p>Sheet comprises sequence of 24 photographic images, set in 2 rows, showing movement from right hand side and back of subject. </p></scopecontent>",
"ephemera": null,
"schema": null
},
"id": "C9317814",
"isParent": false,
"catalogueLevel": 7,
"parentId": "C326132",
"DescriptionText": "\"Photograph of male ascending step ladder, plate 109.\" \nSheet comprises sequence of 24 photographic images, set in 2 rows, showing movement from right hand side and back of subject. "
},
"C9317815": {
"catalogueId": -4603903,
"citableReference": "COPY 1/384/10",
"coveringFromDate": 18870425,
"coveringToDate": 18870425,
"scopeContent": {
"placeNames": [],
"description": "<scopecontent><p>&#34Photograph of female ascending step ladder, two steps at a time, plate 110.&#34 </p> <p>Sheet comprises sequence of 33 photographic images, set in 3 rows, showing movement from left hand side, back, and front, at around 45 degrees to the left, of the subject.</p></scopecontent>",
"ephemera": null,
"schema": null
},
"id": "C9317815",
"isParent": false,
"catalogueLevel": 7,
"parentId": "C326132",
"DescriptionText": "\"Photograph of female ascending step ladder, two steps at a time, plate 110.\" \nSheet comprises sequence of 33 photographic images, set in 3 rows, showing movement from left hand side, back, and front, at around 45 degrees to the left, of the subject."
},
"C9317816": {
"catalogueId": -4603904,
"citableReference": "COPY 1/384/11",
"coveringFromDate": 18870425,
"coveringToDate": 18870425,
"scopeContent": {
"placeNames": [],
"description": "<scopecontent><p>&#34Photograph of male ascending ladder, plate 111.&#34</p> <p>Sheet comprises sequence of 22 photographic images, set in 2 rows, showing movement from back and left hand side of subject. </p></scopecontent>",
"ephemera": null,
"schema": null
},
"id": "C9317816",
"isParent": false,
"catalogueLevel": 7,
"parentId": "C326132",
"DescriptionText": "\"Photograph of male ascending ladder, plate 111.\"\nSheet comprises sequence of 22 photographic images, set in 2 rows, showing movement from back and left hand side of subject. "
},
"C9317817": {
"catalogueId": -4603905,
"citableReference": "COPY 1/384/12",
"coveringFromDate": 18870425,
"coveringToDate": 18870425,
"scopeContent": {
"placeNames": [],
"description": "<scopecontent><p>&#34Photograph of female ascending ladder, plate 112.&#34</p> <p>Sheet comprises sequence of 36 photographic images, set in 3 rows, showing movement from back, right hand side and left hand side of subject. </p></scopecontent>",
"ephemera": null,
"schema": null
},
"id": "C9317817",
"isParent": false,
"catalogueLevel": 7,
"parentId": "C326132",
"DescriptionText": "\"Photograph of female ascending ladder, plate 112.\"\nSheet comprises sequence of 36 photographic images, set in 3 rows, showing movement from back, right hand side and left hand side of subject. "
},
"C9317818": {
"catalogueId": -4603906,
"citableReference": "COPY 1/384/13",
"coveringFromDate": 18870425,
"coveringToDate": 18870425,
"scopeContent": {
"placeNames": [],
"description": "<scopecontent><p>&#34Photograph of male descending incline, angle 1 in 4, plate 113.&#34</p> <p>Sheet comprises sequence of 24 photographic images, set in 2 rows, showing movement from right hand side and front of subject. </p></scopecontent>",
"ephemera": null,
"schema": null
},
"id": "C9317818",
"isParent": false,
"catalogueLevel": 7,
"parentId": "C326132",
"DescriptionText": "\"Photograph of male descending incline, angle 1 in 4, plate 113.\"\nSheet comprises sequence of 24 photographic images, set in 2 rows, showing movement from right hand side and front of subject. "
},
"C9317819": {
"catalogueId": -4603907,
"citableReference": "COPY 1/384/14",
"coveringFromDate": 18870425,
"coveringToDate": 18870425,
"scopeContent": {
"placeNames": [],
"description": "<scopecontent><p>&#34Photograph of male descending incline, plate 114.&#34</p> <p>Sheet comprises sequence of 36 photographic images, set in 3 rows, showing movement from right hand side, front and back of subject.</p></scopecontent>",
"ephemera": null,
"schema": null
},
"id": "C9317819",
"isParent": false,
"catalogueLevel": 7,
"parentId": "C326132",
"DescriptionText": "\"Photograph of male descending incline, plate 114.\"\nSheet comprises sequence of 36 photographic images, set in 3 rows, showing movement from right hand side, front and back of subject."
},
"C9317820": {
"catalogueId": -4603908,
"citableReference": "COPY 1/384/15",
"coveringFromDate": 18870425,
"coveringToDate": 18870425,
"scopeContent": {
"placeNames": [],
"description": "<scopecontent><p>&#34Photograph of female descending incline with hands clasped in front, plate 115.&#34</p> <p>Sheet comprises sequence of 24 photographic images, set in 2 rows, showing movement from left hand side and front of subject. </p></scopecontent>",
"ephemera": null,
"schema": null
},
"id": "C9317820",
"isParent": false,
"catalogueLevel": 7,
"parentId": "C326132",
"DescriptionText": "\"Photograph of female descending incline with hands clasped in front, plate 115.\"\nSheet comprises sequence of 24 photographic images, set in 2 rows, showing movement from left hand side and front of subject. "
},
"C9317821": {
"catalogueId": -4603909,
"citableReference": "COPY 1/384/16",
"coveringFromDate": 18870425,
"coveringToDate": 18870425,
"scopeContent": {
"placeNames": [],
"description": "<scopecontent><p>&#34Photograph of female descending incline, one hand on chin, plate 116.&#34 </p> <p>Sheet comprises sequence of 36 photographic images, set in 3 rows, showing movement from right hand side, front and back, at around 45 degrees to the right, of the subject.</p></scopecontent>",
"ephemera": null,
"schema": null
},
"id": "C9317821",
"isParent": false,
"catalogueLevel": 7,
"parentId": "C326132",
"DescriptionText": "\"Photograph of female descending incline, one hand on chin, plate 116.\" \nSheet comprises sequence of 36 photographic images, set in 3 rows, showing movement from right hand side, front and back, at around 45 degrees to the right, of the subject."
},
"C9317822": {
"catalogueId": -4603910,
"citableReference": "COPY 1/384/17",
"coveringFromDate": 18870425,
"coveringToDate": 18870425,
"scopeContent": {
"placeNames": [],
"description": "<scopecontent><p>&#34Photograph of female descending incline, plate 117.&#34 </p> <p>Sheet comprises sequence of 36 photographic images, set in 3 rows, showing movement from right hand side, front and back, at around 45 degrees to the right, of the subject.</p></scopecontent>",
"ephemera": null,
"schema": null
},
"id": "C9317822",
"isParent": false,
"catalogueLevel": 7,
"parentId": "C326132",
"DescriptionText": "\"Photograph of female descending incline, plate 117.\" \nSheet comprises sequence of 36 photographic images, set in 3 rows, showing movement from right hand side, front and back, at around 45 degrees to the right, of the subject."
},
"C9317823": {
"catalogueId": -4603911,
"citableReference": "COPY 1/384/18",
"coveringFromDate": 18870425,
"coveringToDate": 18870425,
"scopeContent": {
"placeNames": [],
"description": "<scopecontent><p>&#34Photograph of female descending incline, plate 118.&#34 </p> <p>Sheet comprises two sequences. First sequence comprises 12 photographic images, set in 1 row, showing movement from right hand side of subject. Second sequence comprises 12 photographic images, in 2 rows, showing movement from back of the subject. </p></scopecontent>",
"ephemera": null,
"schema": null
},
"id": "C9317823",
"isParent": false,
"catalogueLevel": 7,
"parentId": "C326132",
"DescriptionText": "\"Photograph of female descending incline, plate 118.\" \nSheet comprises two sequences. First sequence comprises 12 photographic images, set in 1 row, showing movement from right hand side of subject. Second sequence comprises 12 photographic images, in 2 rows, showing movement from back of the subject. "
},
"C9317824": {
"catalogueId": -4603912,
"citableReference": "COPY 1/384/19",
"coveringFromDate": 18870425,
"coveringToDate": 18870425,
"scopeContent": {
"placeNames": [],
"description": "<scopecontent><p>&#34Photograph of female descending incline, right hand on breast (shoes) plate 119.&#34 </p> <p>Sheet comprises sequence of 37 photographic images, set in 3 rows, showing movement from right hand side, front and back, at around 45 degrees to the right, of the subject. The additional image may be seen in the third row. It, and the preceding image, do not show subject. </p></scopecontent>",
"ephemera": null,
"schema": null
},
"id": "C9317824",
"isParent": false,
"catalogueLevel": 7,
"parentId": "C326132",
"DescriptionText": "\"Photograph of female descending incline, right hand on breast (shoes) plate 119.\" \nSheet comprises sequence of 37 photographic images, set in 3 rows, showing movement from right hand side, front and back, at around 45 degrees to the right, of the subject. The additional image may be seen in the third row. It, and the preceding image, do not show subject. "
},
"C9317825": {
"catalogueId": -4603913,
"citableReference": "COPY 1/384/20",
"coveringFromDate": 18870425,
"coveringToDate": 18870425,
"scopeContent": {
"placeNames": [],
"description": "<scopecontent><p>&#34Photograph of female descending incline, bucket of water in right hand, plate 120.&#34 </p> <p>Sheet comprises sequence of 12 photographic images, set in 2 rows, showing movement from right hand side and back of subject. </p></scopecontent>",
"ephemera": null,
"schema": null
},
"id": "C9317825",
"isParent": false,
"catalogueLevel": 7,
"parentId": "C326132",
"DescriptionText": "\"Photograph of female descending incline, bucket of water in right hand, plate 120.\" \nSheet comprises sequence of 12 photographic images, set in 2 rows, showing movement from right hand side and back of subject. "
},
"C9317826": {
"catalogueId": -4603914,
"citableReference": "COPY 1/384/21",
"coveringFromDate": 18870425,
"coveringToDate": 18870425,
"scopeContent": {
"placeNames": [],
"description": "<scopecontent><p>&#34Photograph of female descending incline, bucket of water in each hand, plate 121.&#34 </p> <p>Sheet comprises sequence of 36 photographic images, set in 3 rows, showing movement from right hand side, front and back, at around 45 degrees to the right, of the subject..</p></scopecontent>",
"ephemera": null,
"schema": null
},
"id": "C9317826",
"isParent": false,
"catalogueLevel": 7,
"parentId": "C326132",
"DescriptionText": "\"Photograph of female descending incline, bucket of water in each hand, plate 121.\" \nSheet comprises sequence of 36 photographic images, set in 3 rows, showing movement from right hand side, front and back, at around 45 degrees to the right, of the subject.."
},
"C9317827": {
"catalogueId": -4603915,
"citableReference": "COPY 1/384/22",
"coveringFromDate": 18870425,
"coveringToDate": 18870425,
"scopeContent": {
"placeNames": [],
"description": "<scopecontent><p>&#34Photograph of female descending incline, bucket of water in each hand, plate 122.&#34 </p> <p>Sheet comprises sequence of 36 photographic images, set in 3 rows, showing movement from right hand side, front and back, at around 45 degrees to the right, of the subject.</p></scopecontent>",
"ephemera": null,
"schema": null
},
"id": "C9317827",
"isParent": false,
"catalogueLevel": 7,
"parentId": "C326132",
"DescriptionText": "\"Photograph of female descending incline, bucket of water in each hand, plate 122.\" \nSheet comprises sequence of 36 photographic images, set in 3 rows, showing movement from right hand side, front and back, at around 45 degrees to the right, of the subject."
},
"C9317828": {
"catalogueId": -4603916,
"citableReference": "COPY 1/384/23",
"coveringFromDate": 18870425,
"coveringToDate": 18870425,
"scopeContent": {
"placeNames": [],
"description": "<scopecontent><p>&#34Photograph of female descending incline, 20lb basket on head, hands raised, plate 123.&#34 </p> <p>Sheet comprises sequence of 36 photographic images, set in 3 rows, showing movement from right hand side, front and back, at around 45 degrees to the right, of the subject.</p></scopecontent>",
"ephemera": null,
"schema": null
},
"id": "C9317828",
"isParent": false,
"catalogueLevel": 7,
"parentId": "C326132",
"DescriptionText": "\"Photograph of female descending incline, 20lb basket on head, hands raised, plate 123.\" \nSheet comprises sequence of 36 photographic images, set in 3 rows, showing movement from right hand side, front and back, at around 45 degrees to the right, of the subject."
},
"C9317829": {
"catalogueId": -4603917,
"citableReference": "COPY 1/384/24",
"coveringFromDate": 18870425,
"coveringToDate": 18870425,
"scopeContent": {
"placeNames": [],
"description": "<scopecontent><p>&#34Photograph of female descending incline, 20lb basket on head, hands raised, plate 124.&#34 </p> <p>Sheet comprises sequence of 36 photographic images, set in 3 rows, showing movement from right hand side, front and back, at around 45 degrees to the right, of the subject.</p></scopecontent>",
"ephemera": null,
"schema": null
},
"id": "C9317829",
"isParent": false,
"catalogueLevel": 7,
"parentId": "C326132",
"DescriptionText": "\"Photograph of female descending incline, 20lb basket on head, hands raised, plate 124.\" \nSheet comprises sequence of 36 photographic images, set in 3 rows, showing movement from right hand side, front and back, at around 45 degrees to the right, of the subject."
},
"C9317830": {
"catalogueId": -4603918,
"citableReference": "COPY 1/384/25",
"coveringFromDate": 18870425,
"coveringToDate": 18870425,
"scopeContent": {
"placeNames": [],
"description": "<scopecontent><p>&#34Photograph of male descending stairs, plate 125.&#34 </p> <p>Sheet comprises sequence of 36 photographic images, set in 3 rows, showing movement from right hand side, front and back of subject.</p></scopecontent>",
"ephemera": null,
"schema": null
},
"id": "C9317830",
"isParent": false,
"catalogueLevel": 7,
"parentId": "C326132",
"DescriptionText": "\"Photograph of male descending stairs, plate 125.\" \nSheet comprises sequence of 36 photographic images, set in 3 rows, showing movement from right hand side, front and back of subject."
},
"C9317831": {
"catalogueId": -4603919,
"citableReference": "COPY 1/384/26",
"coveringFromDate": 18870425,
"coveringToDate": 18870425,
"scopeContent": {
"placeNames": [],
"description": "<scopecontent><p>&#34Photograph of male descending stairs, plate 126.&#34 </p> <p>Sheet comprises two sequences. First sequence comprises 6 photographic images, set in 1 row, showing movement from right hand side of subject. Second sequence comprises 5 photographic images, in 1 row, showing movement from right hand side of the subject.</p></scopecontent>",
"ephemera": null,
"schema": null
},
"id": "C9317831",
"isParent": false,
"catalogueLevel": 7,
"parentId": "C326132",
"DescriptionText": "\"Photograph of male descending stairs, plate 126.\" \nSheet comprises two sequences. First sequence comprises 6 photographic images, set in 1 row, showing movement from right hand side of subject. Second sequence comprises 5 photographic images, in 1 row, showing movement from right hand side of the subject."
},
"C9317832": {
"catalogueId": -4603920,
"citableReference": "COPY 1/384/27",
"coveringFromDate": 18870425,
"coveringToDate": 18870425,
"scopeContent": {
"placeNames": [],
"description": "<scopecontent><p>&#34Photograph of male descending stairs, plate 127.&#34 </p> <p>Sheet comprises sequence of 18 photographic images, set in 3 rows, showing movement from right hand side, front and back of subject. </p></scopecontent>",
"ephemera": null,
"schema": null
},
"id": "C9317832",
"isParent": false,
"catalogueLevel": 7,
"parentId": "C326132",
"DescriptionText": "\"Photograph of male descending stairs, plate 127.\" \nSheet comprises sequence of 18 photographic images, set in 3 rows, showing movement from right hand side, front and back of subject. "
},
"C9317833": {
"catalogueId": -4603921,
"citableReference": "COPY 1/384/28",
"coveringFromDate": 18870425,
"coveringToDate": 18870425,
"scopeContent": {
"placeNames": [],
"description": "<scopecontent><p>&#34Photograph of female descending stairs, hands clasped, plate 128.&#34 </p> <p>Sheet comprises sequence of 18 photographic images, set in 2 rows, showing movement from left hand side and front of subject. </p></scopecontent>",
"ephemera": null,
"schema": null
},
"id": "C9317833",
"isParent": false,
"catalogueLevel": 7,
"parentId": "C326132",
"DescriptionText": "\"Photograph of female descending stairs, hands clasped, plate 128.\" \nSheet comprises sequence of 18 photographic images, set in 2 rows, showing movement from left hand side and front of subject. "
},
"C9317834": {
"catalogueId": -4603922,
"citableReference": "COPY 1/384/29",
"coveringFromDate": 18870425,
"coveringToDate": 18870425,
"scopeContent": {
"placeNames": [],
"description": "<scopecontent><p>&#34Photograph of female descending stairs, plate 129.&#34 </p> <p>Sheet comprises sequence of 24 photographic images, set in 2 rows, showing movement from right hand side and back of subject. </p></scopecontent>",
"ephemera": null,
"schema": null
},
"id": "C9317834",
"isParent": false,
"catalogueLevel": 7,
"parentId": "C326132",
"DescriptionText": "\"Photograph of female descending stairs, plate 129.\" \nSheet comprises sequence of 24 photographic images, set in 2 rows, showing movement from right hand side and back of subject. "
},
"C9317835": {
"catalogueId": -4603923,
"citableReference": "COPY 1/384/30",
"coveringFromDate": 18870425,
"coveringToDate": 18870425,
"scopeContent": {
"placeNames": [],
"description": "<scopecontent><p>&#34Photograph of female descending stairs, plate 130.&#34 </p> <p>Sheet comprises two sequences. First sequence comprises 12 photographic images, set in 1 row, showing movement from right hand side of subject. Second sequence comprises 12 photographic images, in 2 rows, showing movement from back of the subject.</p></scopecontent>",
"ephemera": null,
"schema": null
},
"id": "C9317835",
"isParent": false,
"catalogueLevel": 7,
"parentId": "C326132",
"DescriptionText": "\"Photograph of female descending stairs, plate 130.\" \nSheet comprises two sequences. First sequence comprises 12 photographic images, set in 1 row, showing movement from right hand side of subject. Second sequence comprises 12 photographic images, in 2 rows, showing movement from back of the subject."
},
"C9317836": {
"catalogueId": -4603924,
"citableReference": "COPY 1/384/31",
"coveringFromDate": 18870425,
"coveringToDate": 18870425,
"scopeContent": {
"placeNames": [],
"description": "<scopecontent><p>&#34Photograph of female descending stairs, waving hand, plate 131.&#34 </p> <p>Sheet comprises sequence of 24 photographic images, set in 2 rows, showing movement from front and left hand side of subject.</p></scopecontent>",
"ephemera": null,
"schema": null
},
"id": "C9317836",
"isParent": false,
"catalogueLevel": 7,
"parentId": "C326132",
"DescriptionText": "\"Photograph of female descending stairs, waving hand, plate 131.\" \nSheet comprises sequence of 24 photographic images, set in 2 rows, showing movement from front and left hand side of subject."
},
"C9317837": {
"catalogueId": -4603925,
"citableReference": "COPY 1/384/32",
"coveringFromDate": 18870425,
"coveringToDate": 18870425,
"scopeContent": {
"placeNames": [],
"description": "<scopecontent><p>&#34Photograph of female descending stairs, turning to look around and waving hand, plate 132.&#34 </p> <p>Sheet comprises sequence of 24 photographic images, set in 2 rows, showing movement from right hand side and front of subject. </p></scopecontent>",
"ephemera": null,
"schema": null
},
"id": "C9317837",
"isParent": false,
"catalogueLevel": 7,
"parentId": "C326132",
"DescriptionText": "\"Photograph of female descending stairs, turning to look around and waving hand, plate 132.\" \nSheet comprises sequence of 24 photographic images, set in 2 rows, showing movement from right hand side and front of subject. "
},
"C9317838": {
"catalogueId": -4603926,
"citableReference": "COPY 1/384/33",
"coveringFromDate": 18870425,
"coveringToDate": 18870425,
"scopeContent": {
"placeNames": [],
"description": "<scopecontent><p>&#34Photograph of female descending stairs, throwing handkerchief over shoulders, plate 133.&#34 </p> <p>Sheet comprises sequence of 33 photographic images, set in 3 rows, showing movement from left hand side, front and back, at around 45 degrees to the left, of the subject.</p></scopecontent>",
"ephemera": null,
"schema": null
},
"id": "C9317838",
"isParent": false,
"catalogueLevel": 7,
"parentId": "C326132",
"DescriptionText": "\"Photograph of female descending stairs, throwing handkerchief over shoulders, plate 133.\" \nSheet comprises sequence of 33 photographic images, set in 3 rows, showing movement from left hand side, front and back, at around 45 degrees to the left, of the subject."
},
"C9317839": {
"catalogueId": -4603927,
"citableReference": "COPY 1/384/34",
"coveringFromDate": 18870425,
"coveringToDate": 18870425,
"scopeContent": {
"placeNames": [],
"description": "<scopecontent><p>&#34Photograph of female descending stairs, with basin in hands, plate 134.&#34 </p> <p>Sheet comprises sequence of 24 photographic images, set in 2 rows, showing movement from right hand side and front of subject. </p></scopecontent>",
"ephemera": null,
"schema": null
},
"id": "C9317839",
"isParent": false,
"catalogueLevel": 7,
"parentId": "C326132",
"DescriptionText": "\"Photograph of female descending stairs, with basin in hands, plate 134.\" \nSheet comprises sequence of 24 photographic images, set in 2 rows, showing movement from right hand side and front of subject. "
},
"C9317840": {
"catalogueId": -4603928,
"citableReference": "COPY 1/384/35",
"coveringFromDate": 18870425,
"coveringToDate": 18870425,
"scopeContent": {
"placeNames": [],
"description": "<scopecontent><p>&#34Photograph of female descending stairs and turning, lamp in right hand, plate 135.&#34 </p> <p>Sheet comprises sequence of 12 photographic images, set in 2 rows, showing movement from left hand side and front of subject.</p></scopecontent>",
"ephemera": null,
"schema": null
},
"id": "C9317840",
"isParent": false,
"catalogueLevel": 7,
"parentId": "C326132",
"DescriptionText": "\"Photograph of female descending stairs and turning, lamp in right hand, plate 135.\" \nSheet comprises sequence of 12 photographic images, set in 2 rows, showing movement from left hand side and front of subject."
},
"C9317841": {
"catalogueId": -4603929,
"citableReference": "COPY 1/384/36",
"coveringFromDate": 18870425,
"coveringToDate": 18870425,
"scopeContent": {
"placeNames": [],
"description": "<scopecontent><p>&#34Photograph of male descending stairs, full demijohn on shoulder, plate 136.&#34 </p> <p>Sheet comprises sequence of 24 photographic images, set in 2 rows, showing movement from right hand side and front of subject.</p></scopecontent>",
"ephemera": null,
"schema": null
},
"id": "C9317841",
"isParent": false,
"catalogueLevel": 7,
"parentId": "C326132",
"DescriptionText": "\"Photograph of male descending stairs, full demijohn on shoulder, plate 136.\" \nSheet comprises sequence of 24 photographic images, set in 2 rows, showing movement from right hand side and front of subject."
},
"C9317842": {
"catalogueId": -4603930,
"citableReference": "COPY 1/384/37",
"coveringFromDate": 18870425,
"coveringToDate": 18870425,
"scopeContent": {
"placeNames": [],
"description": "<scopecontent><p>&#34Photograph of female descending stairs turning around, plate 137.&#34 </p> <p>The photographic sheet is missing. </p></scopecontent>",
"ephemera": null,
"schema": null
},
"id": "C9317842",
"isParent": false,
"catalogueLevel": 7,
"parentId": "C326132",
"DescriptionText": "\"Photograph of female descending stairs turning around, plate 137.\" \nThe photographic sheet is missing. "
},
"C9317843": {
"catalogueId": -4603931,
"citableReference": "COPY 1/384/38",
"coveringFromDate": 18870425,
"coveringToDate": 18870425,
"scopeContent": {
"placeNames": [],
"description": "<scopecontent><p>&#34Photograph of female descending stairs, turning, pitcher in left hand, plate 138.&#34 </p> <p>Sheet comprises sequence of 36 photographic images, set in 3 rows, showing movement from left hand side, back and front of subject. </p></scopecontent>",
"ephemera": null,
"schema": null
},
"id": "C9317843",
"isParent": false,
"catalogueLevel": 7,
"parentId": "C326132",
"DescriptionText": "\"Photograph of female descending stairs, turning, pitcher in left hand, plate 138.\" \nSheet comprises sequence of 36 photographic images, set in 3 rows, showing movement from left hand side, back and front of subject. "
},
"C9317844": {
"catalogueId": -4603932,
"citableReference": "COPY 1/384/39",
"coveringFromDate": 18870425,
"coveringToDate": 18870425,
"scopeContent": {
"placeNames": [],
"description": "<scopecontent><p>&#34Photograph of female descending stairs, turning, plate 139.&#34 </p> <p>Sheet comprises sequence of 33 photographic images, set in 3 rows, showing movement from right hand side, front and back, at around 45 degrees to the right, of the dressed subject.</p></scopecontent>",
"ephemera": null,
"schema": null
},
"id": "C9317844",
"isParent": false,
"catalogueLevel": 7,
"parentId": "C326132",
"DescriptionText": "\"Photograph of female descending stairs, turning, plate 139.\" \nSheet comprises sequence of 33 photographic images, set in 3 rows, showing movement from right hand side, front and back, at around 45 degrees to the right, of the dressed subject."
},
"C9317845": {
"catalogueId": -4603933,
"citableReference": "COPY 1/384/40",
"coveringFromDate": 18870425,
"coveringToDate": 18870425,
"scopeContent": {
"placeNames": [],
"description": "<scopecontent><p>&#34Photograph of female descending stairs, looking around and waving fan, plate 140.&#34 </p> <p>Sheet comprises sequence of 24 photographic images, set in 4 rows, showing movement from front and right hand side of dressed subject. </p></scopecontent>",
"ephemera": null,
"schema": null
},
"id": "C9317845",
"isParent": false,
"catalogueLevel": 7,
"parentId": "C326132",
"DescriptionText": "\"Photograph of female descending stairs, looking around and waving fan, plate 140.\" \nSheet comprises sequence of 24 photographic images, set in 4 rows, showing movement from front and right hand side of dressed subject. "
},
"C9317846": {
"catalogueId": -4603934,
"citableReference": "COPY 1/384/41",
"coveringFromDate": 18870425,
"coveringToDate": 18870425,
"scopeContent": {
"placeNames": [],
"description": "<scopecontent><p>&#34Photograph of female descending stairs, turning and flirting fan, plate 141.&#34 </p> <p>Sheet comprises sequence of 24 photographic images, set in 4 rows, showing movement from left hand side, back, right hand side and front of dressed subject. </p></scopecontent>",
"ephemera": null,
"schema": null
},
"id": "C9317846",
"isParent": false,
"catalogueLevel": 7,
"parentId": "C326132",
"DescriptionText": "\"Photograph of female descending stairs, turning and flirting fan, plate 141.\" \nSheet comprises sequence of 24 photographic images, set in 4 rows, showing movement from left hand side, back, right hand side and front of dressed subject. "
},
"C9317847": {
"catalogueId": -4603935,
"citableReference": "COPY 1/384/42",
"coveringFromDate": 18870425,
"coveringToDate": 18870425,
"scopeContent": {
"placeNames": [],
"description": "<scopecontent><p>&#34Photograph of female descending stairs, turning, dress caught, plate 142.&#34 </p> <p>Sheet comprises sequence of 20 photographic images, set in 2 rows, showing movement from front and back of dressed subject. </p></scopecontent>",
"ephemera": null,
"schema": null
},
"id": "C9317847",
"isParent": false,
"catalogueLevel": 7,
"parentId": "C326132",
"DescriptionText": "\"Photograph of female descending stairs, turning, dress caught, plate 142.\" \nSheet comprises sequence of 20 photographic images, set in 2 rows, showing movement from front and back of dressed subject. "
},
"C9317848": {
"catalogueId": -4603936,
"citableReference": "COPY 1/384/43",
"coveringFromDate": 18870425,
"coveringToDate": 18870425,
"scopeContent": {
"placeNames": [],
"description": "<scopecontent><p>&#34Photograph of female descending stairs, turning, cup and saucer in right hand, plate 143.&#34 </p> <p>Sheet comprises sequence of 36 photographic images, set in 3 rows, showing movement from right hand side, front and back, at around 45 degrees to the right, of the dressed subject. </p></scopecontent>",
"ephemera": null,
"schema": null
},
"id": "C9317848",
"isParent": false,
"catalogueLevel": 7,
"parentId": "C326132",
"DescriptionText": "\"Photograph of female descending stairs, turning, cup and saucer in right hand, plate 143.\" \nSheet comprises sequence of 36 photographic images, set in 3 rows, showing movement from right hand side, front and back, at around 45 degrees to the right, of the dressed subject. "
},
"C9317849": {
"catalogueId": -4603937,
"citableReference": "COPY 1/384/44",
"coveringFromDate": 18870425,
"coveringToDate": 18870425,
"scopeContent": {
"placeNames": [],
"description": "<scopecontent><p>&#34Photograph of female descending stairs, turning, basin in hands, plate 144.&#34 </p> <p>Sheet comprises sequence of 36 photographic images, set in 3 rows, showing movement from right hand side, front, at around 45 degrees to the left, and back at around 45 degrees to the right, of the subject.</p></scopecontent>",
"ephemera": null,
"schema": null
},
"id": "C9317849",
"isParent": false,
"catalogueLevel": 7,
"parentId": "C326132",
"DescriptionText": "\"Photograph of female descending stairs, turning, basin in hands, plate 144.\" \nSheet comprises sequence of 36 photographic images, set in 3 rows, showing movement from right hand side, front, at around 45 degrees to the left, and back at around 45 degrees to the right, of the subject."
},
"C9317850": {
"catalogueId": -4603938,
"citableReference": "COPY 1/384/45",
"coveringFromDate": 18870425,
"coveringToDate": 18870425,
"scopeContent": {
"placeNames": [],
"description": "<scopecontent><p>&#34Photograph of female descending stairs, turning, bucket water in right hand, plate 145.&#34 </p> <p>Sheet comprises sequence of 36 photographic images, set in 3 rows, showing movement from right hand side, front, at around 45 degrees to the left, and back, at around 45 degrees to the right, of the subject.</p></scopecontent>",
"ephemera": null,
"schema": null
},
"id": "C9317850",
"isParent": false,
"catalogueLevel": 7,
"parentId": "C326132",
"DescriptionText": "\"Photograph of female descending stairs, turning, bucket water in right hand, plate 145.\" \nSheet comprises sequence of 36 photographic images, set in 3 rows, showing movement from right hand side, front, at around 45 degrees to the left, and back, at around 45 degrees to the right, of the subject."
},
"C9317851": {
"catalogueId": -4603939,
"citableReference": "COPY 1/384/46",
"coveringFromDate": 18870425,
"coveringToDate": 18870425,
"scopeContent": {
"placeNames": [],
"description": "<scopecontent><p>&#34Photograph of female descending stairs, turning, water jar on one shoulder, plate 146.&#34 </p> <p>Sheet comprises sequence of 36 photographic images, set in 3 rows, showing movement from left hand side, front, and right hand side of the subject.</p></scopecontent>",
"ephemera": null,
"schema": null
},
"id": "C9317851",
"isParent": false,
"catalogueLevel": 7,
"parentId": "C326132",
"DescriptionText": "\"Photograph of female descending stairs, turning, water jar on one shoulder, plate 146.\" \nSheet comprises sequence of 36 photographic images, set in 3 rows, showing movement from left hand side, front, and right hand side of the subject."
},
"C9317852": {
"catalogueId": -4603940,
"citableReference": "COPY 1/384/47",
"coveringFromDate": 18870425,
"coveringToDate": 18870425,
"scopeContent": {
"placeNames": [],
"description": "<scopecontent><p>&#34Photograph of female descending stairs, turning, water jar on right shoulder, plate 147.&#34 </p> <p>Sheet comprises sequence of 36 photographic images, set in 3 rows, showing movement from right hand side, front, at around 45 degrees to the left, and back, at around 45 degrees to the right, of the subject. </p></scopecontent>",
"ephemera": null,
"schema": null
},
"id": "C9317852",
"isParent": false,
"catalogueLevel": 7,
"parentId": "C326132",
"DescriptionText": "\"Photograph of female descending stairs, turning, water jar on right shoulder, plate 147.\" \nSheet comprises sequence of 36 photographic images, set in 3 rows, showing movement from right hand side, front, at around 45 degrees to the left, and back, at around 45 degrees to the right, of the subject. "
},
"C9317853": {
"catalogueId": -4603941,
"citableReference": "COPY 1/384/48",
"coveringFromDate": 18870425,
"coveringToDate": 18870425,
"scopeContent": {
"placeNames": [],
"description": "<scopecontent><p>&#34Photograph of female descending stairs, turning, carrying bucket of water and broom, plate 148.&#34 </p> <p>Sheet comprises sequence of 33 photographic images, set in 3 rows, showing movement from right hand side, back, at around 45 degrees to the right, and front, at around 45 degrees to the left, of the dressed subject.</p></scopecontent>",
"ephemera": null,
"schema": null
},
"id": "C9317853",
"isParent": false,
"catalogueLevel": 7,
"parentId": "C326132",
"DescriptionText": "\"Photograph of female descending stairs, turning, carrying bucket of water and broom, plate 148.\" \nSheet comprises sequence of 33 photographic images, set in 3 rows, showing movement from right hand side, back, at around 45 degrees to the right, and front, at around 45 degrees to the left, of the dressed subject."
},
"C9317854": {
"catalogueId": -4603942,
"citableReference": "COPY 1/384/49",
"coveringFromDate": 18870425,
"coveringToDate": 18870425,
"scopeContent": {
"placeNames": [],
"description": "<scopecontent><p>&#34Photograph of female descending stairs, stooping to lift a pitcher, plate 149.&#34 </p> <p>Sheet comprises sequence of 36 photographic images, set in 3 rows, showing movement from right hand side, front, at around 45 degrees to the left, and back, at around 45 degrees to the right, of the subject.</p></scopecontent>",
"ephemera": null,
"schema": null
},
"id": "C9317854",
"isParent": false,
"catalogueLevel": 7,
"parentId": "C326132",
"DescriptionText": "\"Photograph of female descending stairs, stooping to lift a pitcher, plate 149.\" \nSheet comprises sequence of 36 photographic images, set in 3 rows, showing movement from right hand side, front, at around 45 degrees to the left, and back, at around 45 degrees to the right, of the subject."
},
"C9317855": {
"catalogueId": -4603943,
"citableReference": "COPY 1/384/50",
"coveringFromDate": 18870425,
"coveringToDate": 18870425,
"scopeContent": {
"placeNames": [],
"description": "<scopecontent><p>&#34Photograph of female descending stairs, stooping, lifting pitcher, turning, plate 150.&#34 </p> <p>Sheet comprises sequence of 24 photographic images, set in 3 rows, showing movement from right hand side, front, at around 45 degrees to the left, and back, at around 45 degrees to the right, of the subject.</p></scopecontent>",
"ephemera": null,
"schema": null
},
"id": "C9317855",
"isParent": false,
"catalogueLevel": 7,
"parentId": "C326132",
"DescriptionText": "\"Photograph of female descending stairs, stooping, lifting pitcher, turning, plate 150.\" \nSheet comprises sequence of 24 photographic images, set in 3 rows, showing movement from right hand side, front, at around 45 degrees to the left, and back, at around 45 degrees to the right, of the subject."
},
"C9317856": {
"catalogueId": -4603944,
"citableReference": "COPY 1/384/51",
"coveringFromDate": 18870425,
"coveringToDate": 18870425,
"scopeContent": {
"placeNames": [],
"description": "<scopecontent><p>&#34Photograph of male descending step ladder, turning around, rock in hands, plate 151.&#34 </p> <p>Sheet comprises sequence of 20 photographic images, set in 2 rows, showing movement from left hand side and front of subject. </p></scopecontent>",
"ephemera": null,
"schema": null
},
"id": "C9317856",
"isParent": false,
"catalogueLevel": 7,
"parentId": "C326132",
"DescriptionText": "\"Photograph of male descending step ladder, turning around, rock in hands, plate 151.\" \nSheet comprises sequence of 20 photographic images, set in 2 rows, showing movement from left hand side and front of subject. "
},
"C9317857": {
"catalogueId": -4603945,
"citableReference": "COPY 1/384/52",
"coveringFromDate": 18870425,
"coveringToDate": 18870425,
"scopeContent": {
"placeNames": [],
"description": "<scopecontent><p>&#34Photograph of male jumping, running straight high jump (shoes) plate 152.&#34 </p> <p>Sheet comprises sequence of 24 photographic images, set in 2 rows, showing movement from right hand side and front of subject. </p></scopecontent>",
"ephemera": null,
"schema": null
},
"id": "C9317857",
"isParent": false,
"catalogueLevel": 7,
"parentId": "C326132",
"DescriptionText": "\"Photograph of male jumping, running straight high jump (shoes) plate 152.\" \nSheet comprises sequence of 24 photographic images, set in 2 rows, showing movement from right hand side and front of subject. "
},
"C9317858": {
"catalogueId": -4603946,
"citableReference": "COPY 1/384/53",
"coveringFromDate": 18870425,
"coveringToDate": 18870425,
"scopeContent": {
"placeNames": [],
"description": "<scopecontent><p>&#34Photograph of male jumping, running straight high jump, plate 153.&#34 </p> <p>Sheet comprises sequence of 24 photographic images, set in 2 rows, showing movement from right hand side and back of subject. </p></scopecontent>",
"ephemera": null,
"schema": null
},
"id": "C9317858",
"isParent": false,
"catalogueLevel": 7,
"parentId": "C326132",
"DescriptionText": "\"Photograph of male jumping, running straight high jump, plate 153.\" \nSheet comprises sequence of 24 photographic images, set in 2 rows, showing movement from right hand side and back of subject. "
},
"C9317859": {
"catalogueId": -4603947,
"citableReference": "COPY 1/384/54",
"coveringFromDate": 18870425,
"coveringToDate": 18870425,
"scopeContent": {
"placeNames": [],
"description": "<scopecontent><p>&#34Photograph of male jumping, running straight high jump, plate 154.&#34 </p> <p>Sheet comprises sequence of 24 photographic images, set in 2 rows, showing movement from right hand side and back of subject. </p></scopecontent>",
"ephemera": null,
"schema": null
},
"id": "C9317859",
"isParent": false,
"catalogueLevel": 7,
"parentId": "C326132",
"DescriptionText": "\"Photograph of male jumping, running straight high jump, plate 154.\" \nSheet comprises sequence of 24 photographic images, set in 2 rows, showing movement from right hand side and back of subject. "
},
"C9317860": {
"catalogueId": -4603948,
"citableReference": "COPY 1/384/55",
"coveringFromDate": 18870425,
"coveringToDate": 18870425,
"scopeContent": {
"placeNames": [],
"description": "<scopecontent><p>&#34Photograph of female jumping, running straight high jump, plate 155.&#34 </p> <p>Sheet comprises sequence of 36 photographic images, varying in width, set in 3 rows, showing movement from right hand side, front, and back, at around 45 degrees to the right, of the subject. </p></scopecontent>",
"ephemera": null,
"schema": null
},
"id": "C9317860",
"isParent": false,
"catalogueLevel": 7,
"parentId": "C326132",
"DescriptionText": "\"Photograph of female jumping, running straight high jump, plate 155.\" \nSheet comprises sequence of 36 photographic images, varying in width, set in 3 rows, showing movement from right hand side, front, and back, at around 45 degrees to the right, of the subject. "
},
"C9317861": {
"catalogueId": -4603949,
"citableReference": "COPY 1/384/56",
"coveringFromDate": 18870425,
"coveringToDate": 18870425,
"scopeContent": {
"placeNames": [],
"description": "<scopecontent><p>&#34Photograph of female jumping, running straight high jump, plate 156.&#34 </p> <p>Sheet comprises sequence of 20 photographic images, set in 2 rows, showing movement from right hand side of dressed subject. </p></scopecontent>",
"ephemera": null,
"schema": null
},
"id": "C9317861",
"isParent": false,
"catalogueLevel": 7,
"parentId": "C326132",
"DescriptionText": "\"Photograph of female jumping, running straight high jump, plate 156.\" \nSheet comprises sequence of 20 photographic images, set in 2 rows, showing movement from right hand side of dressed subject. "
},
"C9317862": {
"catalogueId": -4603950,
"citableReference": "COPY 1/384/57",
"coveringFromDate": 18870425,
"coveringToDate": 18870425,
"scopeContent": {
"placeNames": [],
"description": "<scopecontent><p>&#34Photograph of male jumping, running twist high jump (shoes) plate 157.&#34 </p> <p>Sheet comprises sequence of 24 photographic images, set in 2 rows, showing movement from right hand side and front, of subject.</p></scopecontent>",
"ephemera": null,
"schema": null
},
"id": "C9317862",
"isParent": false,
"catalogueLevel": 7,
"parentId": "C326132",
"DescriptionText": "\"Photograph of male jumping, running twist high jump (shoes) plate 157.\" \nSheet comprises sequence of 24 photographic images, set in 2 rows, showing movement from right hand side and front, of subject."
},
"C9317863": {
"catalogueId": -4603951,
"citableReference": "COPY 1/384/58",
"coveringFromDate": 18870425,
"coveringToDate": 18870425,
"scopeContent": {
"placeNames": [],
"description": "<scopecontent><p>&#34Photograph of male jumping, running twist high jump (shoes) plate 158.&#34 </p> <p>Sheet comprises sequence of 24 photographic images, set in 2 rows, showing movement from right hand side and back of subject. </p></scopecontent>",
"ephemera": null,
"schema": null
},
"id": "C9317863",
"isParent": false,
"catalogueLevel": 7,
"parentId": "C326132",
"DescriptionText": "\"Photograph of male jumping, running twist high jump (shoes) plate 158.\" \nSheet comprises sequence of 24 photographic images, set in 2 rows, showing movement from right hand side and back of subject. "
},
"C9317864": {
"catalogueId": -4603952,
"citableReference": "COPY 1/384/59",
"coveringFromDate": 18870425,
"coveringToDate": 18870425,
"scopeContent": {
"placeNames": [],
"description": "<scopecontent><p>&#34Photograph of male jumping, running broad jump (shoes) plate 159.&#34 </p> <p>Sheet comprises sequence of 24 photographic images, set in 2 rows, showing movement from right hand side and front of subject. </p></scopecontent>",
"ephemera": null,
"schema": null
},
"id": "C9317864",
"isParent": false,
"catalogueLevel": 7,
"parentId": "C326132",
"DescriptionText": "\"Photograph of male jumping, running broad jump (shoes) plate 159.\" \nSheet comprises sequence of 24 photographic images, set in 2 rows, showing movement from right hand side and front of subject. "
},
"C9317865": {
"catalogueId": -4603953,
"citableReference": "COPY 1/384/60",
"coveringFromDate": 18870425,
"coveringToDate": 18870425,
"scopeContent": {
"placeNames": [],
"description": "<scopecontent><p>&#34Photograph of male jumping, running broad jump (shoes) plate 160.&#34</p> <p>Sheet comprises sequence of 16 photographic images, set in 2 rows, showing movement from right hand side and back of subject. </p></scopecontent>",
"ephemera": null,
"schema": null
},
"id": "C9317865",
"isParent": false,
"catalogueLevel": 7,
"parentId": "C326132",
"DescriptionText": "\"Photograph of male jumping, running broad jump (shoes) plate 160.\"\nSheet comprises sequence of 16 photographic images, set in 2 rows, showing movement from right hand side and back of subject. "
},
"C9317866": {
"catalogueId": -4603954,
"citableReference": "COPY 1/384/61",
"coveringFromDate": 18870425,
"coveringToDate": 18870425,
"scopeContent": {
"placeNames": [],
"description": "<scopecontent><p>&#34Photograph of male jumping, standing high jump, plate 161.&#34 </p> <p>Sheet comprises sequence of 24 photographic images, of varying width, set in 2 rows, showing movement from right hand side and back of subject. </p></scopecontent>",
"ephemera": null,
"schema": null
},
"id": "C9317866",
"isParent": false,
"catalogueLevel": 7,
"parentId": "C326132",
"DescriptionText": "\"Photograph of male jumping, standing high jump, plate 161.\" \nSheet comprises sequence of 24 photographic images, of varying width, set in 2 rows, showing movement from right hand side and back of subject. "
},
"C9317867": {
"catalogueId": -4603955,
"citableReference": "COPY 1/384/62",
"coveringFromDate": 18870425,
"coveringToDate": 18870425,
"scopeContent": {
"placeNames": [],
"description": "<scopecontent><p>&#34Photograph of male jumping, standing broad jump, plate 162.&#34</p> <p>Sheet comprises sequence of 24 photographic images, of varying width, set in 2 rows, showing movement from right hand side and back, at around 45 degrees to the right, of the subject.</p></scopecontent>",
"ephemera": null,
"schema": null
},
"id": "C9317867",
"isParent": false,
"catalogueLevel": 7,
"parentId": "C326132",
"DescriptionText": "\"Photograph of male jumping, standing broad jump, plate 162.\"\nSheet comprises sequence of 24 photographic images, of varying width, set in 2 rows, showing movement from right hand side and back, at around 45 degrees to the right, of the subject."
},
"C9317868": {
"catalogueId": -4603956,
"citableReference": "COPY 1/384/63",
"coveringFromDate": 18870425,
"coveringToDate": 18870425,
"scopeContent": {
"placeNames": [],
"description": "<scopecontent><p>&#34Photograph of male jumping, standing broad jump (shoes) plate 163.&#34 </p> <p>Sheet comprises two sequences. First sequence comprises 12 photographic images, set in 2 rows, showing movement from right hand side of subject. Second sequence comprises 12 photographic images, in 1 row, showing movement from front of the subject. </p></scopecontent>",
"ephemera": null,
"schema": null
},
"id": "C9317868",
"isParent": false,
"catalogueLevel": 7,
"parentId": "C326132",
"DescriptionText": "\"Photograph of male jumping, standing broad jump (shoes) plate 163.\" \nSheet comprises two sequences. First sequence comprises 12 photographic images, set in 2 rows, showing movement from right hand side of subject. Second sequence comprises 12 photographic images, in 1 row, showing movement from front of the subject. "
},
"C9317869": {
"catalogueId": -4603957,
"citableReference": "COPY 1/384/64",
"coveringFromDate": 18870425,
"coveringToDate": 18870425,
"scopeContent": {
"placeNames": [],
"description": "<scopecontent><p>&#34Photograph of male jumping, pole vaulting, plate 164.&#34 </p> <p>Sheet comprises sequence of 22 photographic images, of varying width, set in 2 rows, showing movement from right hand side and back, at around 45 degrees to the right, of the subject. </p></scopecontent>",
"ephemera": null,
"schema": null
},
"id": "C9317869",
"isParent": false,
"catalogueLevel": 7,
"parentId": "C326132",
"DescriptionText": "\"Photograph of male jumping, pole vaulting, plate 164.\" \nSheet comprises sequence of 22 photographic images, of varying width, set in 2 rows, showing movement from right hand side and back, at around 45 degrees to the right, of the subject. "
},
"C9317870": {
"catalogueId": -4603958,
"citableReference": "COPY 1/384/65",
"coveringFromDate": 18870425,
"coveringToDate": 18870425,
"scopeContent": {
"placeNames": [],
"description": "<scopecontent><p>&#34Photograph of male jumping, pole vaulting, plate 165.&#34 </p> <p>Sheet comprises sequence of 24 photographic images, set in 2 rows, showing movement from front and back, at around 45 degrees to the right, of the subject.</p></scopecontent>",
"ephemera": null,
"schema": null
},
"id": "C9317870",
"isParent": false,
"catalogueLevel": 7,
"parentId": "C326132",
"DescriptionText": "\"Photograph of male jumping, pole vaulting, plate 165.\" \nSheet comprises sequence of 24 photographic images, set in 2 rows, showing movement from front and back, at around 45 degrees to the right, of the subject."
},
"C9317871": {
"catalogueId": -4603959,
"citableReference": "COPY 1/384/66",
"coveringFromDate": 18870425,
"coveringToDate": 18870425,
"scopeContent": {
"placeNames": [],
"description": "<scopecontent><p>&#34Photograph of male jumping over man's back (leap frog) plate 166.&#34 </p> <p>Sheet comprises sequence of 24 photographic images, set in 2 rows, showing movement from right hand side and front of subject. </p></scopecontent>",
"ephemera": null,
"schema": null
},
"id": "C9317871",
"isParent": false,
"catalogueLevel": 7,
"parentId": "C326132",
"DescriptionText": "\"Photograph of male jumping over man's back (leap frog) plate 166.\" \nSheet comprises sequence of 24 photographic images, set in 2 rows, showing movement from right hand side and front of subject. "
},
"C9317872": {
"catalogueId": -4603960,
"citableReference": "COPY 1/384/67",
"coveringFromDate": 18870425,
"coveringToDate": 18870425,
"scopeContent": {
"placeNames": [],
"description": "<scopecontent><p>&#34Photograph of male jumping over boy's back (leap frog) plate 167.&#34 </p> <p>Sheet comprises two sequences. First sequence comprises 9 photographic images, set in 112 row, showing movement from front of subject. Second sequence comprises 10 photographic images, in 2 rows, showing movement from right hand side of the subject.</p></scopecontent>",
"ephemera": null,
"schema": null
},
"id": "C9317872",
"isParent": false,
"catalogueLevel": 7,
"parentId": "C326132",
"DescriptionText": "\"Photograph of male jumping over boy's back (leap frog) plate 167.\" \nSheet comprises two sequences. First sequence comprises 9 photographic images, set in 112 row, showing movement from front of subject. Second sequence comprises 10 photographic images, in 2 rows, showing movement from right hand side of the subject."
},
"C9317873": {
"catalogueId": -4603961,
"citableReference": "COPY 1/384/68",
"coveringFromDate": 18870425,
"coveringToDate": 18870425,
"scopeContent": {
"placeNames": [],
"description": "<scopecontent><p>&#34Photograph of male jumping over boy's back (leap frog) plate 168.&#34 </p> <p>Sheet comprises sequence of 24 photographic images, set in 2 rows, showing movement from right hand side and front of subject. </p></scopecontent>",
"ephemera": null,
"schema": null
},
"id": "C9317873",
"isParent": false,
"catalogueLevel": 7,
"parentId": "C326132",
"DescriptionText": "\"Photograph of male jumping over boy's back (leap frog) plate 168.\" \nSheet comprises sequence of 24 photographic images, set in 2 rows, showing movement from right hand side and front of subject. "
},
"C9317874": {
"catalogueId": -4603962,
"citableReference": "COPY 1/384/69",
"coveringFromDate": 18870425,
"coveringToDate": 18870425,
"scopeContent": {
"placeNames": [],
"description": "<scopecontent><p>&#34Photograph of male jumping over boy's back (leap frog) plate 169.&#34 </p> <p>Sheet comprises sequence of 18 photographic images, set in 3 rows, showing movement from right hand side of dressed subject. </p></scopecontent>",
"ephemera": null,
"schema": null
},
"id": "C9317874",
"isParent": false,
"catalogueLevel": 7,
"parentId": "C326132",
"DescriptionText": "\"Photograph of male jumping over boy's back (leap frog) plate 169.\" \nSheet comprises sequence of 18 photographic images, set in 3 rows, showing movement from right hand side of dressed subject. "
},
"C9317875": {
"catalogueId": -4603963,
"citableReference": "COPY 1/384/70",
"coveringFromDate": 18870425,
"coveringToDate": 18870425,
"scopeContent": {
"placeNames": [],
"description": "<scopecontent><p>&#34Photograph of female jumping from stone to stone across a brook, plate 170.&#34 </p> <p>Sheet comprises sequence of 36 photographic images, set in 3 rows, showing movement from right hand side, front, and back, at around 45 degrees to the right, of the subject.</p></scopecontent>",
"ephemera": null,
"schema": null
},
"id": "C9317875",
"isParent": false,
"catalogueLevel": 7,
"parentId": "C326132",
"DescriptionText": "\"Photograph of female jumping from stone to stone across a brook, plate 170.\" \nSheet comprises sequence of 36 photographic images, set in 3 rows, showing movement from right hand side, front, and back, at around 45 degrees to the right, of the subject."
},
"C9317876": {
"catalogueId": -4603964,
"citableReference": "COPY 1/384/71",
"coveringFromDate": 18870425,
"coveringToDate": 18870425,
"scopeContent": {
"placeNames": [],
"description": "<scopecontent><p>&#34Photograph of female stepping upon a trestle, jumping down, turning, plate 171.&#34 </p> <p>Sheet comprises sequence of 36 photographic images, set in 3 rows, showing movement from right hand side, back, and front, at around 45 degrees to the left of the subject.</p></scopecontent>",
"ephemera": null,
"schema": null
},
"id": "C9317876",
"isParent": false,
"catalogueLevel": 7,
"parentId": "C326132",
"DescriptionText": "\"Photograph of female stepping upon a trestle, jumping down, turning, plate 171.\" \nSheet comprises sequence of 36 photographic images, set in 3 rows, showing movement from right hand side, back, and front, at around 45 degrees to the left of the subject."
},
"C9317877": {
"catalogueId": -4603965,
"citableReference": "COPY 1/384/72",
"coveringFromDate": 18870425,
"coveringToDate": 18870425,
"scopeContent": {
"placeNames": [],
"description": "<scopecontent><p>&#34Photograph of female stepping upon a trestle, jumping down, turning, plate 172. </p> <p>Sheet comprises sequence of 36 photographic images, set in 3 rows, showing movement from right hand side, back, and front, at around 45 degrees to the left, of the dresed subject.</p></scopecontent>",
"ephemera": null,
"schema": null
},
"id": "C9317877",
"isParent": false,
"catalogueLevel": 7,
"parentId": "C326132",
"DescriptionText": "\"Photograph of female stepping upon a trestle, jumping down, turning, plate 172. \nSheet comprises sequence of 36 photographic images, set in 3 rows, showing movement from right hand side, back, and front, at around 45 degrees to the left, of the dresed subject."
},
"C9317878": {
"catalogueId": -4603966,
"citableReference": "COPY 1/384/73",
"coveringFromDate": 18870425,
"coveringToDate": 18870425,
"scopeContent": {
"placeNames": [],
"description": "<scopecontent><p>&#34Photograph of female ascending steps and jumping off, plate 173.&#34</p> <p>Sheet comprises sequence of 24 photographic images, set in 2 rows, showing movement from right hand side of dressed subject. </p></scopecontent>",
"ephemera": null,
"schema": null
},
"id": "C9317878",
"isParent": false,
"catalogueLevel": 7,
"parentId": "C326132",
"DescriptionText": "\"Photograph of female ascending steps and jumping off, plate 173.\"\nSheet comprises sequence of 24 photographic images, set in 2 rows, showing movement from right hand side of dressed subject. "
},
"C9317879": {
"catalogueId": -4603967,
"citableReference": "COPY 1/384/74",
"coveringFromDate": 18870425,
"coveringToDate": 18870425,
"scopeContent": {
"placeNames": [],
"description": "<scopecontent><p>&#34Photograph of female running and jumping with skipping rope, plate 174.&#34 </p> <p>Sheet comprises sequence of 36 photographic images, set in 3 rows, showing movement from right hand side, front, and back, at around 45 degrees to the right, of the subject.</p></scopecontent>",
"ephemera": null,
"schema": null
},
"id": "C9317879",
"isParent": false,
"catalogueLevel": 7,
"parentId": "C326132",
"DescriptionText": "\"Photograph of female running and jumping with skipping rope, plate 174.\" \nSheet comprises sequence of 36 photographic images, set in 3 rows, showing movement from right hand side, front, and back, at around 45 degrees to the right, of the subject."
},
"C9317880": {
"catalogueId": -4603968,
"citableReference": "COPY 1/384/75",
"coveringFromDate": 18870425,
"coveringToDate": 18870425,
"scopeContent": {
"placeNames": [],
"description": "<scopecontent><p>&#34Photograph of female crossing brook on step stones with fishing pole and can, plate 175.&#34 </p> <p>Sheet comprises sequence of 27 photographic images, set in 3 rows, showing movement from right hand side, front, and back, at around 45 degrees to the right, of the subject.</p></scopecontent>",
"ephemera": null,
"schema": null
},
"id": "C9317880",
"isParent": false,
"catalogueLevel": 7,
"parentId": "C326132",
"DescriptionText": "\"Photograph of female crossing brook on step stones with fishing pole and can, plate 175.\" \nSheet comprises sequence of 27 photographic images, set in 3 rows, showing movement from right hand side, front, and back, at around 45 degrees to the right, of the subject."
},
"C9317881": {
"catalogueId": -4603969,
"citableReference": "COPY 1/384/76",
"coveringFromDate": 18870425,
"coveringToDate": 18870425,
"scopeContent": {
"placeNames": [],
"description": "<scopecontent><p>&#34Photograph of female crossing brook on step stones with fishing pole and basket, plate 176.&#34 </p> <p>Sheet comprises sequence of 30 photographic images, set in 3 rows, showing movement from right hand side, front, at around 45 degrees to the left, and back, at around 45 degrees to the right, of the subject.</p></scopecontent>",
"ephemera": null,
"schema": null
},
"id": "C9317881",
"isParent": false,
"catalogueLevel": 7,
"parentId": "C326132",
"DescriptionText": "\"Photograph of female crossing brook on step stones with fishing pole and basket, plate 176.\" \nSheet comprises sequence of 30 photographic images, set in 3 rows, showing movement from right hand side, front, at around 45 degrees to the left, and back, at around 45 degrees to the right, of the subject."
},
"C9317882": {
"catalogueId": -4603970,
"citableReference": "COPY 1/384/77",
"coveringFromDate": 18870425,
"coveringToDate": 18870425,
"scopeContent": {
"placeNames": [],
"description": "<scopecontent><p>&#34Photograph of female crossing brook on step stones with fishing pole and basket, plate 177.&#34 </p> <p>Sheet comprises sequence of 30 photographic images, set in 3 rows, showing movement from right hand side, front, at around 45 degrees to the left, and back, at around 45 degrees to the right, of the subject.</p></scopecontent>",
"ephemera": null,
"schema": null
},
"id": "C9317882",
"isParent": false,
"catalogueLevel": 7,
"parentId": "C326132",
"DescriptionText": "\"Photograph of female crossing brook on step stones with fishing pole and basket, plate 177.\" \nSheet comprises sequence of 30 photographic images, set in 3 rows, showing movement from right hand side, front, at around 45 degrees to the left, and back, at around 45 degrees to the right, of the subject."
},
"C9317883": {
"catalogueId": -4603971,
"citableReference": "COPY 1/384/78",
"coveringFromDate": 18870425,
"coveringToDate": 18870425,
"scopeContent": {
"placeNames": [],
"description": "<scopecontent><p>&#34Photograph of female stepping on and over a trestle, plate 178.&#34 </p> <p>Sheet comprises sequence of 24 photographic images, set in 2 rows, showing movement from right hand side and back of subject. </p></scopecontent>",
"ephemera": null,
"schema": null
},
"id": "C9317883",
"isParent": false,
"catalogueLevel": 7,
"parentId": "C326132",
"DescriptionText": "\"Photograph of female stepping on and over a trestle, plate 178.\" \nSheet comprises sequence of 24 photographic images, set in 2 rows, showing movement from right hand side and back of subject. "
},
"C9317884": {
"catalogueId": -4603972,
"citableReference": "COPY 1/384/79",
"coveringFromDate": 0,
"coveringToDate": 0,
"scopeContent": {
"placeNames": [],
"description": "<scopecontent><p>Plate 179 was not registered at Stationers Hall.</p></scopecontent>",
"ephemera": null,
"schema": null
},
"id": "C9317884",
"isParent": false,
"catalogueLevel": 7,
"parentId": "C326132",
"DescriptionText": "Plate 179 was not registered at Stationers Hall."
},
"C9317885": {
"catalogueId": -4603973,
"citableReference": "COPY 1/384/80",
"coveringFromDate": 18870425,
"coveringToDate": 18870425,
"scopeContent": {
"placeNames": [],
"description": "<scopecontent><p>&#34Photograph of female stepping on and over a chair, plate 180. </p> <p>Sheet comprises sequence of 24 photographic images, set in 2 rows, showing movement from right hand side and back of subject. </p></scopecontent>",
"ephemera": null,
"schema": null
},
"id": "C9317885",
"isParent": false,
"catalogueLevel": 7,
"parentId": "C326132",
"DescriptionText": "\"Photograph of female stepping on and over a chair, plate 180. \nSheet comprises sequence of 24 photographic images, set in 2 rows, showing movement from right hand side and back of subject. "
},
"C9317886": {
"catalogueId": -4603974,
"citableReference": "COPY 1/384/81",
"coveringFromDate": 18870425,
"coveringToDate": 18870425,
"scopeContent": {
"placeNames": [],
"description": "<scopecontent><p>&#34Photograph of female stepping over a fence, plate 181.&#34 </p> <p>Sheet comprises sequence of 36 photographic images, set in 3 rows, showing movement from right hand side, front, and back, at around 45 degrees to the right, of the subject.</p></scopecontent>",
"ephemera": null,
"schema": null
},
"id": "C9317886",
"isParent": false,
"catalogueLevel": 7,
"parentId": "C326132",
"DescriptionText": "\"Photograph of female stepping over a fence, plate 181.\" \nSheet comprises sequence of 36 photographic images, set in 3 rows, showing movement from right hand side, front, and back, at around 45 degrees to the right, of the subject."
},
"C9317887": {
"catalogueId": -4603975,
"citableReference": "COPY 1/384/82",
"coveringFromDate": 18870425,
"coveringToDate": 18870425,
"scopeContent": {
"placeNames": [],
"description": "<scopecontent><p>&#34Photograph of female crawling on hands and knees, plate 182.&#34 </p> <p>Sheet comprises two sequences. First sequence comprises 12 photographic images, set in 2 rows, showing movement from right hand side of subject. Second sequence comprises 24 photographic images, in 2 rows, showing movement from front and back, at around 45 degrees to the right, of the subject. </p></scopecontent>",
"ephemera": null,
"schema": null
},
"id": "C9317887",
"isParent": false,
"catalogueLevel": 7,
"parentId": "C326132",
"DescriptionText": "\"Photograph of female crawling on hands and knees, plate 182.\" \nSheet comprises two sequences. First sequence comprises 12 photographic images, set in 2 rows, showing movement from right hand side of subject. Second sequence comprises 24 photographic images, in 2 rows, showing movement from front and back, at around 45 degrees to the right, of the subject. "
},
"C9317888": {
"catalogueId": -4603976,
"citableReference": "COPY 1/384/83",
"coveringFromDate": 18870425,
"coveringToDate": 18870425,
"scopeContent": {
"placeNames": [],
"description": "<scopecontent><p>&#34Photograph of female walking on hands and feet, plate 183.&#34 </p> <p>Sheet comprises sequence of 12 photographic images, set in 2 rows, showing movement from right hand side of subject. </p></scopecontent>",
"ephemera": null,
"schema": null
},
"id": "C9317888",
"isParent": false,
"catalogueLevel": 7,
"parentId": "C326132",
"DescriptionText": "\"Photograph of female walking on hands and feet, plate 183.\" \nSheet comprises sequence of 12 photographic images, set in 2 rows, showing movement from right hand side of subject. "
},
"C9317889": {
"catalogueId": -4603977,
"citableReference": "COPY 1/384/84",
"coveringFromDate": 18870425,
"coveringToDate": 18870425,
"scopeContent": {
"placeNames": [],
"description": "<scopecontent><p>&#34Photograph of female walking on hands and feet, plate 184.&#34 </p> <p>Sheet comprises two sequences. First sequence comprises 12 photographic images, set in 1 row, showing movement from front of subject. Second sequence comprises 12 photographic images, in 2 rows, showing movement from back, at around 45 degrees to the right, of the subject.</p></scopecontent>",
"ephemera": null,
"schema": null
},
"id": "C9317889",
"isParent": false,
"catalogueLevel": 7,
"parentId": "C326132",
"DescriptionText": "\"Photograph of female walking on hands and feet, plate 184.\" \nSheet comprises two sequences. First sequence comprises 12 photographic images, set in 1 row, showing movement from front of subject. Second sequence comprises 12 photographic images, in 2 rows, showing movement from back, at around 45 degrees to the right, of the subject."
},
"C9317890": {
"catalogueId": -4603978,
"citableReference": "COPY 1/384/85",
"coveringFromDate": 18870425,
"coveringToDate": 18870425,
"scopeContent": {
"placeNames": [],
"description": "<scopecontent><p>&#34Photograph of female hopping on left foot, plate 185.&#34 </p> <p>Sheet comprises sequence of 24 photographic images, set in 3 rows, showing movement from right hand side, back and front, at around 45 degrees to the left, of the subject.</p></scopecontent>",
"ephemera": null,
"schema": null
},
"id": "C9317890",
"isParent": false,
"catalogueLevel": 7,
"parentId": "C326132",
"DescriptionText": "\"Photograph of female hopping on left foot, plate 185.\" \nSheet comprises sequence of 24 photographic images, set in 3 rows, showing movement from right hand side, back and front, at around 45 degrees to the left, of the subject."
},
"C9317891": {
"catalogueId": -4603979,
"citableReference": "COPY 1/384/86",
"coveringFromDate": 18870425,
"coveringToDate": 18870425,
"scopeContent": {
"placeNames": [],
"description": "<scopecontent><p>&#34Photograph of male hopping on right foot, plate 186.&#34 </p> <p>Sheet comprises sequence of 36 photographic images, set in 3 rows, showing movement from right hand side, front, and back, at around 45 degrees to the right, of the subject.</p></scopecontent>",
"ephemera": null,
"schema": null
},
"id": "C9317891",
"isParent": false,
"catalogueLevel": 7,
"parentId": "C326132",
"DescriptionText": "\"Photograph of male hopping on right foot, plate 186.\" \nSheet comprises sequence of 36 photographic images, set in 3 rows, showing movement from right hand side, front, and back, at around 45 degrees to the right, of the subject."
},
"C9317892": {
"catalogueId": -4603980,
"citableReference": "COPY 1/384/87",
"coveringFromDate": 18870425,
"coveringToDate": 18870425,
"scopeContent": {
"placeNames": [],
"description": "<scopecontent><p>&#34Photograph of female dancing (fancy) plate 187.&#34 </p> <p>Sheet comprises sequence of 12 photographic images, set in 2 rows, showing movement from front of dressed subject. </p></scopecontent>",
"ephemera": null,
"schema": null
},
"id": "C9317892",
"isParent": false,
"catalogueLevel": 7,
"parentId": "C326132",
"DescriptionText": "\"Photograph of female dancing (fancy) plate 187.\" \nSheet comprises sequence of 12 photographic images, set in 2 rows, showing movement from front of dressed subject. "
},
"C9317893": {
"catalogueId": -4603981,
"citableReference": "COPY 1/384/88",
"coveringFromDate": 18870425,
"coveringToDate": 18870425,
"scopeContent": {
"placeNames": [],
"description": "<scopecontent><p>&#34Photograph of female dancing (fancy) plate 188.&#34 </p> <p>Sheet comprises sequence of 12 photographic images, set in 2 rows, showing movement from front of subject. </p></scopecontent>",
"ephemera": null,
"schema": null
},
"id": "C9317893",
"isParent": false,
"catalogueLevel": 7,
"parentId": "C326132",
"DescriptionText": "\"Photograph of female dancing (fancy) plate 188.\" \nSheet comprises sequence of 12 photographic images, set in 2 rows, showing movement from front of subject. "
},
"C9317894": {
"catalogueId": -4603982,
"citableReference": "COPY 1/384/89",
"coveringFromDate": 18870425,
"coveringToDate": 18870425,
"scopeContent": {
"placeNames": [],
"description": "<scopecontent><p>&#34Photograph of female dancing (fancy) plate 189.&#34 </p> <p>Sheet comprises sequence of 12 photographic images, set in 2 rows, showing movement from front of subject. </p></scopecontent>",
"ephemera": null,
"schema": null
},
"id": "C9317894",
"isParent": false,
"catalogueLevel": 7,
"parentId": "C326132",
"DescriptionText": "\"Photograph of female dancing (fancy) plate 189.\" \nSheet comprises sequence of 12 photographic images, set in 2 rows, showing movement from front of subject. "
},
"C9317895": {
"catalogueId": -4603983,
"citableReference": "COPY 1/384/90",
"coveringFromDate": 18870425,
"coveringToDate": 18870425,
"scopeContent": {
"placeNames": [],
"description": "<scopecontent><p>&#34Photograph of female dancing (nautch) plate 190.&#34 </p> <p>Sheet comprises sequence of 36 photographic images, set in 3 rows, showing movement from front, back, and front, at around 45 degrees to the left, of the subject.</p></scopecontent>",
"ephemera": null,
"schema": null
},
"id": "C9317895",
"isParent": false,
"catalogueLevel": 7,
"parentId": "C326132",
"DescriptionText": "\"Photograph of female dancing (nautch) plate 190.\" \nSheet comprises sequence of 36 photographic images, set in 3 rows, showing movement from front, back, and front, at around 45 degrees to the left, of the subject."
},
"C9317896": {
"catalogueId": -4603984,
"citableReference": "COPY 1/384/91",
"coveringFromDate": 18870425,
"coveringToDate": 18870425,
"scopeContent": {
"placeNames": [],
"description": "<scopecontent><p>&#34Photograph of female dancing (fancy) plate 191.&#34 </p> <p>Sheet comprises sequence of 36 photographic images, set in 3 rows, showing movement from front, straight ahead, at around 45 degrees to the right, and at around 45 degrees to the left, of the subject.</p></scopecontent>",
"ephemera": null,
"schema": null
},
"id": "C9317896",
"isParent": false,
"catalogueLevel": 7,
"parentId": "C326132",
"DescriptionText": "\"Photograph of female dancing (fancy) plate 191.\" \nSheet comprises sequence of 36 photographic images, set in 3 rows, showing movement from front, straight ahead, at around 45 degrees to the right, and at around 45 degrees to the left, of the subject."
},
"C9317897": {
"catalogueId": -4603985,
"citableReference": "COPY 1/384/92",
"coveringFromDate": 18870425,
"coveringToDate": 18870425,
"scopeContent": {
"placeNames": [],
"description": "<scopecontent><p>&#34Photograph of female dancing (fancy) plate 192.&#34 </p> <p>Sheet comprises sequence of 36 photographic images, set in 3 rows, showing movement from right hand side, back, and front, at around 45 degrees to the left, of the dressed subject.</p></scopecontent>",
"ephemera": null,
"schema": null
},
"id": "C9317897",
"isParent": false,
"catalogueLevel": 7,
"parentId": "C326132",
"DescriptionText": "\"Photograph of female dancing (fancy) plate 192.\" \nSheet comprises sequence of 36 photographic images, set in 3 rows, showing movement from right hand side, back, and front, at around 45 degrees to the left, of the dressed subject."
},
"C9317898": {
"catalogueId": -4603986,
"citableReference": "COPY 1/384/93",
"coveringFromDate": 18870425,
"coveringToDate": 18870425,
"scopeContent": {
"placeNames": [],
"description": "<scopecontent><p>&#34Photograph of female dancing (fancy) plate 193.&#34 </p> <p>Sheet comprises sequence of 36 photographic images, set in 3 rows, showing movement from right hand side, front, and back, at around 45 degrees to the right, of the dressed subject.</p></scopecontent>",
"ephemera": null,
"schema": null
},
"id": "C9317898",
"isParent": false,
"catalogueLevel": 7,
"parentId": "C326132",
"DescriptionText": "\"Photograph of female dancing (fancy) plate 193.\" \nSheet comprises sequence of 36 photographic images, set in 3 rows, showing movement from right hand side, front, and back, at around 45 degrees to the right, of the dressed subject."
},
"C9317899": {
"catalogueId": -4603987,
"citableReference": "COPY 1/384/94",
"coveringFromDate": 18870425,
"coveringToDate": 18870425,
"scopeContent": {
"placeNames": [],
"description": "<scopecontent><p>&#34Photograph of female dancing, plate 194.&#34 </p> <p>Sheet comprises sequence of 30 photographic images, set in 3 rows, showing movement from front, front again at around 45 degrees to the left, and back, at around 45 degrees to the right, of the dressed subject.</p></scopecontent>",
"ephemera": null,
"schema": null
},
"id": "C9317899",
"isParent": false,
"catalogueLevel": 7,
"parentId": "C326132",
"DescriptionText": "\"Photograph of female dancing, plate 194.\" \nSheet comprises sequence of 30 photographic images, set in 3 rows, showing movement from front, front again at around 45 degrees to the left, and back, at around 45 degrees to the right, of the dressed subject."
},
"C9317900": {
"catalogueId": -4603988,
"citableReference": "COPY 1/384/95",
"coveringFromDate": 18870425,
"coveringToDate": 18870425,
"scopeContent": {
"placeNames": [],
"description": "<scopecontent><p>&#34Photograph of female dancing (waltz) plate 195.&#34 </p> <p>Sheet comprises sequence of 20 photographic images, set in 2 rows, showing movement from back and front of subject. </p></scopecontent>",
"ephemera": null,
"schema": null
},
"id": "C9317900",
"isParent": false,
"catalogueLevel": 7,
"parentId": "C326132",
"DescriptionText": "\"Photograph of female dancing (waltz) plate 195.\" \nSheet comprises sequence of 20 photographic images, set in 2 rows, showing movement from back and front of subject. "
},
"C9317901": {
"catalogueId": -4603989,
"citableReference": "COPY 1/384/96",
"coveringFromDate": 18870425,
"coveringToDate": 18870425,
"scopeContent": {
"placeNames": [],
"description": "<scopecontent><p>&#34Photograph of female dancing, waltz, two models, plate 196.&#34 </p> <p>Sheet comprises sequence of 36 photographic images, set in 3 rows, showing movement from front, right hand side, and left hand side of the subject.</p></scopecontent>",
"ephemera": null,
"schema": null
},
"id": "C9317901",
"isParent": false,
"catalogueLevel": 7,
"parentId": "C326132",
"DescriptionText": "\"Photograph of female dancing, waltz, two models, plate 196.\" \nSheet comprises sequence of 36 photographic images, set in 3 rows, showing movement from front, right hand side, and left hand side of the subject."
},
"C9317902": {
"catalogueId": -4603990,
"citableReference": "COPY 1/384/97",
"coveringFromDate": 18870425,
"coveringToDate": 18870425,
"scopeContent": {
"placeNames": [],
"description": "<scopecontent><p>&#34Photograph of male and female dancing waltz, two models, plate 197.&#34</p> <p>Sheet comprises sequence of 24 photographic images, set in 4 rows, showing movement from front of dressed subject. </p></scopecontent>",
"ephemera": null,
"schema": null
},
"id": "C9317902",
"isParent": false,
"catalogueLevel": 7,
"parentId": "C326132",
"DescriptionText": "\"Photograph of male and female dancing waltz, two models, plate 197.\"\nSheet comprises sequence of 24 photographic images, set in 4 rows, showing movement from front of dressed subject. "
},
"C9317903": {
"catalogueId": -4603991,
"citableReference": "COPY 1/384/98",
"coveringFromDate": 18870425,
"coveringToDate": 18870425,
"scopeContent": {
"placeNames": [],
"description": "<scopecontent><p>&#34Photograph of female curtseying, plate 198.&#34 </p> <p>Sheet comprises sequence of 33 photographic images, of varying widths, set in 3 rows, showing movement from right hand side, front, at around 45 degrees to the left, and back, at around 45 degrees to the right, of the dressed subject.</p></scopecontent>",
"ephemera": null,
"schema": null
},
"id": "C9317903",
"isParent": false,
"catalogueLevel": 7,
"parentId": "C326132",
"DescriptionText": "\"Photograph of female curtseying, plate 198.\" \nSheet comprises sequence of 33 photographic images, of varying widths, set in 3 rows, showing movement from right hand side, front, at around 45 degrees to the left, and back, at around 45 degrees to the right, of the dressed subject."
},
"C9317904": {
"catalogueId": -4603992,
"citableReference": "COPY 1/384/99",
"coveringFromDate": 18870425,
"coveringToDate": 18870425,
"scopeContent": {
"placeNames": [],
"description": "<scopecontent><p>&#34Photograph of female curtseying, fan in right hand, plate 199.&#34 </p> <p>Sheet comprises two sequences. First sequence comprises 12 photographic images, set in 2 rows, showing movement from right hand side of subject. Second sequence comprises 12 photographic images, in 1 row, showing movement from back of the dressed subject.</p></scopecontent>",
"ephemera": null,
"schema": null
},
"id": "C9317904",
"isParent": false,
"catalogueLevel": 7,
"parentId": "C326132",
"DescriptionText": "\"Photograph of female curtseying, fan in right hand, plate 199.\" \nSheet comprises two sequences. First sequence comprises 12 photographic images, set in 2 rows, showing movement from right hand side of subject. Second sequence comprises 12 photographic images, in 1 row, showing movement from back of the dressed subject."
},
"C9317905": {
"catalogueId": -4603993,
"citableReference": "COPY 1/384/100",
"coveringFromDate": 18870425,
"coveringToDate": 18870425,
"scopeContent": {
"placeNames": [],
"description": "<scopecontent><p>&#34Photograph of female curtseying, kissing hand and turning around, plate 200.&#34 </p> <p>Sheet comprises sequence of 30 photographic images, set in 3 rows, showing movement from right hand side, back, at around 45 degrees to the right, and front, at around 45 degrees to the left, of the dressed subject.</p></scopecontent>",
"ephemera": null,
"schema": null
},
"id": "C9317905",
"isParent": false,
"catalogueLevel": 7,
"parentId": "C326132",
"DescriptionText": "\"Photograph of female curtseying, kissing hand and turning around, plate 200.\" \nSheet comprises sequence of 30 photographic images, set in 3 rows, showing movement from right hand side, back, at around 45 degrees to the right, and front, at around 45 degrees to the left, of the dressed subject."
}
}