{
"C9394859": {
"catalogueId": -4688068,
"citableReference": "COPY 1/388/1",
"coveringFromDate": 18870425,
"coveringToDate": 18870425,
"scopeContent": {
"placeNames": [],
"description": "<scopecontent><p>&#34Photograph of female, miscellaneous stooping and kneeling etc, plate 501.&#34 </p> <p>Sheet comprises sequence of 36 photographic images, set in 3 rows, showing movement from front, left hand side and right hand side of subject. </p></scopecontent>",
"ephemera": null,
"schema": null
},
"id": "C9394859",
"isParent": false,
"catalogueLevel": 7,
"parentId": "C326136",
"DescriptionText": "\"Photograph of female, miscellaneous stooping and kneeling etc, plate 501.\" \nSheet comprises sequence of 36 photographic images, set in 3 rows, showing movement from front, left hand side and right hand side of subject. "
},
"C9394860": {
"catalogueId": -4688069,
"citableReference": "COPY 1/388/2",
"coveringFromDate": 18870425,
"coveringToDate": 18870425,
"scopeContent": {
"placeNames": [],
"description": "<scopecontent><p>&#34Photograph of female, miscellaneous stooping and kneeling etc, plate 502.&#34 </p> <p>Sheet comprises sequence of 27 photographic images, set in 3 rows, showing movement from front, left hand side and right hand side of subject. </p></scopecontent>",
"ephemera": null,
"schema": null
},
"id": "C9394860",
"isParent": false,
"catalogueLevel": 7,
"parentId": "C326136",
"DescriptionText": "\"Photograph of female, miscellaneous stooping and kneeling etc, plate 502.\" \nSheet comprises sequence of 27 photographic images, set in 3 rows, showing movement from front, left hand side and right hand side of subject. "
},
"C9394861": {
"catalogueId": -4688070,
"citableReference": "COPY 1/388/3",
"coveringFromDate": 18870425,
"coveringToDate": 18870425,
"scopeContent": {
"placeNames": [],
"description": "<scopecontent><p>&#34Photograph of female, miscellaneous stooping etc, plate 503.&#34 </p> <p>Sheet comprises sequence of 18 photographic images, set in 3 rows, showing movement from front, right hand side and left hand side of dressed subject. </p></scopecontent>",
"ephemera": null,
"schema": null
},
"id": "C9394861",
"isParent": false,
"catalogueLevel": 7,
"parentId": "C326136",
"DescriptionText": "\"Photograph of female, miscellaneous stooping etc, plate 503.\" \nSheet comprises sequence of 18 photographic images, set in 3 rows, showing movement from front, right hand side and left hand side of dressed subject. "
},
"C9394865": {
"catalogueId": -4688074,
"citableReference": "COPY 1/388/4",
"coveringFromDate": 18870425,
"coveringToDate": 18870425,
"scopeContent": {
"placeNames": [],
"description": "<scopecontent><p>&#34Photograph of female ascending and descending stairs, plate 504.&#34 </p> <p>Sheet comprises sequence of 30 photographic images, set in 3 rows, showing movement from front, left hand side and right hand side of dressed subject. </p></scopecontent>",
"ephemera": null,
"schema": null
},
"id": "C9394865",
"isParent": false,
"catalogueLevel": 7,
"parentId": "C326136",
"DescriptionText": "\"Photograph of female ascending and descending stairs, plate 504.\" \nSheet comprises sequence of 30 photographic images, set in 3 rows, showing movement from front, left hand side and right hand side of dressed subject. "
},
"C9394866": {
"catalogueId": -4688075,
"citableReference": "COPY 1/388/5",
"coveringFromDate": 18870425,
"coveringToDate": 18870425,
"scopeContent": {
"placeNames": [],
"description": "<scopecontent><p>&#34Photograph of male, bricklaying, plate 505.&#34 </p> <p>Sheet comprises sequence of 27 photographic images, set in 3 rows, showing movement from front, right hand side and left hand side of subject. </p></scopecontent>",
"ephemera": null,
"schema": null
},
"id": "C9394866",
"isParent": false,
"catalogueLevel": 7,
"parentId": "C326136",
"DescriptionText": "\"Photograph of male, bricklaying, plate 505.\" \nSheet comprises sequence of 27 photographic images, set in 3 rows, showing movement from front, right hand side and left hand side of subject. "
},
"C9394867": {
"catalogueId": -4688076,
"citableReference": "COPY 1/388/6",
"coveringFromDate": 18870425,
"coveringToDate": 18870425,
"scopeContent": {
"placeNames": [],
"description": "<scopecontent><p>&#34Photograph of male, bricklaying, plate 506.&#34 </p> <p>Sheet comprises sequence of 30 photographic images, set in 3 rows, showing movement from front, left hand side and right hand side of subject. </p></scopecontent>",
"ephemera": null,
"schema": null
},
"id": "C9394867",
"isParent": false,
"catalogueLevel": 7,
"parentId": "C326136",
"DescriptionText": "\"Photograph of male, bricklaying, plate 506.\" \nSheet comprises sequence of 30 photographic images, set in 3 rows, showing movement from front, left hand side and right hand side of subject. "
},
"C9394869": {
"catalogueId": -4688078,
"citableReference": "COPY 1/388/7",
"coveringFromDate": 18870425,
"coveringToDate": 18870425,
"scopeContent": {
"placeNames": [],
"description": "<scopecontent><p>&#34Photograph of male, carpentering, plate 507.&#34 </p> <p>Sheet comprises sequence of 24 photographic images, set in 3 rows, showing movement from front, right hand side and left hand side of subject. </p></scopecontent>",
"ephemera": null,
"schema": null
},
"id": "C9394869",
"isParent": false,
"catalogueLevel": 7,
"parentId": "C326136",
"DescriptionText": "\"Photograph of male, carpentering, plate 507.\" \nSheet comprises sequence of 24 photographic images, set in 3 rows, showing movement from front, right hand side and left hand side of subject. "
},
"C9394870": {
"catalogueId": -4688079,
"citableReference": "COPY 1/388/8",
"coveringFromDate": 18870425,
"coveringToDate": 18870425,
"scopeContent": {
"placeNames": [],
"description": "<scopecontent><p>&#34Photograph of male shoeing a horse, plate 508.&#34 </p> <p>Sheet comprises sequence of 30 photographic images, set in 3 rows, showing movement from front, right hand side and left hand side of subject. </p></scopecontent>",
"ephemera": null,
"schema": null
},
"id": "C9394870",
"isParent": false,
"catalogueLevel": 7,
"parentId": "C326136",
"DescriptionText": "\"Photograph of male shoeing a horse, plate 508.\" \nSheet comprises sequence of 30 photographic images, set in 3 rows, showing movement from front, right hand side and left hand side of subject. "
},
"C9394871": {
"catalogueId": -4688080,
"citableReference": "COPY 1/388/9",
"coveringFromDate": 18870425,
"coveringToDate": 18870425,
"scopeContent": {
"placeNames": [],
"description": "<scopecontent><p>&#34Photograph of male shoeing a horse, plate 509.&#34 </p> <p>Sheet comprises sequence of 18 photographic images, set in 3 rows, showing movement from front, right hand side and left hand side of subject. </p></scopecontent>",
"ephemera": null,
"schema": null
},
"id": "C9394871",
"isParent": false,
"catalogueLevel": 7,
"parentId": "C326136",
"DescriptionText": "\"Photograph of male shoeing a horse, plate 509.\" \nSheet comprises sequence of 18 photographic images, set in 3 rows, showing movement from front, right hand side and left hand side of subject. "
},
"C9394872": {
"catalogueId": -4688081,
"citableReference": "COPY 1/388/10",
"coveringFromDate": 18870425,
"coveringToDate": 18870425,
"scopeContent": {
"placeNames": [],
"description": "<scopecontent><p>&#34Photograph of male, contortions on the ground, plate 510.&#34 </p> <p>Sheet comprises sequence of 24 photographic images, set in 4 rows, showing movement from front of subject. </p></scopecontent>",
"ephemera": null,
"schema": null
},
"id": "C9394872",
"isParent": false,
"catalogueLevel": 7,
"parentId": "C326136",
"DescriptionText": "\"Photograph of male, contortions on the ground, plate 510.\" \nSheet comprises sequence of 24 photographic images, set in 4 rows, showing movement from front of subject. "
},
"C9394873": {
"catalogueId": -4688082,
"citableReference": "COPY 1/388/11",
"coveringFromDate": 18870425,
"coveringToDate": 18870425,
"scopeContent": {
"placeNames": [],
"description": "<scopecontent><p>&#34Photograph of male, contortions on the ground, plate 511.&#34 </p> <p>Sheet comprises sequence of 24 photographic images, set in 4 rows, showing movement from left hand side of dressed subject. </p></scopecontent>",
"ephemera": null,
"schema": null
},
"id": "C9394873",
"isParent": false,
"catalogueLevel": 7,
"parentId": "C326136",
"DescriptionText": "\"Photograph of male, contortions on the ground, plate 511.\" \nSheet comprises sequence of 24 photographic images, set in 4 rows, showing movement from left hand side of dressed subject. "
},
"C9394874": {
"catalogueId": -4688083,
"citableReference": "COPY 1/388/12",
"coveringFromDate": 18870425,
"coveringToDate": 18870425,
"scopeContent": {
"placeNames": [],
"description": "<scopecontent><p>&#34Photograph of male, contortions on rings, plate 512.&#34 </p> <p>Sheet comprises sequence of 22 photographic images, set in 2 rows, showing movement from front and left hand side of subject. </p></scopecontent>",
"ephemera": null,
"schema": null
},
"id": "C9394874",
"isParent": false,
"catalogueLevel": 7,
"parentId": "C326136",
"DescriptionText": "\"Photograph of male, contortions on rings, plate 512.\" \nSheet comprises sequence of 22 photographic images, set in 2 rows, showing movement from front and left hand side of subject. "
},
"C9394875": {
"catalogueId": -4688084,
"citableReference": "COPY 1/388/13",
"coveringFromDate": 18870425,
"coveringToDate": 18870425,
"scopeContent": {
"placeNames": [],
"description": "<scopecontent><p>&#34Photograph of female getting on and off table, plate 513.&#34 </p> <p>Sheet comprises sequence of 30 photographic images, set in 3 rows, showing movement from front, right hand side and left hand side of dressed subject. </p></scopecontent>",
"ephemera": null,
"schema": null
},
"id": "C9394875",
"isParent": false,
"catalogueLevel": 7,
"parentId": "C326136",
"DescriptionText": "\"Photograph of female getting on and off table, plate 513.\" \nSheet comprises sequence of 30 photographic images, set in 3 rows, showing movement from front, right hand side and left hand side of dressed subject. "
},
"C9394876": {
"catalogueId": -4688085,
"citableReference": "COPY 1/388/14",
"coveringFromDate": 18870425,
"coveringToDate": 18870425,
"scopeContent": {
"placeNames": [],
"description": "<scopecontent><p>&#34Photograph of female feeding a dog, plate 514.&#34 </p> <p>Sheet comprises sequence of 15 photographic images, set in 3 rows, showing movement from front, left hand side and right hand side of dressed subject. </p></scopecontent>",
"ephemera": null,
"schema": null
},
"id": "C9394876",
"isParent": false,
"catalogueLevel": 7,
"parentId": "C326136",
"DescriptionText": "\"Photograph of female feeding a dog, plate 514.\" \nSheet comprises sequence of 15 photographic images, set in 3 rows, showing movement from front, left hand side and right hand side of dressed subject. "
},
"C9394877": {
"catalogueId": -4688086,
"citableReference": "COPY 1/388/15",
"coveringFromDate": 18870425,
"coveringToDate": 18870425,
"scopeContent": {
"placeNames": [],
"description": "<scopecontent><p>&#34Photograph of female ascending and descending stairs etc, plate 515.&#34 </p> <p>Sheet comprises sequence of 30 photographic images, set in 3 rows, showing movement from front, right hand side and left hand side of dressed subject. </p></scopecontent>",
"ephemera": null,
"schema": null
},
"id": "C9394877",
"isParent": false,
"catalogueLevel": 7,
"parentId": "C326136",
"DescriptionText": "\"Photograph of female ascending and descending stairs etc, plate 515.\" \nSheet comprises sequence of 30 photographic images, set in 3 rows, showing movement from front, right hand side and left hand side of dressed subject. "
},
"C9394878": {
"catalogueId": -4688087,
"citableReference": "COPY 1/388/16",
"coveringFromDate": 18870425,
"coveringToDate": 18870425,
"scopeContent": {
"placeNames": [],
"description": "<scopecontent><p>&#34Photograph of female, miscellaneous movements with a water jar, plate 516.&#34 </p> <p>Sheet comprises sequence of 27 photographic images, of varying width set in 3 rows, showing movement from front, left hand isde and right hand side of dressed subject. </p></scopecontent>",
"ephemera": null,
"schema": null
},
"id": "C9394878",
"isParent": false,
"catalogueLevel": 7,
"parentId": "C326136",
"DescriptionText": "\"Photograph of female, miscellaneous movements with a water jar, plate 516.\" \nSheet comprises sequence of 27 photographic images, of varying width set in 3 rows, showing movement from front, left hand isde and right hand side of dressed subject. "
},
"C9394879": {
"catalogueId": -4688088,
"citableReference": "COPY 1/388/17",
"coveringFromDate": 18870425,
"coveringToDate": 18870425,
"scopeContent": {
"placeNames": [],
"description": "<scopecontent><p>&#34Photograph of female, miscellaneous movements with a water jar, plate 517.&#34 </p> <p>Sheet comprises sequence of 24 photographic images, set in 3 rows, showing movement from front, left hand side and right hand side of dressed subject. </p></scopecontent>",
"ephemera": null,
"schema": null
},
"id": "C9394879",
"isParent": false,
"catalogueLevel": 7,
"parentId": "C326136",
"DescriptionText": "\"Photograph of female, miscellaneous movements with a water jar, plate 517.\" \nSheet comprises sequence of 24 photographic images, set in 3 rows, showing movement from front, left hand side and right hand side of dressed subject. "
},
"C9394880": {
"catalogueId": -4688089,
"citableReference": "COPY 1/388/18",
"coveringFromDate": 18870425,
"coveringToDate": 18870425,
"scopeContent": {
"placeNames": [],
"description": "<scopecontent><p>&#34Photograph of female sitting down, rising etc, plate 518.&#34 </p> <p>Sheet comprises sequence of 24 photographic images, set in 3 rows, showing movement from front, left hand side and right hand side of subject. </p></scopecontent>",
"ephemera": null,
"schema": null
},
"id": "C9394880",
"isParent": false,
"catalogueLevel": 7,
"parentId": "C326136",
"DescriptionText": "\"Photograph of female sitting down, rising etc, plate 518.\" \nSheet comprises sequence of 24 photographic images, set in 3 rows, showing movement from front, left hand side and right hand side of subject. "
},
"C9394881": {
"catalogueId": -4688090,
"citableReference": "COPY 1/388/19",
"coveringFromDate": 18870425,
"coveringToDate": 18870425,
"scopeContent": {
"placeNames": [],
"description": "<scopecontent><p>&#34Photograph of male throwing disk, ascending step, walking, plate 519.&#34 </p> <p>Sheet comprises two sequences. First sequence comprises 10 photographic images, set in 2 rows, showing movement from front of subject. Second sequence comprises 20 photographic images, of varying width in 2 rows, showing movement from front of the subject. </p></scopecontent>",
"ephemera": null,
"schema": null
},
"id": "C9394881",
"isParent": false,
"catalogueLevel": 7,
"parentId": "C326136",
"DescriptionText": "\"Photograph of male throwing disk, ascending step, walking, plate 519.\" \nSheet comprises two sequences. First sequence comprises 10 photographic images, set in 2 rows, showing movement from front of subject. Second sequence comprises 20 photographic images, of varying width in 2 rows, showing movement from front of the subject. "
},
"C9394882": {
"catalogueId": -4688091,
"citableReference": "COPY 1/388/20",
"coveringFromDate": 18870425,
"coveringToDate": 18870425,
"scopeContent": {
"placeNames": [],
"description": "<scopecontent><p>&#34Photograph of males wrestling, wrestling, wrestling, sparing without gloves, plate 520.&#34 </p> <p>Sheet comprises sequence of 24 photographic images, of varying width and height, set in 4 rows, showing movement from front and left hand side of subject. </p></scopecontent>",
"ephemera": null,
"schema": null
},
"id": "C9394882",
"isParent": false,
"catalogueLevel": 7,
"parentId": "C326136",
"DescriptionText": "\"Photograph of males wrestling, wrestling, wrestling, sparing without gloves, plate 520.\" \nSheet comprises sequence of 24 photographic images, of varying width and height, set in 4 rows, showing movement from front and left hand side of subject. "
},
"C9394884": {
"catalogueId": -4688093,
"citableReference": "COPY 1/388/21",
"coveringFromDate": 18870425,
"coveringToDate": 18870425,
"scopeContent": {
"placeNames": [],
"description": "<scopecontent><p>&#34Photograph of male walking, ascending step, throwing disk, using shovel, using pick, using pick, plate 521.&#34 </p> <p>Sheet comprises two sequences. First sequence comprises 12 photographic images, set in 1 row, showing movement from front of subject. Second sequence comprises 24 photographic images, of varying width, in 4 rows, showing movement from front and left hand side of the subject. </p></scopecontent>",
"ephemera": null,
"schema": null
},
"id": "C9394884",
"isParent": false,
"catalogueLevel": 7,
"parentId": "C326136",
"DescriptionText": "\"Photograph of male walking, ascending step, throwing disk, using shovel, using pick, using pick, plate 521.\" \nSheet comprises two sequences. First sequence comprises 12 photographic images, set in 1 row, showing movement from front of subject. Second sequence comprises 24 photographic images, of varying width, in 4 rows, showing movement from front and left hand side of the subject. "
},
"C9394886": {
"catalogueId": -4688095,
"citableReference": "COPY 1/388/22",
"coveringFromDate": 18870425,
"coveringToDate": 18870425,
"scopeContent": {
"placeNames": [],
"description": "<scopecontent><p>\"Photograph of males, 3 models, No 97 jumping, No 98 hand spring, No 98 somersault, No 99 somersault, No 99 springing over man's back, Plate 522.\" Sheet comprises sequence of 30 photographic images, set in 5 rows, showing movement from left hand side and right hand side of subject.</p></scopecontent>",
"ephemera": null,
"schema": null
},
"id": "C9394886",
"isParent": false,
"catalogueLevel": 7,
"parentId": "C326136",
"DescriptionText": "\"Photograph of males, 3 models, No 97 jumping, No 98 hand spring, No 98 somersault, No 99 somersault, No 99 springing over man's back, Plate 522.\" Sheet comprises sequence of 30 photographic images, set in 5 rows, showing movement from left hand side and right hand side of subject."
},
"C9394888": {
"catalogueId": -4688097,
"citableReference": "COPY 1/388/23",
"coveringFromDate": 18870425,
"coveringToDate": 18870425,
"scopeContent": {
"placeNames": [],
"description": "<scopecontent><p>&#34Photograph of male, A srtiking a blow, B throwing disk, C heaving a 75lb stone, D throwing a ball, E throwing disk, F heaving 75lb stone, plate 523.&#34 </p> <p>Sheet comprises sequence of 36 photographic images, of varying width, set in 6 rows, showing movement from left hand side of subject. </p></scopecontent>",
"ephemera": null,
"schema": null
},
"id": "C9394888",
"isParent": false,
"catalogueLevel": 7,
"parentId": "C326136",
"DescriptionText": "\"Photograph of male, A srtiking a blow, B throwing disk, C heaving a 75lb stone, D throwing a ball, E throwing disk, F heaving 75lb stone, plate 523.\" \nSheet comprises sequence of 36 photographic images, of varying width, set in 6 rows, showing movement from left hand side of subject. "
},
"C9394890": {
"catalogueId": -4688099,
"citableReference": "COPY 1/388/24",
"coveringFromDate": 18870425,
"coveringToDate": 18870425,
"scopeContent": {
"placeNames": [],
"description": "<scopecontent><p>&#34Photograph of female, A throwing water from bucket, B descending step, C ascending step, D lawn tennis, plate 524.&#34 </p> <p>Sheet comprises sequence of 24 photographic images, set in 4 rows, showing movement from left hand side and front of dressed subject. </p></scopecontent>",
"ephemera": null,
"schema": null
},
"id": "C9394890",
"isParent": false,
"catalogueLevel": 7,
"parentId": "C326136",
"DescriptionText": "\"Photograph of female, A throwing water from bucket, B descending step, C ascending step, D lawn tennis, plate 524.\" \nSheet comprises sequence of 24 photographic images, set in 4 rows, showing movement from left hand side and front of dressed subject. "
},
"C9394891": {
"catalogueId": -4688100,
"citableReference": "COPY 1/388/25",
"coveringFromDate": 18870425,
"coveringToDate": 18870425,
"scopeContent": {
"placeNames": [],
"description": "<scopecontent><p>&#34Photograph of female, A descending step, B ascending step, C descending step, D ascending step, E waving handkerchief, plate 525.&#34 </p> <p>Sheet comprises sequence of 30 photographic images, set in 5 rows, showing movement from left hand side and front of subject. </p></scopecontent>",
"ephemera": null,
"schema": null
},
"id": "C9394891",
"isParent": false,
"catalogueLevel": 7,
"parentId": "C326136",
"DescriptionText": "\"Photograph of female, A descending step, B ascending step, C descending step, D ascending step, E waving handkerchief, plate 525.\" \nSheet comprises sequence of 30 photographic images, set in 5 rows, showing movement from left hand side and front of subject. "
},
"C9394893": {
"catalogueId": -4688102,
"citableReference": "COPY 1/388/26",
"coveringFromDate": 18870425,
"coveringToDate": 18870425,
"scopeContent": {
"placeNames": [],
"description": "<scopecontent><p>&#34Photograph of female, A lifting ball, B emptying bucket of water, C kicking above her head, D spiking with a stick, E stumbling, F lifting 50lb dumbbell, plate 526.&#34 </p> <p>Sheet comprises sequence of 36 photographic images, set in 6 rows, showing movement from left hand side of subject. </p></scopecontent>",
"ephemera": null,
"schema": null
},
"id": "C9394893",
"isParent": false,
"catalogueLevel": 7,
"parentId": "C326136",
"DescriptionText": "\"Photograph of female, A lifting ball, B emptying bucket of water, C kicking above her head, D spiking with a stick, E stumbling, F lifting 50lb dumbbell, plate 526.\" \nSheet comprises sequence of 36 photographic images, set in 6 rows, showing movement from left hand side of subject. "
},
"C9394894": {
"catalogueId": -4688103,
"citableReference": "COPY 1/388/27",
"coveringFromDate": 18870425,
"coveringToDate": 18870425,
"scopeContent": {
"placeNames": [],
"description": "<scopecontent><p>&#34Photograph of female and male, A B C 1 spanking child 104, plate 527.&#34 </p> <p>Sheet comprises sequence of 18 photographic images, set in 3 rows, showing movement from left hand side of subject. </p></scopecontent>",
"ephemera": null,
"schema": null
},
"id": "C9394894",
"isParent": false,
"catalogueLevel": 7,
"parentId": "C326136",
"DescriptionText": "\"Photograph of female and male, A B C 1 spanking child 104, plate 527.\" \nSheet comprises sequence of 18 photographic images, set in 3 rows, showing movement from left hand side of subject. "
},
"C9394896": {
"catalogueId": -4688105,
"citableReference": "COPY 1/388/28",
"coveringFromDate": 18870425,
"coveringToDate": 18870425,
"scopeContent": {
"placeNames": [],
"description": "<scopecontent><p>&#34Photograph of woman and male child, A B C 1 carrying child, D walking with child hand in hand, E running with child hand in hand, plate 528.&#34 </p> <p>Sheet comprises sequence of 25 photographic images, set in 5 rows, showing movement from left hand side of subject. </p></scopecontent>",
"ephemera": null,
"schema": null
},
"id": "C9394896",
"isParent": false,
"catalogueLevel": 7,
"parentId": "C326136",
"DescriptionText": "\"Photograph of woman and male child, A B C 1 carrying child, D walking with child hand in hand, E running with child hand in hand, plate 528.\" \nSheet comprises sequence of 25 photographic images, set in 5 rows, showing movement from left hand side of subject. "
},
"C9394897": {
"catalogueId": -4688106,
"citableReference": "COPY 1/388/29",
"coveringFromDate": 18870425,
"coveringToDate": 18870425,
"scopeContent": {
"placeNames": [],
"description": "<scopecontent><p>&#34Photograph of male, various poses, plate 529.&#34 </p> <p>Sheet comprises sequence of 20 photographic images, of varying width, set in 2 rows, showing movement from front and left hand side of subject. </p></scopecontent>",
"ephemera": null,
"schema": null
},
"id": "C9394897",
"isParent": false,
"catalogueLevel": 7,
"parentId": "C326136",
"DescriptionText": "\"Photograph of male, various poses, plate 529.\" \nSheet comprises sequence of 20 photographic images, of varying width, set in 2 rows, showing movement from front and left hand side of subject. "
},
"C9394899": {
"catalogueId": -4688108,
"citableReference": "COPY 1/388/30",
"coveringFromDate": 18870425,
"coveringToDate": 18870425,
"scopeContent": {
"placeNames": [],
"description": "<scopecontent><p>&#34Photograph of male, various poses, plate 530.&#34 </p> <p>Sheet comprises sequence of 30 photographic images, set in 3 rows, showing movement from front, right hand side and left hand side of subject. </p></scopecontent>",
"ephemera": null,
"schema": null
},
"id": "C9394899",
"isParent": false,
"catalogueLevel": 7,
"parentId": "C326136",
"DescriptionText": "\"Photograph of male, various poses, plate 530.\" \nSheet comprises sequence of 30 photographic images, set in 3 rows, showing movement from front, right hand side and left hand side of subject. "
},
"C9394900": {
"catalogueId": -4688109,
"citableReference": "COPY 1/388/31",
"coveringFromDate": 18870425,
"coveringToDate": 18870425,
"scopeContent": {
"placeNames": [],
"description": "<scopecontent><p>&#34Photograph of female, various poses, plate 531.&#34 </p> <p>Sheet comprises sequence of 33 photographic images, of varying width, set in 3 rows, showing movement from front, right hand side and left hand side of subject. </p></scopecontent>",
"ephemera": null,
"schema": null
},
"id": "C9394900",
"isParent": false,
"catalogueLevel": 7,
"parentId": "C326136",
"DescriptionText": "\"Photograph of female, various poses, plate 531.\" \nSheet comprises sequence of 33 photographic images, of varying width, set in 3 rows, showing movement from front, right hand side and left hand side of subject. "
},
"C9394902": {
"catalogueId": -4688111,
"citableReference": "COPY 1/388/32",
"coveringFromDate": 18870425,
"coveringToDate": 18870425,
"scopeContent": {
"placeNames": [],
"description": "<scopecontent><p>&#34Photograph of movement of the hand drawing a circle, male, plate 532.&#34 </p> <p>Sheet comprises sequence of 24 photographic images, set in 4 rows, showing movement from left hand side and front of subject. </p></scopecontent>",
"ephemera": null,
"schema": null
},
"id": "C9394902",
"isParent": false,
"catalogueLevel": 7,
"parentId": "C326136",
"DescriptionText": "\"Photograph of movement of the hand drawing a circle, male, plate 532.\" \nSheet comprises sequence of 24 photographic images, set in 4 rows, showing movement from left hand side and front of subject. "
},
"C9394904": {
"catalogueId": -4688113,
"citableReference": "COPY 1/388/33",
"coveringFromDate": 18870425,
"coveringToDate": 18870425,
"scopeContent": {
"placeNames": [],
"description": "<scopecontent><p>&#34Photograph of male movement of the hand clasping hands, plate 533.&#34 </p> <p>Sheet comprises sequence of 24 photographic images, set in 4 rows, showing movement from left hand side and front of subject. </p></scopecontent>",
"ephemera": null,
"schema": null
},
"id": "C9394904",
"isParent": false,
"catalogueLevel": 7,
"parentId": "C326136",
"DescriptionText": "\"Photograph of male movement of the hand clasping hands, plate 533.\" \nSheet comprises sequence of 24 photographic images, set in 4 rows, showing movement from left hand side and front of subject. "
},
"C9394906": {
"catalogueId": -4688115,
"citableReference": "COPY 1/388/34",
"coveringFromDate": 18870425,
"coveringToDate": 18870425,
"scopeContent": {
"placeNames": [],
"description": "<scopecontent><p>&#34Photograph of male, movement of the hand, lifting a ball, plate 534.&#34 </p> <p>Sheet comprises sequence of 24 photographic images, set in 4 rows, showing movement from left hand side and front of subject. </p></scopecontent>",
"ephemera": null,
"schema": null
},
"id": "C9394906",
"isParent": false,
"catalogueLevel": 7,
"parentId": "C326136",
"DescriptionText": "\"Photograph of male, movement of the hand, lifting a ball, plate 534.\" \nSheet comprises sequence of 24 photographic images, set in 4 rows, showing movement from left hand side and front of subject. "
},
"C9394908": {
"catalogueId": -4688117,
"citableReference": "COPY 1/388/35",
"coveringFromDate": 18870425,
"coveringToDate": 18870425,
"scopeContent": {
"placeNames": [],
"description": "<scopecontent><p>&#34Photograph of male, movement of the hand, beating time, plate 535.&#34 </p> <p>Sheet comprises sequence of 24 photographic images, set in 4 rows, showing movement from left hand side and front of subject. </p></scopecontent>",
"ephemera": null,
"schema": null
},
"id": "C9394908",
"isParent": false,
"catalogueLevel": 7,
"parentId": "C326136",
"DescriptionText": "\"Photograph of male, movement of the hand, beating time, plate 535.\" \nSheet comprises sequence of 24 photographic images, set in 4 rows, showing movement from left hand side and front of subject. "
},
"C9394909": {
"catalogueId": -4688118,
"citableReference": "COPY 1/388/36",
"coveringFromDate": 18870425,
"coveringToDate": 18870425,
"scopeContent": {
"placeNames": [],
"description": "<scopecontent><p>&#34Photograph of male, movement of the hand, hands changing pencil, plate 536.&#34 </p> <p>Sheet comprises sequence of 24 photographic images, set in 4 rows, showing movement from left hand side and front of subject. </p></scopecontent>",
"ephemera": null,
"schema": null
},
"id": "C9394909",
"isParent": false,
"catalogueLevel": 7,
"parentId": "C326136",
"DescriptionText": "\"Photograph of male, movement of the hand, hands changing pencil, plate 536.\" \nSheet comprises sequence of 24 photographic images, set in 4 rows, showing movement from left hand side and front of subject. "
},
"C9394912": {
"catalogueId": -4688121,
"citableReference": "COPY 1/388/37",
"coveringFromDate": 18870425,
"coveringToDate": 18870425,
"scopeContent": {
"placeNames": [],
"description": "<scopecontent><p>&#34Photograph of male, single amputation of leg, hopping with crutches, plate 537.&#34 </p> <p>Sheet comprises sequence of 36 photographic images, set in 3 rows, showing movement from front, right hand side and left hand side of subject. </p></scopecontent>",
"ephemera": null,
"schema": null
},
"id": "C9394912",
"isParent": false,
"catalogueLevel": 7,
"parentId": "C326136",
"DescriptionText": "\"Photograph of male, single amputation of leg, hopping with crutches, plate 537.\" \nSheet comprises sequence of 36 photographic images, set in 3 rows, showing movement from front, right hand side and left hand side of subject. "
},
"C9394914": {
"catalogueId": -4688123,
"citableReference": "COPY 1/388/38",
"coveringFromDate": 18870425,
"coveringToDate": 18870425,
"scopeContent": {
"placeNames": [],
"description": "<scopecontent><p>&#34Photograph of male, double amputation of thighs, boy A moving forward, B getting on chair, C down from chair, plate 538.&#34 </p> <p>Sheet comprises sequence of 36 photographic images, set in 3 rows, showing movement from left hand side of subject. </p></scopecontent>",
"ephemera": null,
"schema": null
},
"id": "C9394914",
"isParent": false,
"catalogueLevel": 7,
"parentId": "C326136",
"DescriptionText": "\"Photograph of male, double amputation of thighs, boy A moving forward, B getting on chair, C down from chair, plate 538.\" \nSheet comprises sequence of 36 photographic images, set in 3 rows, showing movement from left hand side of subject. "
},
"C9394916": {
"catalogueId": -4688125,
"citableReference": "COPY 1/388/39",
"coveringFromDate": 18870425,
"coveringToDate": 18870425,
"scopeContent": {
"placeNames": [],
"description": "<scopecontent><p>&#34Photograph of female, infantile paralysis, child walking on hands and feet, plate 539.&#34 </p> <p>Sheet comprises sequence of 12 photographic images, set in 3 rows, showing movement from front of subject. </p></scopecontent>",
"ephemera": null,
"schema": null
},
"id": "C9394916",
"isParent": false,
"catalogueLevel": 7,
"parentId": "C326136",
"DescriptionText": "\"Photograph of female, infantile paralysis, child walking on hands and feet, plate 539.\" \nSheet comprises sequence of 12 photographic images, set in 3 rows, showing movement from front of subject. "
},
"C9394918": {
"catalogueId": -4688127,
"citableReference": "COPY 1/388/40",
"coveringFromDate": 18870425,
"coveringToDate": 18870425,
"scopeContent": {
"placeNames": [],
"description": "<scopecontent><p>&#34Photograph of male and female.&#34 A bow legs; Boy: B spinal caries; girl walking, plate 540.&#34 </p> <p>Sheet comprises sequence of 24 photographic images, set in 2 rows, showing movement from left hand side of subject. </p></scopecontent>",
"ephemera": null,
"schema": null
},
"id": "C9394918",
"isParent": false,
"catalogueLevel": 7,
"parentId": "C326136",
"DescriptionText": "\"Photograph of male and female.\" A bow legs; Boy: B spinal caries; girl walking, plate 540.\" \nSheet comprises sequence of 24 photographic images, set in 2 rows, showing movement from left hand side of subject. "
},
"C9394920": {
"catalogueId": -4688129,
"citableReference": "COPY 1/388/41",
"coveringFromDate": 18870425,
"coveringToDate": 18870425,
"scopeContent": {
"placeNames": [],
"description": "<scopecontent><p>&#34Photograph of female, multiple cerebro-spinal sclerosis, choreic, walking, plate 541.&#34 </p> <p>Sheet comprises sequence of 33 photographic images, set in 3 rows, showing movement from front, right hand side and left hand side of subject. </p></scopecontent>",
"ephemera": null,
"schema": null
},
"id": "C9394920",
"isParent": false,
"catalogueLevel": 7,
"parentId": "C326136",
"DescriptionText": "\"Photograph of female, multiple cerebro-spinal sclerosis, choreic, walking, plate 541.\" \nSheet comprises sequence of 33 photographic images, set in 3 rows, showing movement from front, right hand side and left hand side of subject. "
},
"C9394921": {
"catalogueId": -4688130,
"citableReference": "COPY 1/388/42",
"coveringFromDate": 18870425,
"coveringToDate": 18870425,
"scopeContent": {
"placeNames": [],
"description": "<scopecontent><p>&#34Photograph of female, multiple cerebro-spinal sclerosis, walking, plate 542.&#34 </p> <p>Sheet comprises sequence of 24 photographic images, set in 2 rows, showing movement from front and left hand side of subject. </p></scopecontent>",
"ephemera": null,
"schema": null
},
"id": "C9394921",
"isParent": false,
"catalogueLevel": 7,
"parentId": "C326136",
"DescriptionText": "\"Photograph of female, multiple cerebro-spinal sclerosis, walking, plate 542.\" \nSheet comprises sequence of 24 photographic images, set in 2 rows, showing movement from front and left hand side of subject. "
},
"C9394923": {
"catalogueId": -4688132,
"citableReference": "COPY 1/388/43",
"coveringFromDate": 18870425,
"coveringToDate": 18870425,
"scopeContent": {
"placeNames": [],
"description": "<scopecontent><p>&#34Photograph of female, spastic gait (hysterical) walking, plate 543.&#34 </p> <p>Sheet comprises sequence of 24 photographic images, set in 2 rows, showing movement from front and left hand side of subject. </p></scopecontent>",
"ephemera": null,
"schema": null
},
"id": "C9394923",
"isParent": false,
"catalogueLevel": 7,
"parentId": "C326136",
"DescriptionText": "\"Photograph of female, spastic gait (hysterical) walking, plate 543.\" \nSheet comprises sequence of 24 photographic images, set in 2 rows, showing movement from front and left hand side of subject. "
},
"C9394926": {
"catalogueId": -4688135,
"citableReference": "COPY 1/388/44",
"coveringFromDate": 18870425,
"coveringToDate": 18870425,
"scopeContent": {
"placeNames": [],
"description": "<scopecontent><p>&#34Photograph of female, artificially - induced convulsions, A B C while lying, plate 544.&#34 </p> <p>Sheet comprises sequence of 36 photographic images, set in 3 rows, showing movement from front of subject. </p></scopecontent>",
"ephemera": null,
"schema": null
},
"id": "C9394926",
"isParent": false,
"catalogueLevel": 7,
"parentId": "C326136",
"DescriptionText": "\"Photograph of female, artificially - induced convulsions, A B C while lying, plate 544.\" \nSheet comprises sequence of 36 photographic images, set in 3 rows, showing movement from front of subject. "
},
"C9394927": {
"catalogueId": -4688136,
"citableReference": "COPY 1/388/45",
"coveringFromDate": 18870425,
"coveringToDate": 18870425,
"scopeContent": {
"placeNames": [],
"description": "<scopecontent><p>&#34Photograph of female, artificially - induced convulsions, A B while sitting, plate 545.&#34 </p> <p>Sheet comprises sequence of 24 photographic images, set in 4 rows, showing movement from front and left hand side of subject. </p></scopecontent>",
"ephemera": null,
"schema": null
},
"id": "C9394927",
"isParent": false,
"catalogueLevel": 7,
"parentId": "C326136",
"DescriptionText": "\"Photograph of female, artificially - induced convulsions, A B while sitting, plate 545.\" \nSheet comprises sequence of 24 photographic images, set in 4 rows, showing movement from front and left hand side of subject. "
},
"C9394928": {
"catalogueId": -4688137,
"citableReference": "COPY 1/388/46",
"coveringFromDate": 18870425,
"coveringToDate": 18870425,
"scopeContent": {
"placeNames": [],
"description": "<scopecontent><p>&#34Photograph of male, locomotor ataxia, walking, plate 546.&#34 </p> <p>Sheet comprises sequence of 24 photographic images, set in 2 rows, showing movement from front and left hand side of subject. </p></scopecontent>",
"ephemera": null,
"schema": null
},
"id": "C9394928",
"isParent": false,
"catalogueLevel": 7,
"parentId": "C326136",
"DescriptionText": "\"Photograph of male, locomotor ataxia, walking, plate 546.\" \nSheet comprises sequence of 24 photographic images, set in 2 rows, showing movement from front and left hand side of subject. "
},
"C9394932": {
"catalogueId": -4688141,
"citableReference": "COPY 1/388/47",
"coveringFromDate": 18870425,
"coveringToDate": 18870425,
"scopeContent": {
"placeNames": [],
"description": "<scopecontent><p>&#34Photograph of male, hemiplegia, walking with crutch, plates 547.&#34 </p> <p>Sheet comprises sequence of 24 photographic images, set in 2 rows, showing movement from front and left hand side of subject. </p></scopecontent>",
"ephemera": null,
"schema": null
},
"id": "C9394932",
"isParent": false,
"catalogueLevel": 7,
"parentId": "C326136",
"DescriptionText": "\"Photograph of male, hemiplegia, walking with crutch, plates 547.\" \nSheet comprises sequence of 24 photographic images, set in 2 rows, showing movement from front and left hand side of subject. "
},
"C9394933": {
"catalogueId": -4688142,
"citableReference": "COPY 1/388/48",
"coveringFromDate": 18870425,
"coveringToDate": 18870425,
"scopeContent": {
"placeNames": [],
"description": "<scopecontent><p>&#34Photograph of male, lateral sclerosis, A B walking, plate 548.&#34 </p> <p>Sheet comprises sequence of 47 photographic images, of varying width, set in 4 rows, showing movement from front and left hand side of subject. </p></scopecontent>",
"ephemera": null,
"schema": null
},
"id": "C9394933",
"isParent": false,
"catalogueLevel": 7,
"parentId": "C326136",
"DescriptionText": "\"Photograph of male, lateral sclerosis, A B walking, plate 548.\" \nSheet comprises sequence of 47 photographic images, of varying width, set in 4 rows, showing movement from front and left hand side of subject. "
},
"C9394939": {
"catalogueId": -4688148,
"citableReference": "COPY 1/388/49",
"coveringFromDate": 18870425,
"coveringToDate": 18870425,
"scopeContent": {
"placeNames": [],
"description": "<scopecontent><p>&#34Photograph of male, epilepsy, walking, plate 549.&#34 </p> <p>Sheet comprises sequence of 24 photographic images, set in 2 rows, showing movement from front and left hand side of subject. </p></scopecontent>",
"ephemera": null,
"schema": null
},
"id": "C9394939",
"isParent": false,
"catalogueLevel": 7,
"parentId": "C326136",
"DescriptionText": "\"Photograph of male, epilepsy, walking, plate 549.\" \nSheet comprises sequence of 24 photographic images, set in 2 rows, showing movement from front and left hand side of subject. "
},
"C9394941": {
"catalogueId": -4688150,
"citableReference": "COPY 1/388/50",
"coveringFromDate": 18870425,
"coveringToDate": 18870425,
"scopeContent": {
"placeNames": [],
"description": "<scopecontent><p>&#34Photograph of male, locomotor ataxia, walking, A arms down, B arms up, plate 550.&#34 </p> <p>Sheet comprises sequence of 40 photographic images, set in 4 rows, showing movement from front and left hand side of subject. </p></scopecontent>",
"ephemera": null,
"schema": null
},
"id": "C9394941",
"isParent": false,
"catalogueLevel": 7,
"parentId": "C326136",
"DescriptionText": "\"Photograph of male, locomotor ataxia, walking, A arms down, B arms up, plate 550.\" \nSheet comprises sequence of 40 photographic images, set in 4 rows, showing movement from front and left hand side of subject. "
},
"C9394943": {
"catalogueId": -4688152,
"citableReference": "COPY 1/388/51",
"coveringFromDate": 18870425,
"coveringToDate": 18870425,
"scopeContent": {
"placeNames": [],
"description": "<scopecontent><p>&#34Photograph of male, epilepsy, walking, plate 551.&#34 </p> <p>Sheet comprises sequence of 24 photographic images, set in 2 rows, showing movement from front and right hand side of subject. </p></scopecontent>",
"ephemera": null,
"schema": null
},
"id": "C9394943",
"isParent": false,
"catalogueLevel": 7,
"parentId": "C326136",
"DescriptionText": "\"Photograph of male, epilepsy, walking, plate 551.\" \nSheet comprises sequence of 24 photographic images, set in 2 rows, showing movement from front and right hand side of subject. "
},
"C9394945": {
"catalogueId": -4688154,
"citableReference": "COPY 1/388/52",
"coveringFromDate": 18870425,
"coveringToDate": 18870425,
"scopeContent": {
"placeNames": [],
"description": "<scopecontent><p>&#34Photograph of male, hemiplegia, walking with cane, plate 552.&#34 </p> <p>Sheet comprises sequence of 24 photographic images, set in 2 rows, showing movement from front and right hand side of subject. </p></scopecontent>",
"ephemera": null,
"schema": null
},
"id": "C9394945",
"isParent": false,
"catalogueLevel": 7,
"parentId": "C326136",
"DescriptionText": "\"Photograph of male, hemiplegia, walking with cane, plate 552.\" \nSheet comprises sequence of 24 photographic images, set in 2 rows, showing movement from front and right hand side of subject. "
},
"C9394947": {
"catalogueId": -4688156,
"citableReference": "COPY 1/388/53",
"coveringFromDate": 18870425,
"coveringToDate": 18870425,
"scopeContent": {
"placeNames": [],
"description": "<scopecontent><p>&#34Photograph of male after traumatism of head walking, plate 553.&#34 </p> <p>Sheet comprises sequence of 20 photographic images, set in 2 rows, showing movement from front and left hand side of subject. </p></scopecontent>",
"ephemera": null,
"schema": null
},
"id": "C9394947",
"isParent": false,
"catalogueLevel": 7,
"parentId": "C326136",
"DescriptionText": "\"Photograph of male after traumatism of head walking, plate 553.\" \nSheet comprises sequence of 20 photographic images, set in 2 rows, showing movement from front and left hand side of subject. "
},
"C9394949": {
"catalogueId": -4688158,
"citableReference": "COPY 1/388/54",
"coveringFromDate": 18870425,
"coveringToDate": 18870425,
"scopeContent": {
"placeNames": [],
"description": "<scopecontent><p>&#34Photograph of male, locomotor ataxia, walking, plate 554.&#34 </p> <p>Sheet comprises sequence of 22 photographic images, set in 2 rows, showing movement from front and left hand side of subject. </p></scopecontent>",
"ephemera": null,
"schema": null
},
"id": "C9394949",
"isParent": false,
"catalogueLevel": 7,
"parentId": "C326136",
"DescriptionText": "\"Photograph of male, locomotor ataxia, walking, plate 554.\" \nSheet comprises sequence of 22 photographic images, set in 2 rows, showing movement from front and left hand side of subject. "
},
"C9394950": {
"catalogueId": -4688159,
"citableReference": "COPY 1/388/55",
"coveringFromDate": 18870425,
"coveringToDate": 18870425,
"scopeContent": {
"placeNames": [],
"description": "<scopecontent><p>&#34Photograph of male, muscular atrophy of legs, adult A B walking, plate 555.&#34 </p> <p>Sheet comprises sequence of 24 photographic images, set in 2 rows, showing movement from front of subject. </p></scopecontent>",
"ephemera": null,
"schema": null
},
"id": "C9394950",
"isParent": false,
"catalogueLevel": 7,
"parentId": "C326136",
"DescriptionText": "\"Photograph of male, muscular atrophy of legs, adult A B walking, plate 555.\" \nSheet comprises sequence of 24 photographic images, set in 2 rows, showing movement from front of subject. "
},
"C9394952": {
"catalogueId": -4688161,
"citableReference": "COPY 1/388/56",
"coveringFromDate": 18870425,
"coveringToDate": 18870425,
"scopeContent": {
"placeNames": [],
"description": "<scopecontent><p>&#34Photograph of male, local chorea, A B while lying, plate 556.&#34 </p> <p>Sheet comprises two sequences. First sequence comprises 10 photographic images, set in 2 rows, showing movement from front of subject. Second sequence comprises 12 photographic images, in 2 rows, showing movement from front of the subject. </p></scopecontent>",
"ephemera": null,
"schema": null
},
"id": "C9394952",
"isParent": false,
"catalogueLevel": 7,
"parentId": "C326136",
"DescriptionText": "\"Photograph of male, local chorea, A B while lying, plate 556.\" \nSheet comprises two sequences. First sequence comprises 10 photographic images, set in 2 rows, showing movement from front of subject. Second sequence comprises 12 photographic images, in 2 rows, showing movement from front of the subject. "
},
"C9394965": {
"catalogueId": -4688174,
"citableReference": "COPY 1/388/57",
"coveringFromDate": 18870425,
"coveringToDate": 18870425,
"scopeContent": {
"placeNames": [],
"description": "<scopecontent><p>&#34Photograph of male, local chorea, A B C, while standing, plate 557.&#34 </p> <p>Sheet comprises sequence of 36 photographic images, set in 3 rows, showing movement from front of subject. </p></scopecontent>",
"ephemera": null,
"schema": null
},
"id": "C9394965",
"isParent": false,
"catalogueLevel": 7,
"parentId": "C326136",
"DescriptionText": "\"Photograph of male, local chorea, A B C, while standing, plate 557.\" \nSheet comprises sequence of 36 photographic images, set in 3 rows, showing movement from front of subject. "
},
"C9394967": {
"catalogueId": -4688176,
"citableReference": "COPY 1/388/58",
"coveringFromDate": 18870425,
"coveringToDate": 18870425,
"scopeContent": {
"placeNames": [],
"description": "<scopecontent><p>&#34Photograph of male, paraplegia, partial, walking, plate 558.&#34 </p> <p>Sheet comprises sequence of 24 photographic images, set in 2 rows, showing movement from front and left hand side of subject. </p></scopecontent>",
"ephemera": null,
"schema": null
},
"id": "C9394967",
"isParent": false,
"catalogueLevel": 7,
"parentId": "C326136",
"DescriptionText": "\"Photograph of male, paraplegia, partial, walking, plate 558.\" \nSheet comprises sequence of 24 photographic images, set in 2 rows, showing movement from front and left hand side of subject. "
},
"C9394968": {
"catalogueId": -4688177,
"citableReference": "COPY 1/388/59",
"coveringFromDate": 18870425,
"coveringToDate": 18870425,
"scopeContent": {
"placeNames": [],
"description": "<scopecontent><p>&#34Photograph of male, disseminated sclerosis, walking with cane, plate 559.&#34 </p> <p>Sheet comprises sequence of 36 photographic images, set in 3 rows, showing movement from front, right hand side and left hand side of subject. </p></scopecontent>",
"ephemera": null,
"schema": null
},
"id": "C9394968",
"isParent": false,
"catalogueLevel": 7,
"parentId": "C326136",
"DescriptionText": "\"Photograph of male, disseminated sclerosis, walking with cane, plate 559.\" \nSheet comprises sequence of 36 photographic images, set in 3 rows, showing movement from front, right hand side and left hand side of subject. "
},
"C9394969": {
"catalogueId": -4688178,
"citableReference": "COPY 1/388/60",
"coveringFromDate": 18870425,
"coveringToDate": 18870425,
"scopeContent": {
"placeNames": [],
"description": "<scopecontent><p>&#34Photograph of male, locomotor ataxia, walking, plate 560.&#34 </p> <p>Sheet comprises sequence of 24 photographic images, set in 2 rows, showing movement from front of subject. </p></scopecontent>",
"ephemera": null,
"schema": null
},
"id": "C9394969",
"isParent": false,
"catalogueLevel": 7,
"parentId": "C326136",
"DescriptionText": "\"Photograph of male, locomotor ataxia, walking, plate 560.\" \nSheet comprises sequence of 24 photographic images, set in 2 rows, showing movement from front of subject. "
},
"C9394970": {
"catalogueId": -4688179,
"citableReference": "COPY 1/388/61",
"coveringFromDate": 18870425,
"coveringToDate": 18870425,
"scopeContent": {
"placeNames": [],
"description": "<scopecontent><p>&#34Photograph of male hydrocephalus, walking, plate 561.&#34 </p> <p>Sheet comprises sequence of 24 photographic images, set in 2 rows, showing movement from front and right hand side of subject. </p></scopecontent>",
"ephemera": null,
"schema": null
},
"id": "C9394970",
"isParent": false,
"catalogueLevel": 7,
"parentId": "C326136",
"DescriptionText": "\"Photograph of male hydrocephalus, walking, plate 561.\" \nSheet comprises sequence of 24 photographic images, set in 2 rows, showing movement from front and right hand side of subject. "
},
"C9394971": {
"catalogueId": -4688180,
"citableReference": "COPY 1/388/62",
"coveringFromDate": 18870425,
"coveringToDate": 18870425,
"scopeContent": {
"placeNames": [],
"description": "<scopecontent><p>&#34Photograph of male, lateral curvature of spine, walking, plate 562.&#34 </p> <p>Sheet comprises sequence of 24 photographic images, set in 2 rows, showing movement from front and left hand side of subject. </p></scopecontent>",
"ephemera": null,
"schema": null
},
"id": "C9394971",
"isParent": false,
"catalogueLevel": 7,
"parentId": "C326136",
"DescriptionText": "\"Photograph of male, lateral curvature of spine, walking, plate 562.\" \nSheet comprises sequence of 24 photographic images, set in 2 rows, showing movement from front and left hand side of subject. "
},
"C9394972": {
"catalogueId": -4688181,
"citableReference": "COPY 1/388/63",
"coveringFromDate": 18870425,
"coveringToDate": 18870425,
"scopeContent": {
"placeNames": [],
"description": "<scopecontent><p>&#34Photograph of hauling broken log chain, dark gray Belgian horse, plate 563.&#34 </p> <p>Sheet comprises sequence of 12 photographic images, set in 3 rows, showing movement from front of subject. </p></scopecontent>",
"ephemera": null,
"schema": null
},
"id": "C9394972",
"isParent": false,
"catalogueLevel": 7,
"parentId": "C326136",
"DescriptionText": "\"Photograph of hauling broken log chain, dark gray Belgian horse, plate 563.\" \nSheet comprises sequence of 12 photographic images, set in 3 rows, showing movement from front of subject. "
},
"C9394973": {
"catalogueId": -4688182,
"citableReference": "COPY 1/388/64",
"coveringFromDate": 18870425,
"coveringToDate": 18870425,
"scopeContent": {
"placeNames": [],
"description": "<scopecontent><p>&#34Photograph of hauling broken log chain, dark gray Belgian horse, plate 564.&#34 </p> <p>Sheet comprises sequence of 24 photographic images, set in 4 rows, showing movement from right hand side and left hand side of subject. </p></scopecontent>",
"ephemera": null,
"schema": null
},
"id": "C9394973",
"isParent": false,
"catalogueLevel": 7,
"parentId": "C326136",
"DescriptionText": "\"Photograph of hauling broken log chain, dark gray Belgian horse, plate 564.\" \nSheet comprises sequence of 24 photographic images, set in 4 rows, showing movement from right hand side and left hand side of subject. "
},
"C9394974": {
"catalogueId": -4688183,
"citableReference": "COPY 1/388/65",
"coveringFromDate": 18870425,
"coveringToDate": 18870425,
"scopeContent": {
"placeNames": [],
"description": "<scopecontent><p>&#34Photograph of hauling, dark gray Belgian horse, plate 565.&#34 </p> <p>Sheet comprises sequence of 12 photographic images, set in 3 rows, showing movement from front of subject. </p></scopecontent>",
"ephemera": null,
"schema": null
},
"id": "C9394974",
"isParent": false,
"catalogueLevel": 7,
"parentId": "C326136",
"DescriptionText": "\"Photograph of hauling, dark gray Belgian horse, plate 565.\" \nSheet comprises sequence of 12 photographic images, set in 3 rows, showing movement from front of subject. "
},
"C9394975": {
"catalogueId": -4688184,
"citableReference": "COPY 1/388/66",
"coveringFromDate": 18870425,
"coveringToDate": 18870425,
"scopeContent": {
"placeNames": [],
"description": "<scopecontent><p>&#34Photograph of hauling, dark gray Belgian horse, plate 566.&#34 </p> <p>Sheet comprises two sequences. First sequence comprises 12 photographic images, set in 2 rows, showing movement from right hand side of subject. Second sequence comprises 8 photographic images, in 1 row, showing movement from left hand side of the subject. </p></scopecontent>",
"ephemera": null,
"schema": null
},
"id": "C9394975",
"isParent": false,
"catalogueLevel": 7,
"parentId": "C326136",
"DescriptionText": "\"Photograph of hauling, dark gray Belgian horse, plate 566.\" \nSheet comprises two sequences. First sequence comprises 12 photographic images, set in 2 rows, showing movement from right hand side of subject. Second sequence comprises 8 photographic images, in 1 row, showing movement from left hand side of the subject. "
},
"C9394976": {
"catalogueId": -4688185,
"citableReference": "COPY 1/388/67",
"coveringFromDate": 18870425,
"coveringToDate": 18870425,
"scopeContent": {
"placeNames": [],
"description": "<scopecontent><p>&#34Photograph of hauling, dark gray Belgian horse, plate 567.&#34 </p> <p>Sheet comprises sequence of 12 photographic images, set in 3 rows, showing movement from front of subject. </p></scopecontent>",
"ephemera": null,
"schema": null
},
"id": "C9394976",
"isParent": false,
"catalogueLevel": 7,
"parentId": "C326136",
"DescriptionText": "\"Photograph of hauling, dark gray Belgian horse, plate 567.\" \nSheet comprises sequence of 12 photographic images, set in 3 rows, showing movement from front of subject. "
},
"C9394977": {
"catalogueId": -4688186,
"citableReference": "COPY 1/388/68",
"coveringFromDate": 18870425,
"coveringToDate": 18870425,
"scopeContent": {
"placeNames": [],
"description": "<scopecontent><p>&#34Photograph of hauling, dark gray Belgian horse, plate 568.&#34 </p> <p>Sheet comprises sequence of 24 photographic images, set in 4 rows, showing movement from right hand side and left hand side of subject. </p></scopecontent>",
"ephemera": null,
"schema": null
},
"id": "C9394977",
"isParent": false,
"catalogueLevel": 7,
"parentId": "C326136",
"DescriptionText": "\"Photograph of hauling, dark gray Belgian horse, plate 568.\" \nSheet comprises sequence of 24 photographic images, set in 4 rows, showing movement from right hand side and left hand side of subject. "
},
"C9394978": {
"catalogueId": -4688187,
"citableReference": "COPY 1/388/69",
"coveringFromDate": 18870425,
"coveringToDate": 18870425,
"scopeContent": {
"placeNames": [],
"description": "<scopecontent><p>&#34Photograph of hauling, dark gray Belgian horse, plate 569.&#34 </p> <p>Sheet comprises sequence of 16 photographic images, set in 4 rows, showing movement from front of subject. </p></scopecontent>",
"ephemera": null,
"schema": null
},
"id": "C9394978",
"isParent": false,
"catalogueLevel": 7,
"parentId": "C326136",
"DescriptionText": "\"Photograph of hauling, dark gray Belgian horse, plate 569.\" \nSheet comprises sequence of 16 photographic images, set in 4 rows, showing movement from front of subject. "
},
"C9394979": {
"catalogueId": -4688188,
"citableReference": "COPY 1/388/70",
"coveringFromDate": 18870425,
"coveringToDate": 18870425,
"scopeContent": {
"placeNames": [],
"description": "<scopecontent><p>&#34Photograph of hauling, dark gray Belgian horse, plate 570.&#34 </p> <p>Sheet comprises sequence of 24 photographic images, set in 4 rows, showing movement from right hand side, left hand side and front of subject. </p></scopecontent>",
"ephemera": null,
"schema": null
},
"id": "C9394979",
"isParent": false,
"catalogueLevel": 7,
"parentId": "C326136",
"DescriptionText": "\"Photograph of hauling, dark gray Belgian horse, plate 570.\" \nSheet comprises sequence of 24 photographic images, set in 4 rows, showing movement from right hand side, left hand side and front of subject. "
},
"C9394980": {
"catalogueId": -4688189,
"citableReference": "COPY 1/388/71",
"coveringFromDate": 18870425,
"coveringToDate": 18870425,
"scopeContent": {
"placeNames": [],
"description": "<scopecontent><p>&#34Photograph of hauling, light gray mare, plate 571.&#34 </p> <p>Sheet comprises two sequences. First sequence comprises 12 photographic images, set in 2 rows, showing movement from front of subject. Second sequence comprises 12 photographic images, in 1 row, showing movement from right hand side of the subject. </p></scopecontent>",
"ephemera": null,
"schema": null
},
"id": "C9394980",
"isParent": false,
"catalogueLevel": 7,
"parentId": "C326136",
"DescriptionText": "\"Photograph of hauling, light gray mare, plate 571.\" \nSheet comprises two sequences. First sequence comprises 12 photographic images, set in 2 rows, showing movement from front of subject. Second sequence comprises 12 photographic images, in 1 row, showing movement from right hand side of the subject. "
},
"C9394981": {
"catalogueId": -4688190,
"citableReference": "COPY 1/388/72",
"coveringFromDate": 18870425,
"coveringToDate": 18870425,
"scopeContent": {
"placeNames": [],
"description": "<scopecontent><p>&#34Photograph of hauling, head being pulled, light gray mare, plate 572.&#34 </p> <p>Sheet comprises two sequences. First sequence comprises 12 photographic images, set in 3 rows, showing movement from front of subject. Second sequence comprises 12 photographic images, in 2 rows, showing movement from right hand side of the subject. </p></scopecontent>",
"ephemera": null,
"schema": null
},
"id": "C9394981",
"isParent": false,
"catalogueLevel": 7,
"parentId": "C326136",
"DescriptionText": "\"Photograph of hauling, head being pulled, light gray mare, plate 572.\" \nSheet comprises two sequences. First sequence comprises 12 photographic images, set in 3 rows, showing movement from front of subject. Second sequence comprises 12 photographic images, in 2 rows, showing movement from right hand side of the subject. "
},
"C9394982": {
"catalogueId": -4688191,
"citableReference": "COPY 1/388/73",
"coveringFromDate": 18870425,
"coveringToDate": 18870425,
"scopeContent": {
"placeNames": [],
"description": "<scopecontent><p>&#34Photograph of hauling, man pulling at head, light gray mare, plate 573.&#34 </p> <p>Sheet comprises sequence of 24 photographic images, set in 4 rows, showing movement from front and left hand side of subject. </p></scopecontent>",
"ephemera": null,
"schema": null
},
"id": "C9394982",
"isParent": false,
"catalogueLevel": 7,
"parentId": "C326136",
"DescriptionText": "\"Photograph of hauling, man pulling at head, light gray mare, plate 573.\" \nSheet comprises sequence of 24 photographic images, set in 4 rows, showing movement from front and left hand side of subject. "
},
"C9394984": {
"catalogueId": -4688193,
"citableReference": "COPY 1/388/74",
"coveringFromDate": 18870425,
"coveringToDate": 18870425,
"scopeContent": {
"placeNames": [],
"description": "<scopecontent><p>&#34Photograph of walking, free, dark gray Belgian horse, plate 574.&#34 </p> <p>Sheet comprises sequence of 24 photographic images, set in 4 rows, showing movement from front of subject. </p></scopecontent>",
"ephemera": null,
"schema": null
},
"id": "C9394984",
"isParent": false,
"catalogueLevel": 7,
"parentId": "C326136",
"DescriptionText": "\"Photograph of walking, free, dark gray Belgian horse, plate 574.\" \nSheet comprises sequence of 24 photographic images, set in 4 rows, showing movement from front of subject. "
},
"C9394985": {
"catalogueId": -4688194,
"citableReference": "COPY 1/388/75",
"coveringFromDate": 18870425,
"coveringToDate": 18870425,
"scopeContent": {
"placeNames": [],
"description": "<scopecontent><p>&#34Photograph of walking, free, dark gray Belgian horse, plate 575.&#34 </p> <p>Sheet comprises sequence of 24 photographic images, set in 4 rows, showing movement from right hand side and left hand side of subject. </p></scopecontent>",
"ephemera": null,
"schema": null
},
"id": "C9394985",
"isParent": false,
"catalogueLevel": 7,
"parentId": "C326136",
"DescriptionText": "\"Photograph of walking, free, dark gray Belgian horse, plate 575.\" \nSheet comprises sequence of 24 photographic images, set in 4 rows, showing movement from right hand side and left hand side of subject. "
},
"C9394986": {
"catalogueId": -4688195,
"citableReference": "COPY 1/388/76",
"coveringFromDate": 18870425,
"coveringToDate": 18870425,
"scopeContent": {
"placeNames": [],
"description": "<scopecontent><p>&#34Photograph of walking, free, light gray horse, plate 576.&#34 </p> <p>Sheet comprises two sequences. First sequence comprises 12 photographic images, set in 2 rows, showing movement from front of subject. Second sequence comprises 12 photographic images, in 1 row, showing movement from left hand side of the subject. </p></scopecontent>",
"ephemera": null,
"schema": null
},
"id": "C9394986",
"isParent": false,
"catalogueLevel": 7,
"parentId": "C326136",
"DescriptionText": "\"Photograph of walking, free, light gray horse, plate 576.\" \nSheet comprises two sequences. First sequence comprises 12 photographic images, set in 2 rows, showing movement from front of subject. Second sequence comprises 12 photographic images, in 1 row, showing movement from left hand side of the subject. "
},
"C9394987": {
"catalogueId": -4688196,
"citableReference": "COPY 1/388/77",
"coveringFromDate": 18870425,
"coveringToDate": 18870425,
"scopeContent": {
"placeNames": [],
"description": "<scopecontent><p>&#34Photograph of walking, saddle, irregular, white horse, plate 577.&#34 </p> <p>Sheet comprises sequence of 12 photographic images, set in 2 rows, showing movement from front of subject. </p></scopecontent>",
"ephemera": null,
"schema": null
},
"id": "C9394987",
"isParent": false,
"catalogueLevel": 7,
"parentId": "C326136",
"DescriptionText": "\"Photograph of walking, saddle, irregular, white horse, plate 577.\" \nSheet comprises sequence of 12 photographic images, set in 2 rows, showing movement from front of subject. "
},
"C9394989": {
"catalogueId": -4688198,
"citableReference": "COPY 1/388/78",
"coveringFromDate": 18870425,
"coveringToDate": 18870425,
"scopeContent": {
"placeNames": [],
"description": "<scopecontent><p>&#34Photograph of walking, bareback, dark gray Belgian horse, plate 578.&#34 </p> <p>Sheet comprises sequence of 24 photographic images, set in 2 rows, showing movement from right hand side and left hand side of subject. </p></scopecontent>",
"ephemera": null,
"schema": null
},
"id": "C9394989",
"isParent": false,
"catalogueLevel": 7,
"parentId": "C326136",
"DescriptionText": "\"Photograph of walking, bareback, dark gray Belgian horse, plate 578.\" \nSheet comprises sequence of 24 photographic images, set in 2 rows, showing movement from right hand side and left hand side of subject. "
},
"C9394991": {
"catalogueId": -4688200,
"citableReference": "COPY 1/388/79",
"coveringFromDate": 18870425,
"coveringToDate": 18870425,
"scopeContent": {
"placeNames": [],
"description": "<scopecontent><p>&#34Photograph of walking, saddle, white horse, plate 579.&#34 </p> <p>Sheet comprises two sequences. First sequence comprises 12 photographic images, set in 2 rows, showing movement from front of subject. Second sequence comprises 24 photographic images, in 2 rows, showing movement from right hand side and left hand side of the subject. </p></scopecontent>",
"ephemera": null,
"schema": null
},
"id": "C9394991",
"isParent": false,
"catalogueLevel": 7,
"parentId": "C326136",
"DescriptionText": "\"Photograph of walking, saddle, white horse, plate 579.\" \nSheet comprises two sequences. First sequence comprises 12 photographic images, set in 2 rows, showing movement from front of subject. Second sequence comprises 24 photographic images, in 2 rows, showing movement from right hand side and left hand side of the subject. "
},
"C9394993": {
"catalogueId": -4688202,
"citableReference": "COPY 1/388/80",
"coveringFromDate": 18870425,
"coveringToDate": 18870425,
"scopeContent": {
"placeNames": [],
"description": "<scopecontent><p>&#34Photograph of walking, saddle, thoroughbred mare, plate 580.&#34 </p> <p>Sheet comprises two sequences. First sequence comprises 12 photographic images, set in 2 rows, showing movement from front of subject. Second sequence comprises 12 photographic images, in 1 row, showing movement from left hand side of the subject. </p></scopecontent>",
"ephemera": null,
"schema": null
},
"id": "C9394993",
"isParent": false,
"catalogueLevel": 7,
"parentId": "C326136",
"DescriptionText": "\"Photograph of walking, saddle, thoroughbred mare, plate 580.\" \nSheet comprises two sequences. First sequence comprises 12 photographic images, set in 2 rows, showing movement from front of subject. Second sequence comprises 12 photographic images, in 1 row, showing movement from left hand side of the subject. "
},
"C9394999": {
"catalogueId": -4688208,
"citableReference": "COPY 1/388/81",
"coveringFromDate": 18870425,
"coveringToDate": 18870425,
"scopeContent": {
"placeNames": [],
"description": "<scopecontent><p>&#34Photograph of walking, bareback, rider nude, light gray horse, plate 581.&#34 </p> <p>Sheet comprises two sequences. First sequence comprises 12 photographic images, set in 2 rows, showing movement from front of subject. Second sequence comprises 12 photographic images, in 1 row, showing movement from left hand side of the subject. </p></scopecontent>",
"ephemera": null,
"schema": null
},
"id": "C9394999",
"isParent": false,
"catalogueLevel": 7,
"parentId": "C326136",
"DescriptionText": "\"Photograph of walking, bareback, rider nude, light gray horse, plate 581.\" \nSheet comprises two sequences. First sequence comprises 12 photographic images, set in 2 rows, showing movement from front of subject. Second sequence comprises 12 photographic images, in 1 row, showing movement from left hand side of the subject. "
},
"C9395000": {
"catalogueId": -4688209,
"citableReference": "COPY 1/388/82",
"coveringFromDate": 18870425,
"coveringToDate": 18870425,
"scopeContent": {
"placeNames": [],
"description": "<scopecontent><p>&#34Photograph of walking, saddle, rider nude, light gray horse, plate 582.&#34 </p> <p>Sheet comprises two sequences. First sequence comprises 12 photographic images, set in 2 rows, showing movement from front of subject. Second sequence comprises 12 photographic images, in 1 row, showing movement from left hand side of the subject. </p></scopecontent>",
"ephemera": null,
"schema": null
},
"id": "C9395000",
"isParent": false,
"catalogueLevel": 7,
"parentId": "C326136",
"DescriptionText": "\"Photograph of walking, saddle, rider nude, light gray horse, plate 582.\" \nSheet comprises two sequences. First sequence comprises 12 photographic images, set in 2 rows, showing movement from front of subject. Second sequence comprises 12 photographic images, in 1 row, showing movement from left hand side of the subject. "
},
"C9395002": {
"catalogueId": -4688211,
"citableReference": "COPY 1/388/83",
"coveringFromDate": 18870425,
"coveringToDate": 18870425,
"scopeContent": {
"placeNames": [],
"description": "<scopecontent><p>&#34Photograph of walking, saddle, female rider nude, gray horse, plate 583.&#34 </p> <p>Sheet comprises two sequences. First sequence comprises 12 photographic images, set in 2 rows, showing movement from front of subject. Second sequence comprises 12 photographic images, in 1 row, showing movement from left hand side of the subject. </p></scopecontent>",
"ephemera": null,
"schema": null
},
"id": "C9395002",
"isParent": false,
"catalogueLevel": 7,
"parentId": "C326136",
"DescriptionText": "\"Photograph of walking, saddle, female rider nude, gray horse, plate 583.\" \nSheet comprises two sequences. First sequence comprises 12 photographic images, set in 2 rows, showing movement from front of subject. Second sequence comprises 12 photographic images, in 1 row, showing movement from left hand side of the subject. "
},
"C9395004": {
"catalogueId": -4688213,
"citableReference": "COPY 1/388/84",
"coveringFromDate": 18870425,
"coveringToDate": 18870425,
"scopeContent": {
"placeNames": [],
"description": "<scopecontent><p>&#34Photograph of walking, saddle, irregular, brown mare, plate 584.&#34 </p> <p>Sheet comprises two sequences. First sequence comprises 12 photographic images, set in 2 rows, showing movement from front of subject. Second sequence comprises 12 photographic images, in 1 row, showing movement from left hand side of the subject. </p></scopecontent>",
"ephemera": null,
"schema": null
},
"id": "C9395004",
"isParent": false,
"catalogueLevel": 7,
"parentId": "C326136",
"DescriptionText": "\"Photograph of walking, saddle, irregular, brown mare, plate 584.\" \nSheet comprises two sequences. First sequence comprises 12 photographic images, set in 2 rows, showing movement from front of subject. Second sequence comprises 12 photographic images, in 1 row, showing movement from left hand side of the subject. "
},
"C9395006": {
"catalogueId": -4688215,
"citableReference": "COPY 1/388/85",
"coveringFromDate": 18870425,
"coveringToDate": 18870425,
"scopeContent": {
"placeNames": [],
"description": "<scopecontent><p>&#34Photograph of walking, sulky, light gray mare, plate 585.&#34 </p> <p>Sheet comprises two sequences. First sequence comprises 12 photographic images, set in 2 rows, showing movement from front of subject. Second sequence comprises 12 photographic images, in 1 row, showing movement from left hand side of the subject. </p></scopecontent>",
"ephemera": null,
"schema": null
},
"id": "C9395006",
"isParent": false,
"catalogueLevel": 7,
"parentId": "C326136",
"DescriptionText": "\"Photograph of walking, sulky, light gray mare, plate 585.\" \nSheet comprises two sequences. First sequence comprises 12 photographic images, set in 2 rows, showing movement from front of subject. Second sequence comprises 12 photographic images, in 1 row, showing movement from left hand side of the subject. "
},
"C9395007": {
"catalogueId": -4688216,
"citableReference": "COPY 1/388/86",
"coveringFromDate": 18870425,
"coveringToDate": 18870425,
"scopeContent": {
"placeNames": [],
"description": "<scopecontent><p>&#34Photograph of walking, sulky, light gray mare, plate 586.&#34 </p> <p>Sheet comprises two sequences. First sequence comprises 12 photographic images, set in 2 rows, showing movement from front of subject. Second sequence comprises 12 photographic images, in 1 row, showing movement from left hand side of the subject. </p></scopecontent>",
"ephemera": null,
"schema": null
},
"id": "C9395007",
"isParent": false,
"catalogueLevel": 7,
"parentId": "C326136",
"DescriptionText": "\"Photograph of walking, sulky, light gray mare, plate 586.\" \nSheet comprises two sequences. First sequence comprises 12 photographic images, set in 2 rows, showing movement from front of subject. Second sequence comprises 12 photographic images, in 1 row, showing movement from left hand side of the subject. "
},
"C9395010": {
"catalogueId": -4688219,
"citableReference": "COPY 1/388/87",
"coveringFromDate": 18870425,
"coveringToDate": 18870425,
"scopeContent": {
"placeNames": [],
"description": "<scopecontent><p>&#34Photograph of walking, sulky, sorrel mare, plate 587.&#34 </p> <p>Sheet comprises sequence of 24 photographic images, set in 4 rows, showing movement from right hand side and left hand side of subject. </p></scopecontent>",
"ephemera": null,
"schema": null
},
"id": "C9395010",
"isParent": false,
"catalogueLevel": 7,
"parentId": "C326136",
"DescriptionText": "\"Photograph of walking, sulky, sorrel mare, plate 587.\" \nSheet comprises sequence of 24 photographic images, set in 4 rows, showing movement from right hand side and left hand side of subject. "
},
"C9395011": {
"catalogueId": -4688220,
"citableReference": "COPY 1/388/88",
"coveringFromDate": 18870425,
"coveringToDate": 18870425,
"scopeContent": {
"placeNames": [],
"description": "<scopecontent><p>&#34Photograph of walking, sulky, bay horse, plate 588.&#34 </p> <p>Sheet comprises sequence of 12 photographic images, set in 3 rows, showing movement from front of subject. </p></scopecontent>",
"ephemera": null,
"schema": null
},
"id": "C9395011",
"isParent": false,
"catalogueLevel": 7,
"parentId": "C326136",
"DescriptionText": "\"Photograph of walking, sulky, bay horse, plate 588.\" \nSheet comprises sequence of 12 photographic images, set in 3 rows, showing movement from front of subject. "
},
"C9395014": {
"catalogueId": -4688223,
"citableReference": "COPY 1/388/89",
"coveringFromDate": 18870425,
"coveringToDate": 18870425,
"scopeContent": {
"placeNames": [],
"description": "<scopecontent><p>&#34Photograph of ambling (single foot) bareback, white horse, plate 589.&#34 </p> <p>Sheet comprises sequence of 12 photographic images, set in 2 rows, showing movement from front of subject. </p></scopecontent>",
"ephemera": null,
"schema": null
},
"id": "C9395014",
"isParent": false,
"catalogueLevel": 7,
"parentId": "C326136",
"DescriptionText": "\"Photograph of ambling (single foot) bareback, white horse, plate 589.\" \nSheet comprises sequence of 12 photographic images, set in 2 rows, showing movement from front of subject. "
},
"C9395015": {
"catalogueId": -4688224,
"citableReference": "COPY 1/388/90",
"coveringFromDate": 18870425,
"coveringToDate": 18870425,
"scopeContent": {
"placeNames": [],
"description": "<scopecontent><p>&#34Photograph of ambling (single foot) bareback, rider nude, white horse, plate 590.&#34 </p> <p>Sheet comprises sequence of 12 photographic images, set in 2 rows, showing movement from front of subject. </p></scopecontent>",
"ephemera": null,
"schema": null
},
"id": "C9395015",
"isParent": false,
"catalogueLevel": 7,
"parentId": "C326136",
"DescriptionText": "\"Photograph of ambling (single foot) bareback, rider nude, white horse, plate 590.\" \nSheet comprises sequence of 12 photographic images, set in 2 rows, showing movement from front of subject. "
},
"C9395016": {
"catalogueId": -4688225,
"citableReference": "COPY 1/388/91",
"coveringFromDate": 18870425,
"coveringToDate": 18870425,
"scopeContent": {
"placeNames": [],
"description": "<scopecontent><p>&#34Photograph of racking (pacing) saddle, brown horse, plate 591.&#34 </p> <p>Sheet comprises sequence of 20 photographic images, set in 4 rows, showing movement from front of subject. </p></scopecontent>",
"ephemera": null,
"schema": null
},
"id": "C9395016",
"isParent": false,
"catalogueLevel": 7,
"parentId": "C326136",
"DescriptionText": "\"Photograph of racking (pacing) saddle, brown horse, plate 591.\" \nSheet comprises sequence of 20 photographic images, set in 4 rows, showing movement from front of subject. "
},
"C9395019": {
"catalogueId": -4688228,
"citableReference": "COPY 1/388/92",
"coveringFromDate": 18870425,
"coveringToDate": 18870425,
"scopeContent": {
"placeNames": [],
"description": "<scopecontent><p>&#34Photograph of racking (pacing) saddle, brown horse, plate 592.&#34 </p> <p>Sheet comprises two sequences. First sequence comprises 12 photographic images, set in 2 rows, showing movement from front of subject. Second sequence comprises 12 photographic images, in 1 row, showing movement from left hand side of the subject. </p></scopecontent>",
"ephemera": null,
"schema": null
},
"id": "C9395019",
"isParent": false,
"catalogueLevel": 7,
"parentId": "C326136",
"DescriptionText": "\"Photograph of racking (pacing) saddle, brown horse, plate 592.\" \nSheet comprises two sequences. First sequence comprises 12 photographic images, set in 2 rows, showing movement from front of subject. Second sequence comprises 12 photographic images, in 1 row, showing movement from left hand side of the subject. "
},
"C9395021": {
"catalogueId": -4688230,
"citableReference": "COPY 1/388/93",
"coveringFromDate": 18870425,
"coveringToDate": 18870425,
"scopeContent": {
"placeNames": [],
"description": "<scopecontent><p>&#34Photograph of racking (pacing) saddle, brown horse, plate 593.&#34 </p> <p>Sheet comprises two sequences. First sequence comprises 12 photographic images, set in 2 rows, showing movement from front of subject. Second sequence comprises 12 photographic images, in 1 row, showing movement from left hand side of the subject. </p></scopecontent>",
"ephemera": null,
"schema": null
},
"id": "C9395021",
"isParent": false,
"catalogueLevel": 7,
"parentId": "C326136",
"DescriptionText": "\"Photograph of racking (pacing) saddle, brown horse, plate 593.\" \nSheet comprises two sequences. First sequence comprises 12 photographic images, set in 2 rows, showing movement from front of subject. Second sequence comprises 12 photographic images, in 1 row, showing movement from left hand side of the subject. "
},
"C9395023": {
"catalogueId": -4688232,
"citableReference": "COPY 1/388/94",
"coveringFromDate": 18870425,
"coveringToDate": 18870425,
"scopeContent": {
"placeNames": [],
"description": "<scopecontent><p>&#34Photograph of racking (pacing) sulky, brown horse, plate 594.&#34 </p> <p>Sheet comprises two sequences. First sequence comprises 12 photographic images, set in 2 rows, showing movement from front of subject. Second sequence comprises 12 photographic images, in 1 row, showing movement from left hand side of the subject. </p></scopecontent>",
"ephemera": null,
"schema": null
},
"id": "C9395023",
"isParent": false,
"catalogueLevel": 7,
"parentId": "C326136",
"DescriptionText": "\"Photograph of racking (pacing) sulky, brown horse, plate 594.\" \nSheet comprises two sequences. First sequence comprises 12 photographic images, set in 2 rows, showing movement from front of subject. Second sequence comprises 12 photographic images, in 1 row, showing movement from left hand side of the subject. "
},
"C9395026": {
"catalogueId": -4688235,
"citableReference": "COPY 1/388/95",
"coveringFromDate": 18870425,
"coveringToDate": 18870425,
"scopeContent": {
"placeNames": [],
"description": "<scopecontent><p>&#34Photograph of racking (pacing) sulky, brown horse, plate 595.&#34 </p> <p>Sheet comprises two sequences. First sequence comprises 12 photographic images, set in 2 rows, showing movement from front of subject. Second sequence comprises 12 photographic images, in 1 row, showing movement from left hand side of the subject.</p></scopecontent>",
"ephemera": null,
"schema": null
},
"id": "C9395026",
"isParent": false,
"catalogueLevel": 7,
"parentId": "C326136",
"DescriptionText": "\"Photograph of racking (pacing) sulky, brown horse, plate 595.\" \nSheet comprises two sequences. First sequence comprises 12 photographic images, set in 2 rows, showing movement from front of subject. Second sequence comprises 12 photographic images, in 1 row, showing movement from left hand side of the subject."
},
"C9395029": {
"catalogueId": -4688238,
"citableReference": "COPY 1/388/96",
"coveringFromDate": 18870425,
"coveringToDate": 18870425,
"scopeContent": {
"placeNames": [],
"description": "<scopecontent><p>&#34Photograph of trotting, free, light gray horse, plate 596.&#34 </p> <p>Sheet comprises two sequences. First sequence comprises 12 photographic images, set in 2 rows, showing movement from front of subject. Second sequence comprises 12 photographic images, in 1 row, showing movement from left hand side of the subject. </p></scopecontent>",
"ephemera": null,
"schema": null
},
"id": "C9395029",
"isParent": false,
"catalogueLevel": 7,
"parentId": "C326136",
"DescriptionText": "\"Photograph of trotting, free, light gray horse, plate 596.\" \nSheet comprises two sequences. First sequence comprises 12 photographic images, set in 2 rows, showing movement from front of subject. Second sequence comprises 12 photographic images, in 1 row, showing movement from left hand side of the subject. "
},
"C9395030": {
"catalogueId": -4688239,
"citableReference": "COPY 1/388/97",
"coveringFromDate": 18870425,
"coveringToDate": 18870425,
"scopeContent": {
"placeNames": [],
"description": "<scopecontent><p>&#34Photograph of trotting, bareback, dark gray Belgian horse, plate 597.&#34 </p> <p>Sheet comprises sequence of 20 photographic images, set in 4 rows, showing movement from front of subject. </p></scopecontent>",
"ephemera": null,
"schema": null
},
"id": "C9395030",
"isParent": false,
"catalogueLevel": 7,
"parentId": "C326136",
"DescriptionText": "\"Photograph of trotting, bareback, dark gray Belgian horse, plate 597.\" \nSheet comprises sequence of 20 photographic images, set in 4 rows, showing movement from front of subject. "
},
"C9395032": {
"catalogueId": -4688241,
"citableReference": "COPY 1/388/98",
"coveringFromDate": 18870425,
"coveringToDate": 18870425,
"scopeContent": {
"placeNames": [],
"description": "<scopecontent><p>&#34Photograph of trotting, saddle, bay horse, plate 598.&#34 </p> <p>Sheet comprises sequence of 20 photographic images, set in 4 rows, showing movement from front of subject. </p></scopecontent>",
"ephemera": null,
"schema": null
},
"id": "C9395032",
"isParent": false,
"catalogueLevel": 7,
"parentId": "C326136",
"DescriptionText": "\"Photograph of trotting, saddle, bay horse, plate 598.\" \nSheet comprises sequence of 20 photographic images, set in 4 rows, showing movement from front of subject. "
},
"C9395033": {
"catalogueId": -4688242,
"citableReference": "COPY 1/388/99",
"coveringFromDate": 18870425,
"coveringToDate": 18870425,
"scopeContent": {
"placeNames": [],
"description": "<scopecontent><p>&#34Photograph of trotting, bareback, dark gray Belgian horse, plate 599.&#34 </p> <p>Sheet comprises sequence of 24 photographic images, set in 2 rows, showing movement from right hand side and left hand side of subject. </p></scopecontent>",
"ephemera": null,
"schema": null
},
"id": "C9395033",
"isParent": false,
"catalogueLevel": 7,
"parentId": "C326136",
"DescriptionText": "\"Photograph of trotting, bareback, dark gray Belgian horse, plate 599.\" \nSheet comprises sequence of 24 photographic images, set in 2 rows, showing movement from right hand side and left hand side of subject. "
},
"C9395034": {
"catalogueId": -4688243,
"citableReference": "COPY 1/388/100",
"coveringFromDate": 18870425,
"coveringToDate": 18870425,
"scopeContent": {
"placeNames": [],
"description": "<scopecontent><p>&#34Photograph of trotting, bareback, dark gray Belgian horse, plate 600.&#34 </p> <p>Sheet comprises sequence of 24 photographic images, set in 2 rows, showing movement from right hand side and left hand side of subject. </p></scopecontent>",
"ephemera": null,
"schema": null
},
"id": "C9395034",
"isParent": false,
"catalogueLevel": 7,
"parentId": "C326136",
"DescriptionText": "\"Photograph of trotting, bareback, dark gray Belgian horse, plate 600.\" \nSheet comprises sequence of 24 photographic images, set in 2 rows, showing movement from right hand side and left hand side of subject. "
}
}