{
"C9433764": {
"catalogueId": -4728209,
"citableReference": "COPY 1/390/1",
"coveringFromDate": 18870425,
"coveringToDate": 18870425,
"scopeContent": {
"placeNames": [],
"description": "<scopecontent><p>&#34Photograph of gnu, walking, plate 701.&#34 </p> <p>Sheet comprises sequence of 10 photographic images, set in 2 rows, showing movement from front of subject. </p></scopecontent>",
"ephemera": null,
"schema": null
},
"id": "C9433764",
"isParent": false,
"catalogueLevel": 7,
"parentId": "C326138",
"DescriptionText": "\"Photograph of gnu, walking, plate 701.\" \nSheet comprises sequence of 10 photographic images, set in 2 rows, showing movement from front of subject. "
},
"C9433765": {
"catalogueId": -4728210,
"citableReference": "COPY 1/390/2",
"coveringFromDate": 18870425,
"coveringToDate": 18870425,
"scopeContent": {
"placeNames": [],
"description": "<scopecontent><p>&#34Photograph of gnu bucking and galloping, plate 702.&#34 </p> <p>Sheet comprises sequence of 10 photographic images, set in 2 rows, showing movement from front of subject. </p></scopecontent>",
"ephemera": null,
"schema": null
},
"id": "C9433765",
"isParent": false,
"catalogueLevel": 7,
"parentId": "C326138",
"DescriptionText": "\"Photograph of gnu bucking and galloping, plate 702.\" \nSheet comprises sequence of 10 photographic images, set in 2 rows, showing movement from front of subject. "
},
"C9433766": {
"catalogueId": -4728211,
"citableReference": "COPY 1/390/3",
"coveringFromDate": 18870425,
"coveringToDate": 18870425,
"scopeContent": {
"placeNames": [],
"description": "<scopecontent><p>&#34Photograph of dog, walking, interrupted, mastiff, plate 703.&#34 </p> <p>Sheet comprises sequence of 24 photographic images, set in 4 rows, showing movement from front, right hand side and left hand side of subject. </p></scopecontent>",
"ephemera": null,
"schema": null
},
"id": "C9433766",
"isParent": false,
"catalogueLevel": 7,
"parentId": "C326138",
"DescriptionText": "\"Photograph of dog, walking, interrupted, mastiff, plate 703.\" \nSheet comprises sequence of 24 photographic images, set in 4 rows, showing movement from front, right hand side and left hand side of subject. "
},
"C9433769": {
"catalogueId": -4728215,
"citableReference": "COPY 1/390/4",
"coveringFromDate": 18870425,
"coveringToDate": 18870425,
"scopeContent": {
"placeNames": [],
"description": "<scopecontent><p>&#34Photograph of dog, walking, mastiff, plate 704.&#34 </p> <p>Sheet comprises sequence of 24 photographic images, set in 4 rows, showing movement from right hand side and left hand side of subject. </p></scopecontent>",
"ephemera": null,
"schema": null
},
"id": "C9433769",
"isParent": false,
"catalogueLevel": 7,
"parentId": "C326138",
"DescriptionText": "\"Photograph of dog, walking, mastiff, plate 704.\" \nSheet comprises sequence of 24 photographic images, set in 4 rows, showing movement from right hand side and left hand side of subject. "
},
"C9433771": {
"catalogueId": -4728217,
"citableReference": "COPY 1/390/5",
"coveringFromDate": 18870425,
"coveringToDate": 18870425,
"scopeContent": {
"placeNames": [],
"description": "<scopecontent><p>&#34Photograph of dog, trotting, mastiff, plate 705.&#34 </p> <p>Sheet comprises sequence of 24 photographic images, set in 4 rows, showing movement from right hand side and left hand side of subject. </p></scopecontent>",
"ephemera": null,
"schema": null
},
"id": "C9433771",
"isParent": false,
"catalogueLevel": 7,
"parentId": "C326138",
"DescriptionText": "\"Photograph of dog, trotting, mastiff, plate 705.\" \nSheet comprises sequence of 24 photographic images, set in 4 rows, showing movement from right hand side and left hand side of subject. "
},
"C9433772": {
"catalogueId": -4728218,
"citableReference": "COPY 1/390/6",
"coveringFromDate": 18870425,
"coveringToDate": 18870425,
"scopeContent": {
"placeNames": [],
"description": "<scopecontent><p>&#34Photograph of dog, trotting, mastiff, plate 706.&#34 </p> <p>Sheet comprises sequence of 12 photographic images, set in 2 rows, showing movement from front of subject. </p></scopecontent>",
"ephemera": null,
"schema": null
},
"id": "C9433772",
"isParent": false,
"catalogueLevel": 7,
"parentId": "C326138",
"DescriptionText": "\"Photograph of dog, trotting, mastiff, plate 706.\" \nSheet comprises sequence of 12 photographic images, set in 2 rows, showing movement from front of subject. "
},
"C9433773": {
"catalogueId": -4728220,
"citableReference": "COPY 1/390/7",
"coveringFromDate": 18870425,
"coveringToDate": 18870425,
"scopeContent": {
"placeNames": [],
"description": "<scopecontent><p>&#34Photograph of dog, galloping, mastiff, plate 707.&#34 </p> <p>Sheet comprises two sequences. First sequence comprises 8 photographic images, set in 2 rows, showing movement from front of subject. Second sequence comprises 8 photographic images, in 1 row, showing movement from left hand side of the subject. </p></scopecontent>",
"ephemera": null,
"schema": null
},
"id": "C9433773",
"isParent": false,
"catalogueLevel": 7,
"parentId": "C326138",
"DescriptionText": "\"Photograph of dog, galloping, mastiff, plate 707.\" \nSheet comprises two sequences. First sequence comprises 8 photographic images, set in 2 rows, showing movement from front of subject. Second sequence comprises 8 photographic images, in 1 row, showing movement from left hand side of the subject. "
},
"C9433775": {
"catalogueId": -4728222,
"citableReference": "COPY 1/390/8",
"coveringFromDate": 18870425,
"coveringToDate": 18870425,
"scopeContent": {
"placeNames": [],
"description": "<scopecontent><p>&#34Photograph of dog, galloping, racing hound, plate 708.&#34 </p> <p> Sheet comprises two sequences. First sequence comprises 10 photographic images, set in 2 rows, showing movement from front of subject. Second sequence comprises 10 photographic images, in 1 row, showing movement from left hand side of the subject. </p></scopecontent>",
"ephemera": null,
"schema": null
},
"id": "C9433775",
"isParent": false,
"catalogueLevel": 7,
"parentId": "C326138",
"DescriptionText": "\"Photograph of dog, galloping, racing hound, plate 708.\" \n Sheet comprises two sequences. First sequence comprises 10 photographic images, set in 2 rows, showing movement from front of subject. Second sequence comprises 10 photographic images, in 1 row, showing movement from left hand side of the subject. "
},
"C9433776": {
"catalogueId": -4728223,
"citableReference": "COPY 1/390/9",
"coveringFromDate": 18870425,
"coveringToDate": 18870425,
"scopeContent": {
"placeNames": [],
"description": "<scopecontent><p>&#34Photograph of dog, galloping, white racing hound, plate 709.&#34 </p> <p>Sheet comprises two sequences. First sequence comprises 12 photographic images, set in 2 rows, showing movement from front of subject. Second sequence comprises 12 photographic images, in 1 row, showing movement from left hand side of the subject. </p></scopecontent>",
"ephemera": null,
"schema": null
},
"id": "C9433776",
"isParent": false,
"catalogueLevel": 7,
"parentId": "C326138",
"DescriptionText": "\"Photograph of dog, galloping, white racing hound, plate 709.\" \nSheet comprises two sequences. First sequence comprises 12 photographic images, set in 2 rows, showing movement from front of subject. Second sequence comprises 12 photographic images, in 1 row, showing movement from left hand side of the subject. "
},
"C9433777": {
"catalogueId": -4728225,
"citableReference": "COPY 1/390/10",
"coveringFromDate": 18870425,
"coveringToDate": 18870425,
"scopeContent": {
"placeNames": [],
"description": "<scopecontent><p>&#34Photograph of dog, galloping, white racing hound, plate 710.&#34 </p> <p>Sheet comprises two sequences. First sequence comprises 12 photographic images, set in 2 rows, showing movement from front of subject. Second sequence comprises 12 photographic images, in 1 row, showing movement from left hand side of the subject. </p></scopecontent>",
"ephemera": null,
"schema": null
},
"id": "C9433777",
"isParent": false,
"catalogueLevel": 7,
"parentId": "C326138",
"DescriptionText": "\"Photograph of dog, galloping, white racing hound, plate 710.\" \nSheet comprises two sequences. First sequence comprises 12 photographic images, set in 2 rows, showing movement from front of subject. Second sequence comprises 12 photographic images, in 1 row, showing movement from left hand side of the subject. "
},
"C9433788": {
"catalogueId": -4728240,
"citableReference": "COPY 1/390/11",
"coveringFromDate": 18870425,
"coveringToDate": 18870425,
"scopeContent": {
"placeNames": [],
"description": "<scopecontent><p>&#34Photograph of dog, galloping, white racing hound, plate 710.&#34 </p> <p>Sheet comprises two sequences. First sequence comprises 12 photographic images, set in 2 rows, showing movement from front of subject. Second sequence comprises 12 photographic images, in 1 row, showing movement from left hand side of the subject. </p></scopecontent>",
"ephemera": null,
"schema": null
},
"id": "C9433788",
"isParent": false,
"catalogueLevel": 7,
"parentId": "C326138",
"DescriptionText": "\"Photograph of dog, galloping, white racing hound, plate 710.\" \nSheet comprises two sequences. First sequence comprises 12 photographic images, set in 2 rows, showing movement from front of subject. Second sequence comprises 12 photographic images, in 1 row, showing movement from left hand side of the subject. "
},
"C9433790": {
"catalogueId": -4728242,
"citableReference": "COPY 1/390/12",
"coveringFromDate": 18870425,
"coveringToDate": 18870425,
"scopeContent": {
"placeNames": [],
"description": "<scopecontent><p>&#34Photograph of dog jumping hurdle, mastiff, plate 712.&#34 </p> <p>Sheet comprises sequence of 24 photographic images, of varying width, set in 2 rows, showing movement from right hand side and left hand side of subject. </p></scopecontent>",
"ephemera": null,
"schema": null
},
"id": "C9433790",
"isParent": false,
"catalogueLevel": 7,
"parentId": "C326138",
"DescriptionText": "\"Photograph of dog jumping hurdle, mastiff, plate 712.\" \nSheet comprises sequence of 24 photographic images, of varying width, set in 2 rows, showing movement from right hand side and left hand side of subject. "
},
"C9433791": {
"catalogueId": -4728243,
"citableReference": "COPY 1/390/13",
"coveringFromDate": 18870425,
"coveringToDate": 18870425,
"scopeContent": {
"placeNames": [],
"description": "<scopecontent><p>&#34Photograph of dog, turning around, etc, setter, plate 713.&#34 </p> <p>Sheet comprises sequence of 36 photographic images, set in 6 rows, showing movement from front, left hand side and right hand side of subject. </p></scopecontent>",
"ephemera": null,
"schema": null
},
"id": "C9433791",
"isParent": false,
"catalogueLevel": 7,
"parentId": "C326138",
"DescriptionText": "\"Photograph of dog, turning around, etc, setter, plate 713.\" \nSheet comprises sequence of 36 photographic images, set in 6 rows, showing movement from front, left hand side and right hand side of subject. "
},
"C9433794": {
"catalogueId": -4728246,
"citableReference": "COPY 1/390/14",
"coveringFromDate": 18870425,
"coveringToDate": 18870425,
"scopeContent": {
"placeNames": [],
"description": "<scopecontent><p>&#34Photograph of dog aroused by a torpedo, plate 714.&#34 </p> <p>Sheet comprises sequence of 12 photographic images, set in 2 rows, showing movement from front of subject. </p></scopecontent>",
"ephemera": null,
"schema": null
},
"id": "C9433794",
"isParent": false,
"catalogueLevel": 7,
"parentId": "C326138",
"DescriptionText": "\"Photograph of dog aroused by a torpedo, plate 714.\" \nSheet comprises sequence of 12 photographic images, set in 2 rows, showing movement from front of subject. "
},
"C9433795": {
"catalogueId": -4728247,
"citableReference": "COPY 1/390/15",
"coveringFromDate": 18870425,
"coveringToDate": 18870425,
"scopeContent": {
"placeNames": [],
"description": "<scopecontent><p>&#34Photograph of dogs, three, tugging at a towel, plate 715.&#34 </p> <p>Sheet comprises sequence of 12 photographic images, set in 3 rows, showing movement from front of subject. </p></scopecontent>",
"ephemera": null,
"schema": null
},
"id": "C9433795",
"isParent": false,
"catalogueLevel": 7,
"parentId": "C326138",
"DescriptionText": "\"Photograph of dogs, three, tugging at a towel, plate 715.\" \nSheet comprises sequence of 12 photographic images, set in 3 rows, showing movement from front of subject. "
},
"C9433799": {
"catalogueId": -4728252,
"citableReference": "COPY 1/390/16",
"coveringFromDate": 18870425,
"coveringToDate": 18870425,
"scopeContent": {
"placeNames": [],
"description": "<scopecontent><p>&#34Photograph of cat, walking, change to galloping, plate 716.&#34 </p> <p>Sheet comprises sequence of 24 photographic images, set in 4 rows, showing movement from front of subject. </p></scopecontent>",
"ephemera": null,
"schema": null
},
"id": "C9433799",
"isParent": false,
"catalogueLevel": 7,
"parentId": "C326138",
"DescriptionText": "\"Photograph of cat, walking, change to galloping, plate 716.\" \nSheet comprises sequence of 24 photographic images, set in 4 rows, showing movement from front of subject. "
},
"C9433800": {
"catalogueId": -4728253,
"citableReference": "COPY 1/390/17",
"coveringFromDate": 18870425,
"coveringToDate": 18870425,
"scopeContent": {
"placeNames": [],
"description": "<scopecontent><p>&#34Photograph of cat, trotting, change to galloping, plate 717.&#34 </p> <p>Sheet comprises sequence of 20 photographic images, set in 4 rows, showing movement from front of subject. </p></scopecontent>",
"ephemera": null,
"schema": null
},
"id": "C9433800",
"isParent": false,
"catalogueLevel": 7,
"parentId": "C326138",
"DescriptionText": "\"Photograph of cat, trotting, change to galloping, plate 717.\" \nSheet comprises sequence of 20 photographic images, set in 4 rows, showing movement from front of subject. "
},
"C9433801": {
"catalogueId": -4728254,
"citableReference": "COPY 1/390/18",
"coveringFromDate": 18870425,
"coveringToDate": 18870425,
"scopeContent": {
"placeNames": [],
"description": "<scopecontent><p>&#34Photograph of cat, trotting, change to galloping, plate 718.&#34 </p> <p>Sheet comprises sequence of 24 photographic images, set in 4 rows, showing movement from front of subject. </p></scopecontent>",
"ephemera": null,
"schema": null
},
"id": "C9433801",
"isParent": false,
"catalogueLevel": 7,
"parentId": "C326138",
"DescriptionText": "\"Photograph of cat, trotting, change to galloping, plate 718.\" \nSheet comprises sequence of 24 photographic images, set in 4 rows, showing movement from front of subject. "
},
"C9433802": {
"catalogueId": -4728255,
"citableReference": "COPY 1/390/19",
"coveringFromDate": 18870425,
"coveringToDate": 18870425,
"scopeContent": {
"placeNames": [],
"description": "<scopecontent><p>&#34Photograph of cat, galloping, plate 719.&#34 </p> <p>Sheet comprises sequence of 20 photographic images, set in 4 rows, showing movement from front of subject. </p></scopecontent>",
"ephemera": null,
"schema": null
},
"id": "C9433802",
"isParent": false,
"catalogueLevel": 7,
"parentId": "C326138",
"DescriptionText": "\"Photograph of cat, galloping, plate 719.\" \nSheet comprises sequence of 20 photographic images, set in 4 rows, showing movement from front of subject. "
},
"C9433804": {
"catalogueId": -4728257,
"citableReference": "COPY 1/390/20",
"coveringFromDate": 18870425,
"coveringToDate": 18870425,
"scopeContent": {
"placeNames": [],
"description": "<scopecontent><p>&#34Photograph of cat, galloping, plate 720.&#34 </p> <p>Sheet comprises sequence of 24 photographic images, set in 4 rows, showing movement from front of subject. </p></scopecontent>",
"ephemera": null,
"schema": null
},
"id": "C9433804",
"isParent": false,
"catalogueLevel": 7,
"parentId": "C326138",
"DescriptionText": "\"Photograph of cat, galloping, plate 720.\" \nSheet comprises sequence of 24 photographic images, set in 4 rows, showing movement from front of subject. "
},
"C9433805": {
"catalogueId": -4728258,
"citableReference": "COPY 1/390/21",
"coveringFromDate": 18870425,
"coveringToDate": 18870425,
"scopeContent": {
"placeNames": [],
"description": "<scopecontent><p>&#34Photograph of lion, walking, plate 721.&#34 </p> <p>Sheet comprises sequence of 9 photographic images, set in 3 rows, showing movement from right hand side of subject. </p></scopecontent>",
"ephemera": null,
"schema": null
},
"id": "C9433805",
"isParent": false,
"catalogueLevel": 7,
"parentId": "C326138",
"DescriptionText": "\"Photograph of lion, walking, plate 721.\" \nSheet comprises sequence of 9 photographic images, set in 3 rows, showing movement from right hand side of subject. "
},
"C9433806": {
"catalogueId": -4728259,
"citableReference": "COPY 1/390/22",
"coveringFromDate": 18870425,
"coveringToDate": 18870425,
"scopeContent": {
"placeNames": [],
"description": "<scopecontent><p>&#34Photograph of lion, walking, plate 722.&#34 </p> <p>Sheet comprises sequence of 12 photographic images, set in 3 rows, showing movement from front of subject. </p></scopecontent>",
"ephemera": null,
"schema": null
},
"id": "C9433806",
"isParent": false,
"catalogueLevel": 7,
"parentId": "C326138",
"DescriptionText": "\"Photograph of lion, walking, plate 722.\" \nSheet comprises sequence of 12 photographic images, set in 3 rows, showing movement from front of subject. "
},
"C9433808": {
"catalogueId": -4728261,
"citableReference": "COPY 1/390/23",
"coveringFromDate": 18870425,
"coveringToDate": 18870425,
"scopeContent": {
"placeNames": [],
"description": "<scopecontent><p>&#34Photograph of lion, walking, turning around, plate 723.&#34 </p> <p>Sheet comprises sequence of 12 photographic images, set in 3 rows, showing movement from front of subject. </p></scopecontent>",
"ephemera": null,
"schema": null
},
"id": "C9433808",
"isParent": false,
"catalogueLevel": 7,
"parentId": "C326138",
"DescriptionText": "\"Photograph of lion, walking, turning around, plate 723.\" \nSheet comprises sequence of 12 photographic images, set in 3 rows, showing movement from front of subject. "
},
"C9433809": {
"catalogueId": -4728262,
"citableReference": "COPY 1/390/24",
"coveringFromDate": 18870425,
"coveringToDate": 18870425,
"scopeContent": {
"placeNames": [],
"description": "<scopecontent><p>&#34Photograph of lion, walking, turning around, plate 724.&#34 </p> <p>Sheet comprises sequence of 12 photographic images, set in 2 rows, showing movement from front of subject. </p></scopecontent>",
"ephemera": null,
"schema": null
},
"id": "C9433809",
"isParent": false,
"catalogueLevel": 7,
"parentId": "C326138",
"DescriptionText": "\"Photograph of lion, walking, turning around, plate 724.\" \nSheet comprises sequence of 12 photographic images, set in 2 rows, showing movement from front of subject. "
},
"C9433811": {
"catalogueId": -4728264,
"citableReference": "COPY 1/390/25",
"coveringFromDate": 18870425,
"coveringToDate": 18870425,
"scopeContent": {
"placeNames": [],
"description": "<scopecontent><p>&#34Photograph of lion, walking, turning around, plate 725.&#34 </p> <p>Sheet comprises sequence of 12 photographic images, set in 3 rows, showing movement from front of subject. </p></scopecontent>",
"ephemera": null,
"schema": null
},
"id": "C9433811",
"isParent": false,
"catalogueLevel": 7,
"parentId": "C326138",
"DescriptionText": "\"Photograph of lion, walking, turning around, plate 725.\" \nSheet comprises sequence of 12 photographic images, set in 3 rows, showing movement from front of subject. "
},
"C9433812": {
"catalogueId": -4728265,
"citableReference": "COPY 1/390/26",
"coveringFromDate": 18870425,
"coveringToDate": 18870425,
"scopeContent": {
"placeNames": [],
"description": "<scopecontent><p>&#34Photograph of lion and lioness, walking, plate 726.&#34 </p> <p>Sheet comprises sequence of 12 photographic images, set in 3 rows, showing movement from front of subject. </p></scopecontent>",
"ephemera": null,
"schema": null
},
"id": "C9433812",
"isParent": false,
"catalogueLevel": 7,
"parentId": "C326138",
"DescriptionText": "\"Photograph of lion and lioness, walking, plate 726.\" \nSheet comprises sequence of 12 photographic images, set in 3 rows, showing movement from front of subject. "
},
"C9433813": {
"catalogueId": -4728266,
"citableReference": "COPY 1/390/27",
"coveringFromDate": 18870425,
"coveringToDate": 18870425,
"scopeContent": {
"placeNames": [],
"description": "<scopecontent><p>&#34Photograph of lioness walking, lion lying down, plate 727.&#34 </p> <p>Sheet comprises sequence of 12 photographic images, set in 3 rows, showing movement from front of subject. </p></scopecontent>",
"ephemera": null,
"schema": null
},
"id": "C9433813",
"isParent": false,
"catalogueLevel": 7,
"parentId": "C326138",
"DescriptionText": "\"Photograph of lioness walking, lion lying down, plate 727.\" \nSheet comprises sequence of 12 photographic images, set in 3 rows, showing movement from front of subject. "
},
"C9433814": {
"catalogueId": -4728267,
"citableReference": "COPY 1/390/28",
"coveringFromDate": 18870425,
"coveringToDate": 18870425,
"scopeContent": {
"placeNames": [],
"description": "<scopecontent><p>&#34Photograph of lioness walking, plate 728.&#34 </p> <p>Sheet comprises sequence of 12 photographic images, set in 3 rows, showing movement from front of subject. </p></scopecontent>",
"ephemera": null,
"schema": null
},
"id": "C9433814",
"isParent": false,
"catalogueLevel": 7,
"parentId": "C326138",
"DescriptionText": "\"Photograph of lioness walking, plate 728.\" \nSheet comprises sequence of 12 photographic images, set in 3 rows, showing movement from front of subject. "
},
"C9433815": {
"catalogueId": -4728268,
"citableReference": "COPY 1/390/29",
"coveringFromDate": 18870425,
"coveringToDate": 18870425,
"scopeContent": {
"placeNames": [],
"description": "<scopecontent><p>&#34Photograph of tigress, walking, plate 729.&#34 </p> <p>Sheet comprises sequence of 12 photographic images, set in 3 rows, showing movement from front of subject. </p></scopecontent>",
"ephemera": null,
"schema": null
},
"id": "C9433815",
"isParent": false,
"catalogueLevel": 7,
"parentId": "C326138",
"DescriptionText": "\"Photograph of tigress, walking, plate 729.\" \nSheet comprises sequence of 12 photographic images, set in 3 rows, showing movement from front of subject. "
},
"C9433816": {
"catalogueId": -4728269,
"citableReference": "COPY 1/390/30",
"coveringFromDate": 18870425,
"coveringToDate": 18870425,
"scopeContent": {
"placeNames": [],
"description": "<scopecontent><p>&#34Photograph of tigress, walking, turning around, plate 730.&#34 </p> <p>Sheet comprises sequence of 12 photographic images, set in 2 rows, showing movement from front of subject. </p></scopecontent>",
"ephemera": null,
"schema": null
},
"id": "C9433816",
"isParent": false,
"catalogueLevel": 7,
"parentId": "C326138",
"DescriptionText": "\"Photograph of tigress, walking, turning around, plate 730.\" \nSheet comprises sequence of 12 photographic images, set in 2 rows, showing movement from front of subject. "
},
"C9433817": {
"catalogueId": -4728270,
"citableReference": "COPY 1/390/31",
"coveringFromDate": 18870425,
"coveringToDate": 18870425,
"scopeContent": {
"placeNames": [],
"description": "<scopecontent><p>&#34Photograph of jaguar (A) walking (B) turning around, plate 731.&#34 </p> <p>Sheet comprises sequence of 24 photographic images, set in 4 rows, showing movement from front of subject. </p></scopecontent>",
"ephemera": null,
"schema": null
},
"id": "C9433817",
"isParent": false,
"catalogueLevel": 7,
"parentId": "C326138",
"DescriptionText": "\"Photograph of jaguar (A) walking (B) turning around, plate 731.\" \nSheet comprises sequence of 24 photographic images, set in 4 rows, showing movement from front of subject. "
},
"C9433818": {
"catalogueId": -4728271,
"citableReference": "COPY 1/390/32",
"coveringFromDate": 18870425,
"coveringToDate": 18870425,
"scopeContent": {
"placeNames": [],
"description": "<scopecontent><p>&#34Photograph of elephant walking, plate 732.&#34 </p> <p>Sheet comprises sequence of 16 photographic images, set in 4 rows, showing movement from front of subject. </p></scopecontent>",
"ephemera": null,
"schema": null
},
"id": "C9433818",
"isParent": false,
"catalogueLevel": 7,
"parentId": "C326138",
"DescriptionText": "\"Photograph of elephant walking, plate 732.\" \nSheet comprises sequence of 16 photographic images, set in 4 rows, showing movement from front of subject. "
},
"C9433820": {
"catalogueId": -4728273,
"citableReference": "COPY 1/390/33",
"coveringFromDate": 18870425,
"coveringToDate": 18870425,
"scopeContent": {
"placeNames": [],
"description": "<scopecontent><p>&#34Photograph of elephant walking, plate 733.&#34 </p> <p>Sheet comprises sequence of 24 photographic images, set in 4 rows, showing movement from front of subject. </p></scopecontent>",
"ephemera": null,
"schema": null
},
"id": "C9433820",
"isParent": false,
"catalogueLevel": 7,
"parentId": "C326138",
"DescriptionText": "\"Photograph of elephant walking, plate 733.\" \nSheet comprises sequence of 24 photographic images, set in 4 rows, showing movement from front of subject. "
},
"C9433826": {
"catalogueId": -4728280,
"citableReference": "COPY 1/390/34",
"coveringFromDate": 18870425,
"coveringToDate": 18870425,
"scopeContent": {
"placeNames": [],
"description": "<scopecontent><p>&#34Photograph of elephants, two walking, plate 734.&#34 </p> <p>Sheet comprises sequence of 12 photographic images, set in 2 rows, showing movement from front of subject. </p></scopecontent>",
"ephemera": null,
"schema": null
},
"id": "C9433826",
"isParent": false,
"catalogueLevel": 7,
"parentId": "C326138",
"DescriptionText": "\"Photograph of elephants, two walking, plate 734.\" \nSheet comprises sequence of 12 photographic images, set in 2 rows, showing movement from front of subject. "
},
"C9433827": {
"catalogueId": -4728281,
"citableReference": "COPY 1/390/35",
"coveringFromDate": 18870425,
"coveringToDate": 18870425,
"scopeContent": {
"placeNames": [],
"description": "<scopecontent><p>&#34Photograph of elephants, two walking, plate 735.&#34 </p> <p>Sheet comprises sequence of 12 photographic images, set in 2 rows, showing movement from front of subject. </p></scopecontent>",
"ephemera": null,
"schema": null
},
"id": "C9433827",
"isParent": false,
"catalogueLevel": 7,
"parentId": "C326138",
"DescriptionText": "\"Photograph of elephants, two walking, plate 735.\" \nSheet comprises sequence of 12 photographic images, set in 2 rows, showing movement from front of subject. "
},
"C9433828": {
"catalogueId": -4728282,
"citableReference": "COPY 1/390/36",
"coveringFromDate": 18870425,
"coveringToDate": 18870425,
"scopeContent": {
"placeNames": [],
"description": "<scopecontent><p>&#34Photograph of egyptian camel, racking, plate 736.&#34 </p> <p>Sheet comprises sequence of 24 photographic images, set in 4 rows, showing movement from front of subject. </p></scopecontent>",
"ephemera": null,
"schema": null
},
"id": "C9433828",
"isParent": false,
"catalogueLevel": 7,
"parentId": "C326138",
"DescriptionText": "\"Photograph of egyptian camel, racking, plate 736.\" \nSheet comprises sequence of 24 photographic images, set in 4 rows, showing movement from front of subject. "
},
"C9433830": {
"catalogueId": -4728284,
"citableReference": "COPY 1/390/37",
"coveringFromDate": 18870425,
"coveringToDate": 18870425,
"scopeContent": {
"placeNames": [],
"description": "<scopecontent><p>&#34Photograph of bactrian camel, walking, plate 737.&#34 </p> <p>Sheet comprises sequence of 24 photographic images, set in 4 rows, showing movement from front of subject. </p></scopecontent>",
"ephemera": null,
"schema": null
},
"id": "C9433830",
"isParent": false,
"catalogueLevel": 7,
"parentId": "C326138",
"DescriptionText": "\"Photograph of bactrian camel, walking, plate 737.\" \nSheet comprises sequence of 24 photographic images, set in 4 rows, showing movement from front of subject. "
},
"C9433831": {
"catalogueId": -4728285,
"citableReference": "COPY 1/390/38",
"coveringFromDate": 18870425,
"coveringToDate": 18870425,
"scopeContent": {
"placeNames": [],
"description": "<scopecontent><p>&#34Photograph of bactrian camel, racking, plate 738.&#34 </p> <p>Sheet comprises sequence of 24 photographic images, set in 4 rows, showing movement from front of subject. </p></scopecontent>",
"ephemera": null,
"schema": null
},
"id": "C9433831",
"isParent": false,
"catalogueLevel": 7,
"parentId": "C326138",
"DescriptionText": "\"Photograph of bactrian camel, racking, plate 738.\" \nSheet comprises sequence of 24 photographic images, set in 4 rows, showing movement from front of subject. "
},
"C9433833": {
"catalogueId": -4728287,
"citableReference": "COPY 1/390/39",
"coveringFromDate": 18870425,
"coveringToDate": 18870425,
"scopeContent": {
"placeNames": [],
"description": "<scopecontent><p>&#34Photograph of bactrian camel, galloping, plate 739.&#34 </p> <p>Sheet comprises sequence of 20 photographic images, set in 4 rows, showing movement from front of subject. </p></scopecontent>",
"ephemera": null,
"schema": null
},
"id": "C9433833",
"isParent": false,
"catalogueLevel": 7,
"parentId": "C326138",
"DescriptionText": "\"Photograph of bactrian camel, galloping, plate 739.\" \nSheet comprises sequence of 20 photographic images, set in 4 rows, showing movement from front of subject. "
},
"C9433834": {
"catalogueId": -4728289,
"citableReference": "COPY 1/390/40",
"coveringFromDate": 18870425,
"coveringToDate": 18870425,
"scopeContent": {
"placeNames": [],
"description": "<scopecontent><p>&#34Photograph of bactrian camel (young) galloping, plate 740.&#34 </p> <p>Sheet comprises sequence of 20 photographic images, set in 4 rows, showing movement from front of subject. </p></scopecontent>",
"ephemera": null,
"schema": null
},
"id": "C9433834",
"isParent": false,
"catalogueLevel": 7,
"parentId": "C326138",
"DescriptionText": "\"Photograph of bactrian camel (young) galloping, plate 740.\" \nSheet comprises sequence of 20 photographic images, set in 4 rows, showing movement from front of subject. "
},
"C9433835": {
"catalogueId": -4728290,
"citableReference": "COPY 1/390/41",
"coveringFromDate": 18870425,
"coveringToDate": 18870425,
"scopeContent": {
"placeNames": [],
"description": "<scopecontent><p>\"Photograph of bactrian camel.\" A walking, B racking, plate 741.\" Sheet comprises sequence of 24 photographic images, set in 2 rows, showing movement from front of subject.</p></scopecontent>",
"ephemera": null,
"schema": null
},
"id": "C9433835",
"isParent": false,
"catalogueLevel": 7,
"parentId": "C326138",
"DescriptionText": "\"Photograph of bactrian camel.\" A walking, B racking, plate 741.\" Sheet comprises sequence of 24 photographic images, set in 2 rows, showing movement from front of subject."
},
"C9433837": {
"catalogueId": -4728292,
"citableReference": "COPY 1/390/42",
"coveringFromDate": 18870425,
"coveringToDate": 18870425,
"scopeContent": {
"placeNames": [],
"description": "<scopecontent><p>\"Photograph of bactrian camel.\" A racking, B galloping, plate 742.\" Sheet comprises sequence of 24 photographic images, set in 2 rows, showing movement from front of subject.</p></scopecontent>",
"ephemera": null,
"schema": null
},
"id": "C9433837",
"isParent": false,
"catalogueLevel": 7,
"parentId": "C326138",
"DescriptionText": "\"Photograph of bactrian camel.\" A racking, B galloping, plate 742.\" Sheet comprises sequence of 24 photographic images, set in 2 rows, showing movement from front of subject."
},
"C9433838": {
"catalogueId": -4728294,
"citableReference": "COPY 1/390/43",
"coveringFromDate": 18870425,
"coveringToDate": 18870425,
"scopeContent": {
"placeNames": [],
"description": "<scopecontent><p>&#34Photograph of Gucinaco, galloping.&#34 plate 743.&#34 </p> <p>Sheet comprises sequence of 12 photographic images, set in 3 rows, showing movement from front of subject. </p></scopecontent>",
"ephemera": null,
"schema": null
},
"id": "C9433838",
"isParent": false,
"catalogueLevel": 7,
"parentId": "C326138",
"DescriptionText": "\"Photograph of Gucinaco, galloping.\" plate 743.\" \nSheet comprises sequence of 12 photographic images, set in 3 rows, showing movement from front of subject. "
},
"C9433839": {
"catalogueId": -4728295,
"citableReference": "COPY 1/390/44",
"coveringFromDate": 18870425,
"coveringToDate": 18870425,
"scopeContent": {
"placeNames": [],
"description": "<scopecontent><p>&#34Photograph of Raccoon, walking, change to galloping, plate 744.&#34 </p> <p>Sheet comprises sequence of 24 photographic images, set in 4 rows, showing movement from front of subject. </p></scopecontent>",
"ephemera": null,
"schema": null
},
"id": "C9433839",
"isParent": false,
"catalogueLevel": 7,
"parentId": "C326138",
"DescriptionText": "\"Photograph of Raccoon, walking, change to galloping, plate 744.\" \nSheet comprises sequence of 24 photographic images, set in 4 rows, showing movement from front of subject. "
},
"C9433840": {
"catalogueId": -4728296,
"citableReference": "COPY 1/390/45",
"coveringFromDate": 18870425,
"coveringToDate": 18870425,
"scopeContent": {
"placeNames": [],
"description": "<scopecontent><p>&#34Photograph of Raccoon, walking and turning round, plate 745.&#34 </p> <p>Sheet comprises sequence of 20 photographic images, set in 4 rows, showing movement from front of subject. </p></scopecontent>",
"ephemera": null,
"schema": null
},
"id": "C9433840",
"isParent": false,
"catalogueLevel": 7,
"parentId": "C326138",
"DescriptionText": "\"Photograph of Raccoon, walking and turning round, plate 745.\" \nSheet comprises sequence of 20 photographic images, set in 4 rows, showing movement from front of subject. "
},
"C9433842": {
"catalogueId": -4728299,
"citableReference": "COPY 1/390/46",
"coveringFromDate": 18870425,
"coveringToDate": 18870425,
"scopeContent": {
"placeNames": [],
"description": "<scopecontent><p>&#34Photograph of capybara, walking, plate 746.&#34 </p> <p>Sheet comprises sequence of 9 photographic images, set in 3 rows, showing movement from front of subject. </p></scopecontent>",
"ephemera": null,
"schema": null
},
"id": "C9433842",
"isParent": false,
"catalogueLevel": 7,
"parentId": "C326138",
"DescriptionText": "\"Photograph of capybara, walking, plate 746.\" \nSheet comprises sequence of 9 photographic images, set in 3 rows, showing movement from front of subject. "
},
"C9433843": {
"catalogueId": -4728300,
"citableReference": "COPY 1/390/47",
"coveringFromDate": 18870425,
"coveringToDate": 18870425,
"scopeContent": {
"placeNames": [],
"description": "<scopecontent><p>&#34&#34Photograph of baboon walking on all fours, plate 747.&#34 </p> <p>Sheet comprises sequence of 16 photographic images, set in 4 rows, showing movement from front of subject. </p></scopecontent>",
"ephemera": null,
"schema": null
},
"id": "C9433843",
"isParent": false,
"catalogueLevel": 7,
"parentId": "C326138",
"DescriptionText": "\"\"Photograph of baboon walking on all fours, plate 747.\" \nSheet comprises sequence of 16 photographic images, set in 4 rows, showing movement from front of subject. "
},
"C9433844": {
"catalogueId": -4728301,
"citableReference": "COPY 1/390/48",
"coveringFromDate": 18870425,
"coveringToDate": 18870425,
"scopeContent": {
"placeNames": [],
"description": "<scopecontent><p>&#34Photograph of baboon, walking on all fours, plate 748.&#34 </p> <p>Sheet comprises sequence of 24 photographic images, set in 4 rows, showing movement from front of subject. </p></scopecontent>",
"ephemera": null,
"schema": null
},
"id": "C9433844",
"isParent": false,
"catalogueLevel": 7,
"parentId": "C326138",
"DescriptionText": "\"Photograph of baboon, walking on all fours, plate 748.\" \nSheet comprises sequence of 24 photographic images, set in 4 rows, showing movement from front of subject. "
},
"C9433845": {
"catalogueId": -4728302,
"citableReference": "COPY 1/390/49",
"coveringFromDate": 18870425,
"coveringToDate": 18870425,
"scopeContent": {
"placeNames": [],
"description": "<scopecontent><p>&#34Photograph of baboon, climbing a pole, plate 749.&#34 </p> <p>Sheet comprises sequence of 12 photographic images, set in 2 rows, showing movement from front of subject. </p></scopecontent>",
"ephemera": null,
"schema": null
},
"id": "C9433845",
"isParent": false,
"catalogueLevel": 7,
"parentId": "C326138",
"DescriptionText": "\"Photograph of baboon, climbing a pole, plate 749.\" \nSheet comprises sequence of 12 photographic images, set in 2 rows, showing movement from front of subject. "
},
"C9433846": {
"catalogueId": -4728304,
"citableReference": "COPY 1/390/50",
"coveringFromDate": 18870425,
"coveringToDate": 18870425,
"scopeContent": {
"placeNames": [],
"description": "<scopecontent><p>&#34Photograph of sloth, walking suspended on a horizontal pole, plate 750.&#34 </p> <p>Sheet comprises sequence of 12 photographic images, set in 3 rows, showing movement from front of subject. </p></scopecontent>",
"ephemera": null,
"schema": null
},
"id": "C9433846",
"isParent": false,
"catalogueLevel": 7,
"parentId": "C326138",
"DescriptionText": "\"Photograph of sloth, walking suspended on a horizontal pole, plate 750.\" \nSheet comprises sequence of 12 photographic images, set in 3 rows, showing movement from front of subject. "
},
"C9433847": {
"catalogueId": -4728305,
"citableReference": "COPY 1/390/51",
"coveringFromDate": 18870425,
"coveringToDate": 18870425,
"scopeContent": {
"placeNames": [],
"description": "<scopecontent><p>&#34Photograph of kangeroo walking on all fours, change to jumping, plate 751.&#34 </p> <p>Sheet comprises sequence of 11 photographic images, of varying width, set in 3 rows, showing movement from front of subject. </p></scopecontent>",
"ephemera": null,
"schema": null
},
"id": "C9433847",
"isParent": false,
"catalogueLevel": 7,
"parentId": "C326138",
"DescriptionText": "\"Photograph of kangeroo walking on all fours, change to jumping, plate 751.\" \nSheet comprises sequence of 11 photographic images, of varying width, set in 3 rows, showing movement from front of subject. "
},
"C9433848": {
"catalogueId": -4728306,
"citableReference": "COPY 1/390/52",
"coveringFromDate": 18870425,
"coveringToDate": 18870425,
"scopeContent": {
"placeNames": [],
"description": "<scopecontent><p>&#34Photograph of kangeroo jumping, plate 752.&#34 </p> <p>Sheet comprises sequence of 12 photographic images, of varying width, set in 3 rows, showing movement from front of subject. </p></scopecontent>",
"ephemera": null,
"schema": null
},
"id": "C9433848",
"isParent": false,
"catalogueLevel": 7,
"parentId": "C326138",
"DescriptionText": "\"Photograph of kangeroo jumping, plate 752.\" \nSheet comprises sequence of 12 photographic images, of varying width, set in 3 rows, showing movement from front of subject. "
},
"C9433850": {
"catalogueId": -4728309,
"citableReference": "COPY 1/390/53",
"coveringFromDate": 18870425,
"coveringToDate": 18870425,
"scopeContent": {
"placeNames": [],
"description": "<scopecontent><p>&#34Photograph of kangeroo jumping, plate 753.&#34 </p> <p>Sheet comprises sequence of 12 photographic images, of varying width, set in 3 rows, showing movement from front of subject. </p></scopecontent>",
"ephemera": null,
"schema": null
},
"id": "C9433850",
"isParent": false,
"catalogueLevel": 7,
"parentId": "C326138",
"DescriptionText": "\"Photograph of kangeroo jumping, plate 753.\" \nSheet comprises sequence of 12 photographic images, of varying width, set in 3 rows, showing movement from front of subject. "
},
"C9433851": {
"catalogueId": -4728310,
"citableReference": "COPY 1/390/54",
"coveringFromDate": 18870425,
"coveringToDate": 18870425,
"scopeContent": {
"placeNames": [],
"description": "<scopecontent><p>&#34Photograph of kangeroo jumping, plate 754.&#34 </p> <p>Sheet comprises sequence of 12 photographic images, of varying width, set in 2 rows, showing movement from front of subject. </p></scopecontent>",
"ephemera": null,
"schema": null
},
"id": "C9433851",
"isParent": false,
"catalogueLevel": 7,
"parentId": "C326138",
"DescriptionText": "\"Photograph of kangeroo jumping, plate 754.\" \nSheet comprises sequence of 12 photographic images, of varying width, set in 2 rows, showing movement from front of subject. "
},
"C9433852": {
"catalogueId": -4728311,
"citableReference": "COPY 1/390/55",
"coveringFromDate": 18870425,
"coveringToDate": 18870425,
"scopeContent": {
"placeNames": [],
"description": "<scopecontent><p>&#34Photograph of pigeon, flying, plate 755.&#34 </p> <p>Sheet comprises two sequences. First sequence comprises 12 photographic images, set in row, showing movement from front of subject. Second sequence comprises 12 photographic images, in 2 rows, showing movement from front of the subject. </p></scopecontent>",
"ephemera": null,
"schema": null
},
"id": "C9433852",
"isParent": false,
"catalogueLevel": 7,
"parentId": "C326138",
"DescriptionText": "\"Photograph of pigeon, flying, plate 755.\" \nSheet comprises two sequences. First sequence comprises 12 photographic images, set in row, showing movement from front of subject. Second sequence comprises 12 photographic images, in 2 rows, showing movement from front of the subject. "
},
"C9433853": {
"catalogueId": -4728313,
"citableReference": "COPY 1/390/56",
"coveringFromDate": 18870425,
"coveringToDate": 18870425,
"scopeContent": {
"placeNames": [],
"description": "<scopecontent><p>&#34Photograph of pigeon, flying, plate 756.&#34 </p> <p>Sheet comprises sequence of 24 photographic images, set in 2 rows, showing movement from front of subject. </p></scopecontent>",
"ephemera": null,
"schema": null
},
"id": "C9433853",
"isParent": false,
"catalogueLevel": 7,
"parentId": "C326138",
"DescriptionText": "\"Photograph of pigeon, flying, plate 756.\" \nSheet comprises sequence of 24 photographic images, set in 2 rows, showing movement from front of subject. "
},
"C9433854": {
"catalogueId": -4728314,
"citableReference": "COPY 1/390/57",
"coveringFromDate": 18870425,
"coveringToDate": 18870425,
"scopeContent": {
"placeNames": [],
"description": "<scopecontent><p>&#34Photograph of pigeon, flying, plate 757.&#34 </p> <p>Sheet comprises sequence of 24 photographic images, set in 4 rows, showing movement from front of subject. </p></scopecontent>",
"ephemera": null,
"schema": null
},
"id": "C9433854",
"isParent": false,
"catalogueLevel": 7,
"parentId": "C326138",
"DescriptionText": "\"Photograph of pigeon, flying, plate 757.\" \nSheet comprises sequence of 24 photographic images, set in 4 rows, showing movement from front of subject. "
},
"C9433855": {
"catalogueId": -4728315,
"citableReference": "COPY 1/390/58",
"coveringFromDate": 18870425,
"coveringToDate": 18870425,
"scopeContent": {
"placeNames": [],
"description": "<scopecontent><p>&#34Photograph of cockatoo, flying, plate 758.&#34 </p> <p>Sheet comprises sequence of 24 photographic images, set in 3 rows, showing movement from rows of subject. </p></scopecontent>",
"ephemera": null,
"schema": null
},
"id": "C9433855",
"isParent": false,
"catalogueLevel": 7,
"parentId": "C326138",
"DescriptionText": "\"Photograph of cockatoo, flying, plate 758.\" \nSheet comprises sequence of 24 photographic images, set in 3 rows, showing movement from rows of subject. "
},
"C9433857": {
"catalogueId": -4728317,
"citableReference": "COPY 1/390/59",
"coveringFromDate": 18870425,
"coveringToDate": 18870425,
"scopeContent": {
"placeNames": [],
"description": "<scopecontent><p>&#34Photograph of cockatoo, flying, plate 759.&#34 </p> <p>Sheet comprises sequence of 24 photographic images, set in 3 rows, showing movement from front of subject. </p></scopecontent>",
"ephemera": null,
"schema": null
},
"id": "C9433857",
"isParent": false,
"catalogueLevel": 7,
"parentId": "C326138",
"DescriptionText": "\"Photograph of cockatoo, flying, plate 759.\" \nSheet comprises sequence of 24 photographic images, set in 3 rows, showing movement from front of subject. "
},
"C9433858": {
"catalogueId": -4728319,
"citableReference": "COPY 1/390/60",
"coveringFromDate": 18870425,
"coveringToDate": 18870425,
"scopeContent": {
"placeNames": [],
"description": "<scopecontent><p>&#34Photograph of cockatoo, flying, plate 760.&#34 </p> <p>Sheet comprises sequence of 20 photographic images, set in 4 rows, showing movement from front of subject. </p></scopecontent>",
"ephemera": null,
"schema": null
},
"id": "C9433858",
"isParent": false,
"catalogueLevel": 7,
"parentId": "C326138",
"DescriptionText": "\"Photograph of cockatoo, flying, plate 760.\" \nSheet comprises sequence of 20 photographic images, set in 4 rows, showing movement from front of subject. "
},
"C9433859": {
"catalogueId": -4728320,
"citableReference": "COPY 1/390/61",
"coveringFromDate": 18870425,
"coveringToDate": 18870425,
"scopeContent": {
"placeNames": [],
"description": "<scopecontent><p>&#34Photograph of cockatoo, flying, plate 761.&#34 </p> <p>Sheet comprises sequence of 16 photographic images, set in 2 rows, showing movement from front of subject. </p></scopecontent>",
"ephemera": null,
"schema": null
},
"id": "C9433859",
"isParent": false,
"catalogueLevel": 7,
"parentId": "C326138",
"DescriptionText": "\"Photograph of cockatoo, flying, plate 761.\" \nSheet comprises sequence of 16 photographic images, set in 2 rows, showing movement from front of subject. "
},
"C9433860": {
"catalogueId": -4728321,
"citableReference": "COPY 1/390/62",
"coveringFromDate": 18870425,
"coveringToDate": 18870425,
"scopeContent": {
"placeNames": [],
"description": "<scopecontent><p>&#34Photograph of cockatoo, flying, plate 762.&#34 </p> <p>Sheet comprises sequence of 12 photographic images, set in 3 rows, showing movement from front of subject. </p></scopecontent>",
"ephemera": null,
"schema": null
},
"id": "C9433860",
"isParent": false,
"catalogueLevel": 7,
"parentId": "C326138",
"DescriptionText": "\"Photograph of cockatoo, flying, plate 762.\" \nSheet comprises sequence of 12 photographic images, set in 3 rows, showing movement from front of subject. "
},
"C9433861": {
"catalogueId": -4728322,
"citableReference": "COPY 1/390/63",
"coveringFromDate": 18870425,
"coveringToDate": 18870425,
"scopeContent": {
"placeNames": [],
"description": "<scopecontent><p>&#34Photograph of red tailed hawk, flying, plate 763.&#34 </p> <p>Sheet comprises sequence of 24 photographic images, set in 4 rows, showing movement from front of subject. </p></scopecontent>",
"ephemera": null,
"schema": null
},
"id": "C9433861",
"isParent": false,
"catalogueLevel": 7,
"parentId": "C326138",
"DescriptionText": "\"Photograph of red tailed hawk, flying, plate 763.\" \nSheet comprises sequence of 24 photographic images, set in 4 rows, showing movement from front of subject. "
},
"C9433862": {
"catalogueId": -4728323,
"citableReference": "COPY 1/390/64",
"coveringFromDate": 18870425,
"coveringToDate": 18870425,
"scopeContent": {
"placeNames": [],
"description": "<scopecontent><p>&#34Photograph of fish hawk, flying, plate 764.&#34 </p> <p>Sheet comprises two sequences. First sequence comprises 10 photographic images, set in 1 row, showing movement from front of subject. Second sequence comprises 10 photographic images, in 2 rows, showing movement from front of the subject. </p></scopecontent>",
"ephemera": null,
"schema": null
},
"id": "C9433862",
"isParent": false,
"catalogueLevel": 7,
"parentId": "C326138",
"DescriptionText": "\"Photograph of fish hawk, flying, plate 764.\" \nSheet comprises two sequences. First sequence comprises 10 photographic images, set in 1 row, showing movement from front of subject. Second sequence comprises 10 photographic images, in 2 rows, showing movement from front of the subject. "
},
"C9433863": {
"catalogueId": -4728325,
"citableReference": "COPY 1/390/65",
"coveringFromDate": 18870425,
"coveringToDate": 18870425,
"scopeContent": {
"placeNames": [],
"description": "<scopecontent><p>&#34Photograph of vulture, flying, plate 765.&#34 </p> <p>Sheet comprises sequence of 24 photographic images, set in 4 rows, showing movement from front of subject. </p></scopecontent>",
"ephemera": null,
"schema": null
},
"id": "C9433863",
"isParent": false,
"catalogueLevel": 7,
"parentId": "C326138",
"DescriptionText": "\"Photograph of vulture, flying, plate 765.\" \nSheet comprises sequence of 24 photographic images, set in 4 rows, showing movement from front of subject. "
},
"C9433865": {
"catalogueId": -4728329,
"citableReference": "COPY 1/390/66",
"coveringFromDate": 18870425,
"coveringToDate": 18870425,
"scopeContent": {
"placeNames": [],
"description": "<scopecontent><p>&#34Photograph of vulture, flying, plate 766.&#34 </p> <p>Sheet comprises sequence of 24 photographic images, set in 2 rows, showing movement from front of subject. </p></scopecontent>",
"ephemera": null,
"schema": null
},
"id": "C9433865",
"isParent": false,
"catalogueLevel": 7,
"parentId": "C326138",
"DescriptionText": "\"Photograph of vulture, flying, plate 766.\" \nSheet comprises sequence of 24 photographic images, set in 2 rows, showing movement from front of subject. "
},
"C9433867": {
"catalogueId": -4728331,
"citableReference": "COPY 1/390/67",
"coveringFromDate": 18870425,
"coveringToDate": 18870425,
"scopeContent": {
"placeNames": [],
"description": "<scopecontent><p>&#34Photograph of vulture, flying, plate 767.&#34 </p> <p>Sheet comprises two sequences. First sequence comprises 12 photographic images, set in 1 row, showing movement from front of subject. Second sequence comprises 12 photographic images, in 2 rows, showing movement from front of the subject. </p></scopecontent>",
"ephemera": null,
"schema": null
},
"id": "C9433867",
"isParent": false,
"catalogueLevel": 7,
"parentId": "C326138",
"DescriptionText": "\"Photograph of vulture, flying, plate 767.\" \nSheet comprises two sequences. First sequence comprises 12 photographic images, set in 1 row, showing movement from front of subject. Second sequence comprises 12 photographic images, in 2 rows, showing movement from front of the subject. "
},
"C9433868": {
"catalogueId": -4728333,
"citableReference": "COPY 1/390/68",
"coveringFromDate": 18870425,
"coveringToDate": 18870425,
"scopeContent": {
"placeNames": [],
"description": "<scopecontent><p>&#34Photograph of vulture, flying, plate 768.&#34 </p> <p>Sheet comprises two sequences. First sequence comprises 12 photographic images, set in 1 row, showing movement from front of subject. Second sequence comprises 12 photographic images, in 2 rows, showing movement from front of the subject. </p></scopecontent>",
"ephemera": null,
"schema": null
},
"id": "C9433868",
"isParent": false,
"catalogueLevel": 7,
"parentId": "C326138",
"DescriptionText": "\"Photograph of vulture, flying, plate 768.\" \nSheet comprises two sequences. First sequence comprises 12 photographic images, set in 1 row, showing movement from front of subject. Second sequence comprises 12 photographic images, in 2 rows, showing movement from front of the subject. "
},
"C9433869": {
"catalogueId": -4728334,
"citableReference": "COPY 1/390/69",
"coveringFromDate": 18870425,
"coveringToDate": 18870425,
"scopeContent": {
"placeNames": [],
"description": "<scopecontent><p>&#34Photograph of american eagle, flying, plate 769.&#34 </p> <p>Sheet comprises two sequences. First sequence comprises 12 photographic images, set in 1 row, showing movement from front of subject. Second sequence comprises 12 photographic images, in 2 rows, showing movement from front of the subject. </p></scopecontent>",
"ephemera": null,
"schema": null
},
"id": "C9433869",
"isParent": false,
"catalogueLevel": 7,
"parentId": "C326138",
"DescriptionText": "\"Photograph of american eagle, flying, plate 769.\" \nSheet comprises two sequences. First sequence comprises 12 photographic images, set in 1 row, showing movement from front of subject. Second sequence comprises 12 photographic images, in 2 rows, showing movement from front of the subject. "
},
"C9433870": {
"catalogueId": -4728335,
"citableReference": "COPY 1/390/70",
"coveringFromDate": 18870425,
"coveringToDate": 18870425,
"scopeContent": {
"placeNames": [],
"description": "<scopecontent><p>&#34Photograph of american eagle, flying near the ground, plate 770.&#34 </p> <p>Sheet comprises sequence of 24 photographic images, set in 4 rows, showing movement from front of subject. </p></scopecontent>",
"ephemera": null,
"schema": null
},
"id": "C9433870",
"isParent": false,
"catalogueLevel": 7,
"parentId": "C326138",
"DescriptionText": "\"Photograph of american eagle, flying near the ground, plate 770.\" \nSheet comprises sequence of 24 photographic images, set in 4 rows, showing movement from front of subject. "
},
"C9433871": {
"catalogueId": -4728336,
"citableReference": "COPY 1/390/71",
"coveringFromDate": 18870425,
"coveringToDate": 18870425,
"scopeContent": {
"placeNames": [],
"description": "<scopecontent><p>&#34Photograph of american eagle, flying near the ground, plate 771.&#34 </p> <p>Sheet comprises sequence of 24 photographic images, set in 4 rows, showing movement from front of subject. </p></scopecontent>",
"ephemera": null,
"schema": null
},
"id": "C9433871",
"isParent": false,
"catalogueLevel": 7,
"parentId": "C326138",
"DescriptionText": "\"Photograph of american eagle, flying near the ground, plate 771.\" \nSheet comprises sequence of 24 photographic images, set in 4 rows, showing movement from front of subject. "
},
"C9433872": {
"catalogueId": -4728337,
"citableReference": "COPY 1/390/72",
"coveringFromDate": 18870425,
"coveringToDate": 18870425,
"scopeContent": {
"placeNames": [],
"description": "<scopecontent><p>&#34Photograph of ostrich, walking, plate 772.&#34 </p> <p>Sheet comprises sequence of 24 photographic images, set in 4 rows, showing movement from front and right hand side of subject. </p></scopecontent>",
"ephemera": null,
"schema": null
},
"id": "C9433872",
"isParent": false,
"catalogueLevel": 7,
"parentId": "C326138",
"DescriptionText": "\"Photograph of ostrich, walking, plate 772.\" \nSheet comprises sequence of 24 photographic images, set in 4 rows, showing movement from front and right hand side of subject. "
},
"C9433873": {
"catalogueId": -4728338,
"citableReference": "COPY 1/390/73",
"coveringFromDate": 18870425,
"coveringToDate": 18870425,
"scopeContent": {
"placeNames": [],
"description": "<scopecontent><p>&#34Photograph of ostrich, running, plate 773.&#34 </p> <p>Sheet comprises sequence of 24 photographic images, set in 4 rows, showing movement from front and right hand side of subject. </p></scopecontent>",
"ephemera": null,
"schema": null
},
"id": "C9433873",
"isParent": false,
"catalogueLevel": 7,
"parentId": "C326138",
"DescriptionText": "\"Photograph of ostrich, running, plate 773.\" \nSheet comprises sequence of 24 photographic images, set in 4 rows, showing movement from front and right hand side of subject. "
},
"C9433874": {
"catalogueId": -4728339,
"citableReference": "COPY 1/390/74",
"coveringFromDate": 18870425,
"coveringToDate": 18870425,
"scopeContent": {
"placeNames": [],
"description": "<scopecontent><p>&#34Photograph of adjutant, walking, plate 774.&#34 </p> <p>Sheet comprises sequence of 12 photographic images, set in 3 rows, showing movement from front of subject. </p></scopecontent>",
"ephemera": null,
"schema": null
},
"id": "C9433874",
"isParent": false,
"catalogueLevel": 7,
"parentId": "C326138",
"DescriptionText": "\"Photograph of adjutant, walking, plate 774.\" \nSheet comprises sequence of 12 photographic images, set in 3 rows, showing movement from front of subject. "
},
"C9433875": {
"catalogueId": -4728341,
"citableReference": "COPY 1/390/75",
"coveringFromDate": 18870425,
"coveringToDate": 18870425,
"scopeContent": {
"placeNames": [],
"description": "<scopecontent><p>&#34Photograph of adjutant, flying run, plate 775.&#34 </p> <p>Sheet comprises sequence of 10 photographic images, set in 2 rows, showing movement from front of subject. </p></scopecontent>",
"ephemera": null,
"schema": null
},
"id": "C9433875",
"isParent": false,
"catalogueLevel": 7,
"parentId": "C326138",
"DescriptionText": "\"Photograph of adjutant, flying run, plate 775.\" \nSheet comprises sequence of 10 photographic images, set in 2 rows, showing movement from front of subject. "
},
"C9433876": {
"catalogueId": -4728342,
"citableReference": "COPY 1/390/76",
"coveringFromDate": 18870425,
"coveringToDate": 18870425,
"scopeContent": {
"placeNames": [],
"description": "<scopecontent><p>&#34Photograph of storks, swans, etc (A B C) plate 776.&#34 </p> <p>Sheet comprises sequence of 18 photographic images, set in 3 rows, showing movement from front of subject. </p></scopecontent>",
"ephemera": null,
"schema": null
},
"id": "C9433876",
"isParent": false,
"catalogueLevel": 7,
"parentId": "C326138",
"DescriptionText": "\"Photograph of storks, swans, etc (A B C) plate 776.\" \nSheet comprises sequence of 18 photographic images, set in 3 rows, showing movement from front of subject. "
},
"C9433877": {
"catalogueId": -4728343,
"citableReference": "COPY 1/390/77",
"coveringFromDate": 18870425,
"coveringToDate": 18870425,
"scopeContent": {
"placeNames": [],
"description": "<scopecontent><p>&#34Photograph of storks, etc (A B C D) plate 777.&#34 </p> <p>Sheet comprises sequence of 24 photographic images, set in 4 rows, showing movement from front of subject. </p></scopecontent>",
"ephemera": null,
"schema": null
},
"id": "C9433877",
"isParent": false,
"catalogueLevel": 7,
"parentId": "C326138",
"DescriptionText": "\"Photograph of storks, etc (A B C D) plate 777.\" \nSheet comprises sequence of 24 photographic images, set in 4 rows, showing movement from front of subject. "
},
"C9433878": {
"catalogueId": -4728344,
"citableReference": "COPY 1/390/78",
"coveringFromDate": 18870425,
"coveringToDate": 18870425,
"scopeContent": {
"placeNames": [],
"description": "<scopecontent><p>&#34Photograph of storks, etc (A B C) plate 778.&#34 </p> <p>Sheet comprises sequence of 15 photographic images, set in 3 rows, showing movement from front of subject. </p></scopecontent>",
"ephemera": null,
"schema": null
},
"id": "C9433878",
"isParent": false,
"catalogueLevel": 7,
"parentId": "C326138",
"DescriptionText": "\"Photograph of storks, etc (A B C) plate 778.\" \nSheet comprises sequence of 15 photographic images, set in 3 rows, showing movement from front of subject. "
},
"C9433879": {
"catalogueId": -4728345,
"citableReference": "COPY 1/390/79",
"coveringFromDate": 18870425,
"coveringToDate": 18870425,
"scopeContent": {
"placeNames": [],
"description": "<scopecontent><p>&#34Photograph of storks, swans etc, plate 779.&#34 </p> <p>Sheet comprises sequence of 12 photographic images, set in 3 rows, showing movement from front of subject. </p></scopecontent>",
"ephemera": null,
"schema": null
},
"id": "C9433879",
"isParent": false,
"catalogueLevel": 7,
"parentId": "C326138",
"DescriptionText": "\"Photograph of storks, swans etc, plate 779.\" \nSheet comprises sequence of 12 photographic images, set in 3 rows, showing movement from front of subject. "
},
"C9433880": {
"catalogueId": -4728346,
"citableReference": "COPY 1/390/80",
"coveringFromDate": 18870425,
"coveringToDate": 18870425,
"scopeContent": {
"placeNames": [],
"description": "<scopecontent><p>&#34Photograph of storks, swans etc, plate 780.&#34 </p> <p>Sheet comprises sequence of 12 photographic images, set in 3 rows, showing movement from front of subject. </p></scopecontent>",
"ephemera": null,
"schema": null
},
"id": "C9433880",
"isParent": false,
"catalogueLevel": 7,
"parentId": "C326138",
"DescriptionText": "\"Photograph of storks, swans etc, plate 780.\" \nSheet comprises sequence of 12 photographic images, set in 3 rows, showing movement from front of subject. "
},
"C9433881": {
"catalogueId": -4728348,
"citableReference": "COPY 1/390/81",
"coveringFromDate": 18870425,
"coveringToDate": 18870425,
"scopeContent": {
"placeNames": [],
"description": "<scopecontent><p>&#34Photograph of chickens, scared by torpedo, plate 781.&#34 </p> <p>Sheet comprises sequence of 24 photographic images, set in 4 rows, showing movement from left hand side and right hand side of subject. </p></scopecontent>",
"ephemera": null,
"schema": null
},
"id": "C9433881",
"isParent": false,
"catalogueLevel": 7,
"parentId": "C326138",
"DescriptionText": "\"Photograph of chickens, scared by torpedo, plate 781.\" \nSheet comprises sequence of 24 photographic images, set in 4 rows, showing movement from left hand side and right hand side of subject. "
},
"C9433882": {
"catalogueId": -4728349,
"citableReference": "COPY 1/390/82",
"coveringFromDate": 18870520,
"coveringToDate": 18870520,
"scopeContent": {
"placeNames": [],
"description": "<scopecontent><p>Item number not used.</p></scopecontent>",
"ephemera": null,
"schema": null
},
"id": "C9433882",
"isParent": false,
"catalogueLevel": 7,
"parentId": "C326138",
"DescriptionText": "Item number not used."
},
"C9433883": {
"catalogueId": -4728350,
"citableReference": "COPY 1/390/83",
"coveringFromDate": 18870425,
"coveringToDate": 18870425,
"scopeContent": {
"placeNames": [],
"description": "<scopecontent><p>Item number not used.</p></scopecontent>",
"ephemera": null,
"schema": null
},
"id": "C9433883",
"isParent": false,
"catalogueLevel": 7,
"parentId": "C326138",
"DescriptionText": "Item number not used."
},
"C9433884": {
"catalogueId": -4728352,
"citableReference": "COPY 1/390/84",
"coveringFromDate": 18870519,
"coveringToDate": 18870519,
"scopeContent": {
"placeNames": [],
"description": "<scopecontent><p>Item number not used.</p></scopecontent>",
"ephemera": null,
"schema": null
},
"id": "C9433884",
"isParent": false,
"catalogueLevel": 7,
"parentId": "C326138",
"DescriptionText": "Item number not used."
},
"C9433885": {
"catalogueId": -4728353,
"citableReference": "COPY 1/390/85",
"coveringFromDate": 18870425,
"coveringToDate": 18870425,
"scopeContent": {
"placeNames": [],
"description": "<scopecontent><p>Item number not used.</p></scopecontent>",
"ephemera": null,
"schema": null
},
"id": "C9433885",
"isParent": false,
"catalogueLevel": 7,
"parentId": "C326138",
"DescriptionText": "Item number not used."
}
}