{
"C9412054": {
"catalogueId": -4705671,
"citableReference": "COPY 1/389/1",
"coveringFromDate": 18870425,
"coveringToDate": 18870425,
"scopeContent": {
"placeNames": [],
"description": "<scopecontent><p>&#34Photograph of trotting, saddle, brown mare, plate 601.&#34 </p> <p>Sheet comprises two sequences. First sequence comprises 12 photographic images, set in 2 rows, showing movement from front of subject. Second sequence comprises 12 photographic images, in 1 row, showing movement from left hand side of the subject. </p></scopecontent>",
"ephemera": null,
"schema": null
},
"id": "C9412054",
"isParent": false,
"catalogueLevel": 7,
"parentId": "C326137",
"DescriptionText": "\"Photograph of trotting, saddle, brown mare, plate 601.\" \nSheet comprises two sequences. First sequence comprises 12 photographic images, set in 2 rows, showing movement from front of subject. Second sequence comprises 12 photographic images, in 1 row, showing movement from left hand side of the subject. "
},
"C9412055": {
"catalogueId": -4705672,
"citableReference": "COPY 1/389/2",
"coveringFromDate": 18870425,
"coveringToDate": 18870425,
"scopeContent": {
"placeNames": [],
"description": "<scopecontent><p>&#34Photograph of trotting, bareback, rider nude, light gray horse, plate 602.&#34 </p> <p>Sheet comprises two sequences. First sequence comprises 12 photographic images, set in 2 rows, showing movement from front of subject. Second sequence comprises 12 photographic images, in 1 row, showing movement from left hand side of the subject. </p></scopecontent>",
"ephemera": null,
"schema": null
},
"id": "C9412055",
"isParent": false,
"catalogueLevel": 7,
"parentId": "C326137",
"DescriptionText": "\"Photograph of trotting, bareback, rider nude, light gray horse, plate 602.\" \nSheet comprises two sequences. First sequence comprises 12 photographic images, set in 2 rows, showing movement from front of subject. Second sequence comprises 12 photographic images, in 1 row, showing movement from left hand side of the subject. "
},
"C9412056": {
"catalogueId": -4705673,
"citableReference": "COPY 1/389/3",
"coveringFromDate": 18870425,
"coveringToDate": 18870425,
"scopeContent": {
"placeNames": [],
"description": "<scopecontent><p>&#34Photograph of trotting, saddle, rider nude, light gray horse, plate 603.&#34 </p> <p>Sheet comprises two sequences. First sequence comprises 10 photographic images, set in 2 rows, showing movement from front of subject. Second sequence comprises 10 photographic images, in 1 row, showing movement from left hand side of the subject. </p></scopecontent>",
"ephemera": null,
"schema": null
},
"id": "C9412056",
"isParent": false,
"catalogueLevel": 7,
"parentId": "C326137",
"DescriptionText": "\"Photograph of trotting, saddle, rider nude, light gray horse, plate 603.\" \nSheet comprises two sequences. First sequence comprises 10 photographic images, set in 2 rows, showing movement from front of subject. Second sequence comprises 10 photographic images, in 1 row, showing movement from left hand side of the subject. "
},
"C9412057": {
"catalogueId": -4705674,
"citableReference": "COPY 1/389/4",
"coveringFromDate": 18870425,
"coveringToDate": 18870425,
"scopeContent": {
"placeNames": [],
"description": "<scopecontent><p>\"Photograph of trotting, saddle, white horse, plate 604.&#34 </p> <p>Sheet comprises sequence of 24 photographic images, set in 2 rows, showing movement from right hand side and left hand side of subject. </p></scopecontent>",
"ephemera": null,
"schema": null
},
"id": "C9412057",
"isParent": false,
"catalogueLevel": 7,
"parentId": "C326137",
"DescriptionText": "\"Photograph of trotting, saddle, white horse, plate 604.\" \nSheet comprises sequence of 24 photographic images, set in 2 rows, showing movement from right hand side and left hand side of subject. "
},
"C9412059": {
"catalogueId": -4705676,
"citableReference": "COPY 1/389/5",
"coveringFromDate": 18870425,
"coveringToDate": 18870425,
"scopeContent": {
"placeNames": [],
"description": "<scopecontent><p>&#34Photograph of trotting, sulky, bay horse, plate 605.&#34 </p> <p>Sheet comprises sequence of 12 photographic images, set in 3 rows, showing movement from front of subject. </p></scopecontent>",
"ephemera": null,
"schema": null
},
"id": "C9412059",
"isParent": false,
"catalogueLevel": 7,
"parentId": "C326137",
"DescriptionText": "\"Photograph of trotting, sulky, bay horse, plate 605.\" \nSheet comprises sequence of 12 photographic images, set in 3 rows, showing movement from front of subject. "
},
"C9412060": {
"catalogueId": -4705677,
"citableReference": "COPY 1/389/6",
"coveringFromDate": 18870425,
"coveringToDate": 18870425,
"scopeContent": {
"placeNames": [],
"description": "<scopecontent><p>&#34Photograph of trotting, sulky, bay horse, plate 606.&#34 </p> <p>Sheet comprises sequence of 12 photographic images, set in 3 rows, showing movement from front of subject. </p></scopecontent>",
"ephemera": null,
"schema": null
},
"id": "C9412060",
"isParent": false,
"catalogueLevel": 7,
"parentId": "C326137",
"DescriptionText": "\"Photograph of trotting, sulky, bay horse, plate 606.\" \nSheet comprises sequence of 12 photographic images, set in 3 rows, showing movement from front of subject. "
},
"C9412061": {
"catalogueId": -4705678,
"citableReference": "COPY 1/389/7",
"coveringFromDate": 18870425,
"coveringToDate": 18870425,
"scopeContent": {
"placeNames": [],
"description": "<scopecontent><p>&#34Photograph of trotting, sulky, bay mare, plate 607.&#34 </p> <p>Sheet comprises sequence of 24 photographic images, set in 4 rows, showing movement from front of subject. </p></scopecontent>",
"ephemera": null,
"schema": null
},
"id": "C9412061",
"isParent": false,
"catalogueLevel": 7,
"parentId": "C326137",
"DescriptionText": "\"Photograph of trotting, sulky, bay mare, plate 607.\" \nSheet comprises sequence of 24 photographic images, set in 4 rows, showing movement from front of subject. "
},
"C9412065": {
"catalogueId": -4705682,
"citableReference": "COPY 1/389/8",
"coveringFromDate": 18870425,
"coveringToDate": 18870425,
"scopeContent": {
"placeNames": [],
"description": "<scopecontent><p>&#34Photograph of trotting, sulky, sorrel mare, plate 608.&#34 </p> <p>Sheet comprises sequence of 24 photographic images, set in 4 rows, showing movement from front of subject. </p></scopecontent>",
"ephemera": null,
"schema": null
},
"id": "C9412065",
"isParent": false,
"catalogueLevel": 7,
"parentId": "C326137",
"DescriptionText": "\"Photograph of trotting, sulky, sorrel mare, plate 608.\" \nSheet comprises sequence of 24 photographic images, set in 4 rows, showing movement from front of subject. "
},
"C9412066": {
"catalogueId": -4705683,
"citableReference": "COPY 1/389/9",
"coveringFromDate": 18870425,
"coveringToDate": 18870425,
"scopeContent": {
"placeNames": [],
"description": "<scopecontent><p>&#34Photograph of trotting, sulky, bay mare, plate 609.&#34 </p> <p>Sheet comprises sequence of 24 photographic images, set in 4 rows, showing movement from front of subject. </p></scopecontent>",
"ephemera": null,
"schema": null
},
"id": "C9412066",
"isParent": false,
"catalogueLevel": 7,
"parentId": "C326137",
"DescriptionText": "\"Photograph of trotting, sulky, bay mare, plate 609.\" \nSheet comprises sequence of 24 photographic images, set in 4 rows, showing movement from front of subject. "
},
"C9412067": {
"catalogueId": -4705684,
"citableReference": "COPY 1/389/10",
"coveringFromDate": 18870425,
"coveringToDate": 18870425,
"scopeContent": {
"placeNames": [],
"description": "<scopecontent><p>&#34Photograph of trotting, sulky, gray mare, plate 610.&#34 </p> <p>Sheet comprises two sequences. First sequence comprises 12 photographic images, set in 2 rows, showing movement from front of subject. Second sequence comprises 12 photographic images, in 1 row, showing movement from left hand side of the subject. </p></scopecontent>",
"ephemera": null,
"schema": null
},
"id": "C9412067",
"isParent": false,
"catalogueLevel": 7,
"parentId": "C326137",
"DescriptionText": "\"Photograph of trotting, sulky, gray mare, plate 610.\" \nSheet comprises two sequences. First sequence comprises 12 photographic images, set in 2 rows, showing movement from front of subject. Second sequence comprises 12 photographic images, in 1 row, showing movement from left hand side of the subject. "
},
"C9412069": {
"catalogueId": -4705686,
"citableReference": "COPY 1/389/11",
"coveringFromDate": 18870425,
"coveringToDate": 18870425,
"scopeContent": {
"placeNames": [],
"description": "<scopecontent><p>&#34Photograph of trotting, sulky, gray mare, plate 611.&#34 </p> <p>Sheet comprises two sequences. First sequence comprises 12 photographic images, set in 2 rows, showing movement from front of subject. Second sequence comprises 12 photographic images, in 1 row, showing movement from left hand side of the subject. </p></scopecontent>",
"ephemera": null,
"schema": null
},
"id": "C9412069",
"isParent": false,
"catalogueLevel": 7,
"parentId": "C326137",
"DescriptionText": "\"Photograph of trotting, sulky, gray mare, plate 611.\" \nSheet comprises two sequences. First sequence comprises 12 photographic images, set in 2 rows, showing movement from front of subject. Second sequence comprises 12 photographic images, in 1 row, showing movement from left hand side of the subject. "
},
"C9412071": {
"catalogueId": -4705688,
"citableReference": "COPY 1/389/12",
"coveringFromDate": 18870425,
"coveringToDate": 18870425,
"scopeContent": {
"placeNames": [],
"description": "<scopecontent><p>&#34Photograph of trotting, sulky, bay horse, plate 612.&#34 </p> <p>Sheet comprises two sequences. First sequence comprises 12 photographic images, set in 2 rows, showing movement from front of subject. Second sequence comprises 12 photographic images, in 1 row, showing movement from left hand side of the subject. </p></scopecontent>",
"ephemera": null,
"schema": null
},
"id": "C9412071",
"isParent": false,
"catalogueLevel": 7,
"parentId": "C326137",
"DescriptionText": "\"Photograph of trotting, sulky, bay horse, plate 612.\" \nSheet comprises two sequences. First sequence comprises 12 photographic images, set in 2 rows, showing movement from front of subject. Second sequence comprises 12 photographic images, in 1 row, showing movement from left hand side of the subject. "
},
"C9412072": {
"catalogueId": -4705689,
"citableReference": "COPY 1/389/13",
"coveringFromDate": 18870425,
"coveringToDate": 18870425,
"scopeContent": {
"placeNames": [],
"description": "<scopecontent><p>&#34Photograph of trotting, sulky, sorrel mare, plate 613.&#34 </p> <p>Sheet comprises sequence of 24 photographic images, set in 4 rows, showing movement from front of subject. </p></scopecontent>",
"ephemera": null,
"schema": null
},
"id": "C9412072",
"isParent": false,
"catalogueLevel": 7,
"parentId": "C326137",
"DescriptionText": "\"Photograph of trotting, sulky, sorrel mare, plate 613.\" \nSheet comprises sequence of 24 photographic images, set in 4 rows, showing movement from front of subject. "
},
"C9412074": {
"catalogueId": -4705691,
"citableReference": "COPY 1/389/14",
"coveringFromDate": 18870425,
"coveringToDate": 18870425,
"scopeContent": {
"placeNames": [],
"description": "<scopecontent><p>&#34Photograph of trotting, sulky, breaking to gallop, sorrel mare, plate 614.&#34 </p> <p>Sheet comprises sequence of 24 photographic images, set in 4 rows, showing movement from front of subject. </p></scopecontent>",
"ephemera": null,
"schema": null
},
"id": "C9412074",
"isParent": false,
"catalogueLevel": 7,
"parentId": "C326137",
"DescriptionText": "\"Photograph of trotting, sulky, breaking to gallop, sorrel mare, plate 614.\" \nSheet comprises sequence of 24 photographic images, set in 4 rows, showing movement from front of subject. "
},
"C9412075": {
"catalogueId": -4705692,
"citableReference": "COPY 1/389/15",
"coveringFromDate": 18870425,
"coveringToDate": 18870425,
"scopeContent": {
"placeNames": [],
"description": "<scopecontent><p>&#34Photograph of canter, bareback, dark gray Belgian horse, plate 615.&#34 </p> <p>Sheet comprises sequence of 20 photographic images, set in 4 rows, showing movement from front of subject. </p></scopecontent>",
"ephemera": null,
"schema": null
},
"id": "C9412075",
"isParent": false,
"catalogueLevel": 7,
"parentId": "C326137",
"DescriptionText": "\"Photograph of canter, bareback, dark gray Belgian horse, plate 615.\" \nSheet comprises sequence of 20 photographic images, set in 4 rows, showing movement from front of subject. "
},
"C9412076": {
"catalogueId": -4705693,
"citableReference": "COPY 1/389/16",
"coveringFromDate": 18870425,
"coveringToDate": 18870425,
"scopeContent": {
"placeNames": [],
"description": "<scopecontent><p>&#34Photograph of canter, saddle, bay horse, plate 616.&#34 </p> <p>Sheet comprises sequence of 24 photographic images, set in 4 rows, showing movement from front of subject. </p></scopecontent>",
"ephemera": null,
"schema": null
},
"id": "C9412076",
"isParent": false,
"catalogueLevel": 7,
"parentId": "C326137",
"DescriptionText": "\"Photograph of canter, saddle, bay horse, plate 616.\" \nSheet comprises sequence of 24 photographic images, set in 4 rows, showing movement from front of subject. "
},
"C9412078": {
"catalogueId": -4705695,
"citableReference": "COPY 1/389/17",
"coveringFromDate": 18870425,
"coveringToDate": 18870425,
"scopeContent": {
"placeNames": [],
"description": "<scopecontent><p>&#34Photograph of canter, bareback, rider nude, white horse, plate 617.&#34 </p> <p>Sheet comprises sequence of 12 photographic images, set in 3 rows, showing movement from front of subject. </p></scopecontent>",
"ephemera": null,
"schema": null
},
"id": "C9412078",
"isParent": false,
"catalogueLevel": 7,
"parentId": "C326137",
"DescriptionText": "\"Photograph of canter, bareback, rider nude, white horse, plate 617.\" \nSheet comprises sequence of 12 photographic images, set in 3 rows, showing movement from front of subject. "
},
"C9412079": {
"catalogueId": -4705696,
"citableReference": "COPY 1/389/18",
"coveringFromDate": 18870425,
"coveringToDate": 18870425,
"scopeContent": {
"placeNames": [],
"description": "<scopecontent><p>&#34Photograph of canter, saddle, brown horse, plate 618.&#34 </p> <p>Sheet comprises two sequences. First sequence comprises 12 photographic images, set in 2 rows, showing movement from front of subject. Second sequence comprises 12 photographic images, in 1 row, showing movement from left hand side of the subject. </p></scopecontent>",
"ephemera": null,
"schema": null
},
"id": "C9412079",
"isParent": false,
"catalogueLevel": 7,
"parentId": "C326137",
"DescriptionText": "\"Photograph of canter, saddle, brown horse, plate 618.\" \nSheet comprises two sequences. First sequence comprises 12 photographic images, set in 2 rows, showing movement from front of subject. Second sequence comprises 12 photographic images, in 1 row, showing movement from left hand side of the subject. "
},
"C9412080": {
"catalogueId": -4705697,
"citableReference": "COPY 1/389/19",
"coveringFromDate": 18870425,
"coveringToDate": 18870425,
"scopeContent": {
"placeNames": [],
"description": "<scopecontent><p>&#34Photograph of canter, saddle, brown horse, plate 619.&#34 </p> <p>Sheet comprises two sequences. First sequence comprises 12 photographic images, set in 2 rows, showing movement from front of subject. Second sequence comprises 12 photographic images, in 1 row, showing movement from left hand side of the subject. </p></scopecontent>",
"ephemera": null,
"schema": null
},
"id": "C9412080",
"isParent": false,
"catalogueLevel": 7,
"parentId": "C326137",
"DescriptionText": "\"Photograph of canter, saddle, brown horse, plate 619.\" \nSheet comprises two sequences. First sequence comprises 12 photographic images, set in 2 rows, showing movement from front of subject. Second sequence comprises 12 photographic images, in 1 row, showing movement from left hand side of the subject. "
},
"C9412083": {
"catalogueId": -4705700,
"citableReference": "COPY 1/389/20",
"coveringFromDate": 18870425,
"coveringToDate": 18870425,
"scopeContent": {
"placeNames": [],
"description": "<scopecontent><p>&#34Photograph of canter, saddle, thoroughbred bay mare, plate 620.&#34 </p> <p>Sheet comprises two sequences. First sequence comprises 12 photographic images, set in 2 rows, showing movement from front of subject. Second sequence comprises 12 photographic images, in 1 row, showing movement from left hand side of the subject. </p></scopecontent>",
"ephemera": null,
"schema": null
},
"id": "C9412083",
"isParent": false,
"catalogueLevel": 7,
"parentId": "C326137",
"DescriptionText": "\"Photograph of canter, saddle, thoroughbred bay mare, plate 620.\" \nSheet comprises two sequences. First sequence comprises 12 photographic images, set in 2 rows, showing movement from front of subject. Second sequence comprises 12 photographic images, in 1 row, showing movement from left hand side of the subject. "
},
"C9412084": {
"catalogueId": -4705701,
"citableReference": "COPY 1/389/21",
"coveringFromDate": 18870425,
"coveringToDate": 18870425,
"scopeContent": {
"placeNames": [],
"description": "<scopecontent><p>&#34Photograph of canter, saddle, thoroughbred bay mare, plate 621.&#34 </p> <p>Sheet comprises two sequences. First sequence comprises 12 photographic images, set in 2 rows, showing movement from front of subject. Second sequence comprises 12 photographic images, in 1 row, showing movement from left hand side of the subject. </p></scopecontent>",
"ephemera": null,
"schema": null
},
"id": "C9412084",
"isParent": false,
"catalogueLevel": 7,
"parentId": "C326137",
"DescriptionText": "\"Photograph of canter, saddle, thoroughbred bay mare, plate 621.\" \nSheet comprises two sequences. First sequence comprises 12 photographic images, set in 2 rows, showing movement from front of subject. Second sequence comprises 12 photographic images, in 1 row, showing movement from left hand side of the subject. "
},
"C9412086": {
"catalogueId": -4705703,
"citableReference": "COPY 1/389/22",
"coveringFromDate": 18870425,
"coveringToDate": 18870425,
"scopeContent": {
"placeNames": [],
"description": "<scopecontent><p>&#34Photograph of canter, saddle, rider nude, gray mare, plate 622.&#34 </p> <p>Sheet comprises two sequences. First sequence comprises 12 photographic images, set in 2 rows, showing movement from front of subject. Second sequence comprises 12 photographic images, in 1 row, showing movement from left hand side of the subject. </p></scopecontent>",
"ephemera": null,
"schema": null
},
"id": "C9412086",
"isParent": false,
"catalogueLevel": 7,
"parentId": "C326137",
"DescriptionText": "\"Photograph of canter, saddle, rider nude, gray mare, plate 622.\" \nSheet comprises two sequences. First sequence comprises 12 photographic images, set in 2 rows, showing movement from front of subject. Second sequence comprises 12 photographic images, in 1 row, showing movement from left hand side of the subject. "
},
"C9412088": {
"catalogueId": -4705705,
"citableReference": "COPY 1/389/23",
"coveringFromDate": 18870425,
"coveringToDate": 18870425,
"scopeContent": {
"placeNames": [],
"description": "<scopecontent><p>&#34Photograph of canter, bare back, rider nude, gray mare, plate 623.&#34 </p> <p>Sheet comprises two sequences. First sequence comprises 12 photographic images, set in 2 rows, showing movement from front of subject. Second sequence comprises 12 photographic images, in 1 row, showing movement from left hand side of the subject. </p></scopecontent>",
"ephemera": null,
"schema": null
},
"id": "C9412088",
"isParent": false,
"catalogueLevel": 7,
"parentId": "C326137",
"DescriptionText": "\"Photograph of canter, bare back, rider nude, gray mare, plate 623.\" \nSheet comprises two sequences. First sequence comprises 12 photographic images, set in 2 rows, showing movement from front of subject. Second sequence comprises 12 photographic images, in 1 row, showing movement from left hand side of the subject. "
},
"C9412090": {
"catalogueId": -4705707,
"citableReference": "COPY 1/389/24",
"coveringFromDate": 18870425,
"coveringToDate": 18870425,
"scopeContent": {
"placeNames": [],
"description": "<scopecontent><p>&#34Photograph of gallop, saddle, bay horse, plate 624.&#34 </p> <p>Sheet comprises sequence of 12 photographic images, set in 2 rows, showing movement from front of subject. </p></scopecontent>",
"ephemera": null,
"schema": null
},
"id": "C9412090",
"isParent": false,
"catalogueLevel": 7,
"parentId": "C326137",
"DescriptionText": "\"Photograph of gallop, saddle, bay horse, plate 624.\" \nSheet comprises sequence of 12 photographic images, set in 2 rows, showing movement from front of subject. "
},
"C9412091": {
"catalogueId": -4705708,
"citableReference": "COPY 1/389/25",
"coveringFromDate": 18870425,
"coveringToDate": 18870425,
"scopeContent": {
"placeNames": [],
"description": "<scopecontent><p>&#34Photograph of gallop, thoroughbred bay horse, plate 625.&#34 </p> <p>Sheet comprises sequence of 24 photographic images, set in 4 rows, showing movement from front of subject. </p></scopecontent>",
"ephemera": null,
"schema": null
},
"id": "C9412091",
"isParent": false,
"catalogueLevel": 7,
"parentId": "C326137",
"DescriptionText": "\"Photograph of gallop, thoroughbred bay horse, plate 625.\" \nSheet comprises sequence of 24 photographic images, set in 4 rows, showing movement from front of subject. "
},
"C9412094": {
"catalogueId": -4705711,
"citableReference": "COPY 1/389/26",
"coveringFromDate": 18870425,
"coveringToDate": 18870425,
"scopeContent": {
"placeNames": [],
"description": "<scopecontent><p>&#34Photograph of gallop, thoroughbred bay mare, plate 626.&#34 </p> <p>Sheet comprises sequence of 16 photographic images, set in 4 rows, showing movement from front of subject. </p></scopecontent>",
"ephemera": null,
"schema": null
},
"id": "C9412094",
"isParent": false,
"catalogueLevel": 7,
"parentId": "C326137",
"DescriptionText": "\"Photograph of gallop, thoroughbred bay mare, plate 626.\" \nSheet comprises sequence of 16 photographic images, set in 4 rows, showing movement from front of subject. "
},
"C9412095": {
"catalogueId": -4705712,
"citableReference": "COPY 1/389/27",
"coveringFromDate": 18870425,
"coveringToDate": 18870425,
"scopeContent": {
"placeNames": [],
"description": "<scopecontent><p>&#34Photograph of gallop, thoroughbred bay mare, plate 627.&#34 </p> <p>Sheet comprises sequence of 20 photographic images, set in 4 rows, showing movement from front of subject. </p></scopecontent>",
"ephemera": null,
"schema": null
},
"id": "C9412095",
"isParent": false,
"catalogueLevel": 7,
"parentId": "C326137",
"DescriptionText": "\"Photograph of gallop, thoroughbred bay mare, plate 627.\" \nSheet comprises sequence of 20 photographic images, set in 4 rows, showing movement from front of subject. "
},
"C9412096": {
"catalogueId": -4705713,
"citableReference": "COPY 1/389/28",
"coveringFromDate": 18870425,
"coveringToDate": 18870425,
"scopeContent": {
"placeNames": [],
"description": "<scopecontent><p>&#34Photograph of gallop, bay horse, plate 628.&#34 </p> <p>Sheet comprises sequence of 20 photographic images, set in 4 rows, showing movement from front of subject. </p></scopecontent>",
"ephemera": null,
"schema": null
},
"id": "C9412096",
"isParent": false,
"catalogueLevel": 7,
"parentId": "C326137",
"DescriptionText": "\"Photograph of gallop, bay horse, plate 628.\" \nSheet comprises sequence of 20 photographic images, set in 4 rows, showing movement from front of subject. "
},
"C9412098": {
"catalogueId": -4705715,
"citableReference": "COPY 1/389/29",
"coveringFromDate": 18870425,
"coveringToDate": 18870425,
"scopeContent": {
"placeNames": [],
"description": "<scopecontent><p>&#34Photograph of gallop, bareback, Belgian draught horse, plate 629.&#34 </p> <p>Sheet comprises sequence of 24 photographic images, set in 2 rows, showing movement from right hand side and left hand side of subject. </p></scopecontent>",
"ephemera": null,
"schema": null
},
"id": "C9412098",
"isParent": false,
"catalogueLevel": 7,
"parentId": "C326137",
"DescriptionText": "\"Photograph of gallop, bareback, Belgian draught horse, plate 629.\" \nSheet comprises sequence of 24 photographic images, set in 2 rows, showing movement from right hand side and left hand side of subject. "
},
"C9412100": {
"catalogueId": -4705717,
"citableReference": "COPY 1/389/30",
"coveringFromDate": 18870425,
"coveringToDate": 18870425,
"scopeContent": {
"placeNames": [],
"description": "<scopecontent><p>&#34Photograph of gallop, saddle, gray mare, plate 630.&#34 </p> <p>Sheet comprises sequence of 24 photographic images, of varying width set in 2 rows, showing movement from left hand side and right hand side of subject. </p></scopecontent>",
"ephemera": null,
"schema": null
},
"id": "C9412100",
"isParent": false,
"catalogueLevel": 7,
"parentId": "C326137",
"DescriptionText": "\"Photograph of gallop, saddle, gray mare, plate 630.\" \nSheet comprises sequence of 24 photographic images, of varying width set in 2 rows, showing movement from left hand side and right hand side of subject. "
},
"C9412102": {
"catalogueId": -4705719,
"citableReference": "COPY 1/389/31",
"coveringFromDate": 18870425,
"coveringToDate": 18870425,
"scopeContent": {
"placeNames": [],
"description": "<scopecontent><p>&#34Photograph of gallop, saddle, thoroughbred bay horse, plate 631.&#34 </p> <p>Sheet comprises two sequences. First sequence comprises 12 photographic images, set in 2 rows, showing movement from front of subject. Second sequence comprises 12 photographic images, in 1 row, showing movement from left hand side of the subject. </p></scopecontent>",
"ephemera": null,
"schema": null
},
"id": "C9412102",
"isParent": false,
"catalogueLevel": 7,
"parentId": "C326137",
"DescriptionText": "\"Photograph of gallop, saddle, thoroughbred bay horse, plate 631.\" \nSheet comprises two sequences. First sequence comprises 12 photographic images, set in 2 rows, showing movement from front of subject. Second sequence comprises 12 photographic images, in 1 row, showing movement from left hand side of the subject. "
},
"C9412105": {
"catalogueId": -4705722,
"citableReference": "COPY 1/389/32",
"coveringFromDate": 18870425,
"coveringToDate": 18870425,
"scopeContent": {
"placeNames": [],
"description": "<scopecontent><p>&#34Photograph of gallop, saddle, thoroughbred bay horse, plate 632.&#34 </p> <p>Sheet comprises two sequences. First sequence comprises 12 photographic images, set in 2 rows, showing movement from front of subject. Second sequence comprises 12 photographic images, in 1 row, showing movement from left hand side of the subject. </p></scopecontent>",
"ephemera": null,
"schema": null
},
"id": "C9412105",
"isParent": false,
"catalogueLevel": 7,
"parentId": "C326137",
"DescriptionText": "\"Photograph of gallop, saddle, thoroughbred bay horse, plate 632.\" \nSheet comprises two sequences. First sequence comprises 12 photographic images, set in 2 rows, showing movement from front of subject. Second sequence comprises 12 photographic images, in 1 row, showing movement from left hand side of the subject. "
},
"C9412106": {
"catalogueId": -4705723,
"citableReference": "COPY 1/389/33",
"coveringFromDate": 18870425,
"coveringToDate": 18870425,
"scopeContent": {
"placeNames": [],
"description": "<scopecontent><p>&#34Photograph of gallop, saddle, thoroughbred bay horse, plate 633.&#34 </p> <p>Sheet comprises two sequences. First sequence comprises 12 photographic images, set in 2 rows, showing movement from front of subject. Second sequence comprises 12 photographic images, in 1 row, showing movement from left hand side of the subject. </p></scopecontent>",
"ephemera": null,
"schema": null
},
"id": "C9412106",
"isParent": false,
"catalogueLevel": 7,
"parentId": "C326137",
"DescriptionText": "\"Photograph of gallop, saddle, thoroughbred bay horse, plate 633.\" \nSheet comprises two sequences. First sequence comprises 12 photographic images, set in 2 rows, showing movement from front of subject. Second sequence comprises 12 photographic images, in 1 row, showing movement from left hand side of the subject. "
},
"C9412107": {
"catalogueId": -4705724,
"citableReference": "COPY 1/389/34",
"coveringFromDate": 18870425,
"coveringToDate": 18870425,
"scopeContent": {
"placeNames": [],
"description": "<scopecontent><p>&#34Photograph of gallop, saddle, gray horse, plate 634.&#34 </p> <p>Sheet comprises sequence of 16 photographic images, set in 2 rows, showing movement from right hand side and left hand side of subject.</p></scopecontent>",
"ephemera": null,
"schema": null
},
"id": "C9412107",
"isParent": false,
"catalogueLevel": 7,
"parentId": "C326137",
"DescriptionText": "\"Photograph of gallop, saddle, gray horse, plate 634.\" \nSheet comprises sequence of 16 photographic images, set in 2 rows, showing movement from right hand side and left hand side of subject."
},
"C9412108": {
"catalogueId": -4705725,
"citableReference": "COPY 1/389/35",
"coveringFromDate": 18870425,
"coveringToDate": 18870425,
"scopeContent": {
"placeNames": [],
"description": "<scopecontent><p>&#34Photograph of gallop, saddle, gray mare, plate 635.&#34 </p> <p>Sheet comprises sequence of 24 photographic images, of varying width, set in 2 rows, showing movement from right hand side and left hand side of subject. </p></scopecontent>",
"ephemera": null,
"schema": null
},
"id": "C9412108",
"isParent": false,
"catalogueLevel": 7,
"parentId": "C326137",
"DescriptionText": "\"Photograph of gallop, saddle, gray mare, plate 635.\" \nSheet comprises sequence of 24 photographic images, of varying width, set in 2 rows, showing movement from right hand side and left hand side of subject. "
},
"C9412111": {
"catalogueId": -4705728,
"citableReference": "COPY 1/389/36",
"coveringFromDate": 18870425,
"coveringToDate": 18870425,
"scopeContent": {
"placeNames": [],
"description": "<scopecontent><p>&#34Photograph of jumping a hurdle, saddle, preparing for the leap, bay horse, plate 636.&#34 </p> <p>Sheet comprises sequence of 20 photographic images, set in 4 rows, showing movement from front of subject. </p></scopecontent>",
"ephemera": null,
"schema": null
},
"id": "C9412111",
"isParent": false,
"catalogueLevel": 7,
"parentId": "C326137",
"DescriptionText": "\"Photograph of jumping a hurdle, saddle, preparing for the leap, bay horse, plate 636.\" \nSheet comprises sequence of 20 photographic images, set in 4 rows, showing movement from front of subject. "
},
"C9412113": {
"catalogueId": -4705730,
"citableReference": "COPY 1/389/37",
"coveringFromDate": 18870425,
"coveringToDate": 18870425,
"scopeContent": {
"placeNames": [],
"description": "<scopecontent><p>&#34Photograph of jumping a hurdle, saddle, clearing, landing and recovering, bay horse, plate 637.&#34 </p> <p>Sheet comprises sequence of 20 photographic images, set in 4 rows, showing movement from front of subject.</p></scopecontent>",
"ephemera": null,
"schema": null
},
"id": "C9412113",
"isParent": false,
"catalogueLevel": 7,
"parentId": "C326137",
"DescriptionText": "\"Photograph of jumping a hurdle, saddle, clearing, landing and recovering, bay horse, plate 637.\" \nSheet comprises sequence of 20 photographic images, set in 4 rows, showing movement from front of subject."
},
"C9412116": {
"catalogueId": -4705733,
"citableReference": "COPY 1/389/38",
"coveringFromDate": 18870425,
"coveringToDate": 18870425,
"scopeContent": {
"placeNames": [],
"description": "<scopecontent><p>&#34Photograph of jumping a hurdle, saddle, bay horse, plate 638.&#34 </p> <p>Sheet comprises sequence of 20 photographic images, set in 4 rows, showing movement from front of subject. </p></scopecontent>",
"ephemera": null,
"schema": null
},
"id": "C9412116",
"isParent": false,
"catalogueLevel": 7,
"parentId": "C326137",
"DescriptionText": "\"Photograph of jumping a hurdle, saddle, bay horse, plate 638.\" \nSheet comprises sequence of 20 photographic images, set in 4 rows, showing movement from front of subject. "
},
"C9412118": {
"catalogueId": -4705735,
"citableReference": "COPY 1/389/39",
"coveringFromDate": 18870425,
"coveringToDate": 18870425,
"scopeContent": {
"placeNames": [],
"description": "<scopecontent><p>&#34Photograph of jumping a hurdle, saddle, bay horse, plate 639.&#34 </p> <p>Sheet comprises sequence of 20 photographic images, set in 4 rows, showing movement from front of subject. </p></scopecontent>",
"ephemera": null,
"schema": null
},
"id": "C9412118",
"isParent": false,
"catalogueLevel": 7,
"parentId": "C326137",
"DescriptionText": "\"Photograph of jumping a hurdle, saddle, bay horse, plate 639.\" \nSheet comprises sequence of 20 photographic images, set in 4 rows, showing movement from front of subject. "
},
"C9412121": {
"catalogueId": -4705738,
"citableReference": "COPY 1/389/40",
"coveringFromDate": 18870425,
"coveringToDate": 18870425,
"scopeContent": {
"placeNames": [],
"description": "<scopecontent><p>&#34Photograph of jumping a hurdle, saddle, bay horse, plate 640.&#34 </p> <p>Sheet comprises sequence of 20 photographic images, set in 4 rows, showing movement from front of subject. </p></scopecontent>",
"ephemera": null,
"schema": null
},
"id": "C9412121",
"isParent": false,
"catalogueLevel": 7,
"parentId": "C326137",
"DescriptionText": "\"Photograph of jumping a hurdle, saddle, bay horse, plate 640.\" \nSheet comprises sequence of 20 photographic images, set in 4 rows, showing movement from front of subject. "
},
"C9412123": {
"catalogueId": -4705740,
"citableReference": "COPY 1/389/41",
"coveringFromDate": 18870425,
"coveringToDate": 18870425,
"scopeContent": {
"placeNames": [],
"description": "<scopecontent><p>&#34Photograph of jumping a hurdle, saddle, knocking over a hurdle and landing, rider, gray mare, plate 641.&#34 </p> <p>Sheet comprises sequence of 12 photographic images, set in 2 rows, showing movement from front of subject.</p></scopecontent>",
"ephemera": null,
"schema": null
},
"id": "C9412123",
"isParent": false,
"catalogueLevel": 7,
"parentId": "C326137",
"DescriptionText": "\"Photograph of jumping a hurdle, saddle, knocking over a hurdle and landing, rider, gray mare, plate 641.\" \nSheet comprises sequence of 12 photographic images, set in 2 rows, showing movement from front of subject."
},
"C9412125": {
"catalogueId": -4705742,
"citableReference": "COPY 1/389/42",
"coveringFromDate": 18870425,
"coveringToDate": 18870425,
"scopeContent": {
"placeNames": [],
"description": "<scopecontent><p>&#34Photograph of jumping a hurdle, saddle, rider nude, gray mare, plate 642.&#34 </p> <p>Sheet comprises sequence of 20 photographic images, set in 4 rows, showing movement from front of subject. </p></scopecontent>",
"ephemera": null,
"schema": null
},
"id": "C9412125",
"isParent": false,
"catalogueLevel": 7,
"parentId": "C326137",
"DescriptionText": "\"Photograph of jumping a hurdle, saddle, rider nude, gray mare, plate 642.\" \nSheet comprises sequence of 20 photographic images, set in 4 rows, showing movement from front of subject. "
},
"C9412126": {
"catalogueId": -4705743,
"citableReference": "COPY 1/389/43",
"coveringFromDate": 18870425,
"coveringToDate": 18870425,
"scopeContent": {
"placeNames": [],
"description": "<scopecontent><p>&#34Photograph of jumping a hurdle, bareback, clearing and landing, rider nude, gray mare, plate 643.&#34 </p> <p>Sheet comprises sequence of 12 photographic images, set in 2 rows, showing movement from front of subject. </p></scopecontent>",
"ephemera": null,
"schema": null
},
"id": "C9412126",
"isParent": false,
"catalogueLevel": 7,
"parentId": "C326137",
"DescriptionText": "\"Photograph of jumping a hurdle, bareback, clearing and landing, rider nude, gray mare, plate 643.\" \nSheet comprises sequence of 12 photographic images, set in 2 rows, showing movement from front of subject. "
},
"C9412127": {
"catalogueId": -4705744,
"citableReference": "COPY 1/389/44",
"coveringFromDate": 18870425,
"coveringToDate": 18870425,
"scopeContent": {
"placeNames": [],
"description": "<scopecontent><p>&#34Photograph of jumping a hurdle, saddle, clearing and landing, knocking over hurdle, rider, gray mare, plate 644.&#34 </p> <p>Sheet comprises sequence of 16 photographic images, of varying width, set in 2 rows, showing movement from right hand side and left hand side of subject. </p></scopecontent>",
"ephemera": null,
"schema": null
},
"id": "C9412127",
"isParent": false,
"catalogueLevel": 7,
"parentId": "C326137",
"DescriptionText": "\"Photograph of jumping a hurdle, saddle, clearing and landing, knocking over hurdle, rider, gray mare, plate 644.\" \nSheet comprises sequence of 16 photographic images, of varying width, set in 2 rows, showing movement from right hand side and left hand side of subject. "
},
"C9412128": {
"catalogueId": -4705745,
"citableReference": "COPY 1/389/45",
"coveringFromDate": 18870425,
"coveringToDate": 18870425,
"scopeContent": {
"placeNames": [],
"description": "<scopecontent><p>&#34Photograph of jumping a hurdle, saddle, clearing and landing, rider, gray mare, plate 645.&#34 </p> <p>Sheet comprises sequence of 16 photographic images, of varying width, set in 2 rows, showing movement from right hand side and left hand side of subject. </p></scopecontent>",
"ephemera": null,
"schema": null
},
"id": "C9412128",
"isParent": false,
"catalogueLevel": 7,
"parentId": "C326137",
"DescriptionText": "\"Photograph of jumping a hurdle, saddle, clearing and landing, rider, gray mare, plate 645.\" \nSheet comprises sequence of 16 photographic images, of varying width, set in 2 rows, showing movement from right hand side and left hand side of subject. "
},
"C9412130": {
"catalogueId": -4705747,
"citableReference": "COPY 1/389/46",
"coveringFromDate": 18870425,
"coveringToDate": 18870425,
"scopeContent": {
"placeNames": [],
"description": "<scopecontent><p>\"Photograph of jumping a hurdle, saddle, rider nude, gray, mare, plate 646.\" Sheet comprises sequence of 24 photographic images, of varying width, set in 2 rows, showing movement from right hand side and left hand side of subject.</p></scopecontent>",
"ephemera": null,
"schema": null
},
"id": "C9412130",
"isParent": false,
"catalogueLevel": 7,
"parentId": "C326137",
"DescriptionText": "\"Photograph of jumping a hurdle, saddle, rider nude, gray, mare, plate 646.\" Sheet comprises sequence of 24 photographic images, of varying width, set in 2 rows, showing movement from right hand side and left hand side of subject."
},
"C9412131": {
"catalogueId": -4705748,
"citableReference": "COPY 1/389/47",
"coveringFromDate": 18870425,
"coveringToDate": 18870425,
"scopeContent": {
"placeNames": [],
"description": "<scopecontent><p>&#34Photograph of jumping a hurdle, bareback, rider nude, gray mare, plate 647.&#34 </p> <p>Sheet comprises sequence of 24 photographic images, of varying width, set in 2 rows, showing movement from right hand side and left hand side of subject. </p></scopecontent>",
"ephemera": null,
"schema": null
},
"id": "C9412131",
"isParent": false,
"catalogueLevel": 7,
"parentId": "C326137",
"DescriptionText": "\"Photograph of jumping a hurdle, bareback, rider nude, gray mare, plate 647.\" \nSheet comprises sequence of 24 photographic images, of varying width, set in 2 rows, showing movement from right hand side and left hand side of subject. "
},
"C9412134": {
"catalogueId": -4705751,
"citableReference": "COPY 1/389/48",
"coveringFromDate": 18870425,
"coveringToDate": 18870425,
"scopeContent": {
"placeNames": [],
"description": "<scopecontent><p>&#34Photograph of jumping over three horses, chestnut horse, plate 648.&#34 </p> <p>Sheet comprises sequence of 24 photographic images, set in 4 rows, showing movement from front of subject. </p></scopecontent>",
"ephemera": null,
"schema": null
},
"id": "C9412134",
"isParent": false,
"catalogueLevel": 7,
"parentId": "C326137",
"DescriptionText": "\"Photograph of jumping over three horses, chestnut horse, plate 648.\" \nSheet comprises sequence of 24 photographic images, set in 4 rows, showing movement from front of subject. "
},
"C9412135": {
"catalogueId": -4705752,
"citableReference": "COPY 1/389/49",
"coveringFromDate": 18870425,
"coveringToDate": 18870425,
"scopeContent": {
"placeNames": [],
"description": "<scopecontent><p>&#34Photograph of horse (A) rocking, horse (B) rolling barrel etc, plate 649.&#34 </p> <p>Sheet comprises sequence of 18 photographic images, set in 3 rows, showing movement from front of subject. </p></scopecontent>",
"ephemera": null,
"schema": null
},
"id": "C9412135",
"isParent": false,
"catalogueLevel": 7,
"parentId": "C326137",
"DescriptionText": "\"Photograph of horse (A) rocking, horse (B) rolling barrel etc, plate 649.\" \nSheet comprises sequence of 18 photographic images, set in 3 rows, showing movement from front of subject. "
},
"C9412137": {
"catalogueId": -4705754,
"citableReference": "COPY 1/389/50",
"coveringFromDate": 18870425,
"coveringToDate": 18870425,
"scopeContent": {
"placeNames": [],
"description": "<scopecontent><p>&#34Photograph of walking with a bucket in mouth, light gray horse, plate 650.&#34 </p> <p>Sheet comprises sequence of 12 photographic images, set in 3 rows, showing movement from front of subject. </p></scopecontent>",
"ephemera": null,
"schema": null
},
"id": "C9412137",
"isParent": false,
"catalogueLevel": 7,
"parentId": "C326137",
"DescriptionText": "\"Photograph of walking with a bucket in mouth, light gray horse, plate 650.\" \nSheet comprises sequence of 12 photographic images, set in 3 rows, showing movement from front of subject. "
},
"C9412139": {
"catalogueId": -4705756,
"citableReference": "COPY 1/389/51",
"coveringFromDate": 18870425,
"coveringToDate": 18870425,
"scopeContent": {
"placeNames": [],
"description": "<scopecontent><p>&#34Photograph of horse (A) bell ringing, horse (B) teeter board, horse (C) military drill, plate 651.&#34 </p> <p>Sheet comprises sequence of 12 photographic images, set in 3 rows, showing movement from front of subject. </p></scopecontent>",
"ephemera": null,
"schema": null
},
"id": "C9412139",
"isParent": false,
"catalogueLevel": 7,
"parentId": "C326137",
"DescriptionText": "\"Photograph of horse (A) bell ringing, horse (B) teeter board, horse (C) military drill, plate 651.\" \nSheet comprises sequence of 12 photographic images, set in 3 rows, showing movement from front of subject. "
},
"C9412140": {
"catalogueId": -4705757,
"citableReference": "COPY 1/389/52",
"coveringFromDate": 18870425,
"coveringToDate": 18870425,
"scopeContent": {
"placeNames": [],
"description": "<scopecontent><p>&#34Photograph of (A B C D E) horses rearing etc, plate 652.&#34 </p> <p>Sheet comprises sequence of 30 photographic images, set in 5 rows, showing movement from front of subject. </p></scopecontent>",
"ephemera": null,
"schema": null
},
"id": "C9412140",
"isParent": false,
"catalogueLevel": 7,
"parentId": "C326137",
"DescriptionText": "\"Photograph of (A B C D E) horses rearing etc, plate 652.\" \nSheet comprises sequence of 30 photographic images, set in 5 rows, showing movement from front of subject. "
},
"C9412142": {
"catalogueId": -4705759,
"citableReference": "COPY 1/389/53",
"coveringFromDate": 18870425,
"coveringToDate": 18870425,
"scopeContent": {
"placeNames": [],
"description": "<scopecontent><p>&#34Photograph of walking, saddle, lame, right front foot, horse, plate 653.&#34 </p> <p>Sheet comprises two sequences. First sequence comprises 12 photographic images, set in 2 rows, showing movement from front of subject. Second sequence comprises 12 photographic images, in 1 row, showing movement from left hand side of the subject. </p></scopecontent>",
"ephemera": null,
"schema": null
},
"id": "C9412142",
"isParent": false,
"catalogueLevel": 7,
"parentId": "C326137",
"DescriptionText": "\"Photograph of walking, saddle, lame, right front foot, horse, plate 653.\" \nSheet comprises two sequences. First sequence comprises 12 photographic images, set in 2 rows, showing movement from front of subject. Second sequence comprises 12 photographic images, in 1 row, showing movement from left hand side of the subject. "
},
"C9412144": {
"catalogueId": -4705761,
"citableReference": "COPY 1/389/54",
"coveringFromDate": 18870425,
"coveringToDate": 18870425,
"scopeContent": {
"placeNames": [],
"description": "<scopecontent><p>&#34Photograph of walking, saddle, lame, right front foot, horse, plate 654.&#34 </p> <p>Sheet comprises two sequences. First sequence comprises 12 photographic images, set in 2 rows, showing movement from front of subject. Second sequence comprises 12 photographic images, in 1 row, showing movement from left hand side of the subject. </p></scopecontent>",
"ephemera": null,
"schema": null
},
"id": "C9412144",
"isParent": false,
"catalogueLevel": 7,
"parentId": "C326137",
"DescriptionText": "\"Photograph of walking, saddle, lame, right front foot, horse, plate 654.\" \nSheet comprises two sequences. First sequence comprises 12 photographic images, set in 2 rows, showing movement from front of subject. Second sequence comprises 12 photographic images, in 1 row, showing movement from left hand side of the subject. "
},
"C9412146": {
"catalogueId": -4705763,
"citableReference": "COPY 1/389/55",
"coveringFromDate": 18870425,
"coveringToDate": 18870425,
"scopeContent": {
"placeNames": [],
"description": "<scopecontent><p>&#34Photograph of walking, saddle, spavin, right hind leg, horse, plate 655.&#34 </p> <p>Sheet comprises two sequences. First sequence comprises 12 photographic images, set in 3 rows, showing movement from front of subject. Second sequence comprises 12 photographic images, in 1 row, showing movement from left hand side of the subject. </p></scopecontent>",
"ephemera": null,
"schema": null
},
"id": "C9412146",
"isParent": false,
"catalogueLevel": 7,
"parentId": "C326137",
"DescriptionText": "\"Photograph of walking, saddle, spavin, right hind leg, horse, plate 655.\" \nSheet comprises two sequences. First sequence comprises 12 photographic images, set in 3 rows, showing movement from front of subject. Second sequence comprises 12 photographic images, in 1 row, showing movement from left hand side of the subject. "
},
"C9412148": {
"catalogueId": -4705765,
"citableReference": "COPY 1/389/56",
"coveringFromDate": 18870425,
"coveringToDate": 18870425,
"scopeContent": {
"placeNames": [],
"description": "<scopecontent><p>&#34Photograph of walking, free, ossification of cartilage, right front foot, horse, plate 656.&#34 </p> <p>Sheet comprises two sequences. First sequence comprises 12 photographic images, set in 3 rows, showing movement from front of subject. Second sequence comprises 12 photographic images, in 1 row, showing movement from left hand side of the subject. </p></scopecontent>",
"ephemera": null,
"schema": null
},
"id": "C9412148",
"isParent": false,
"catalogueLevel": 7,
"parentId": "C326137",
"DescriptionText": "\"Photograph of walking, free, ossification of cartilage, right front foot, horse, plate 656.\" \nSheet comprises two sequences. First sequence comprises 12 photographic images, set in 3 rows, showing movement from front of subject. Second sequence comprises 12 photographic images, in 1 row, showing movement from left hand side of the subject. "
},
"C9412149": {
"catalogueId": -4705766,
"citableReference": "COPY 1/389/57",
"coveringFromDate": 18870425,
"coveringToDate": 18870425,
"scopeContent": {
"placeNames": [],
"description": "<scopecontent><p>&#34Photograph of rolling a box, pony, plate 657.&#34 </p> <p>Sheet comprises sequence of 12 photographic images, set in 3 rows, showing movement from front of subject. </p></scopecontent>",
"ephemera": null,
"schema": null
},
"id": "C9412149",
"isParent": false,
"catalogueLevel": 7,
"parentId": "C326137",
"DescriptionText": "\"Photograph of rolling a box, pony, plate 657.\" \nSheet comprises sequence of 12 photographic images, set in 3 rows, showing movement from front of subject. "
},
"C9412150": {
"catalogueId": -4705767,
"citableReference": "COPY 1/389/58",
"coveringFromDate": 18870425,
"coveringToDate": 18870425,
"scopeContent": {
"placeNames": [],
"description": "<scopecontent><p>&#34Photograph of mule (A) kicking (B) kicking, plate 658.&#34 </p> <p>Sheet comprises sequence of 16 photographic images, set in 4 rows, showing movement from front of subject. </p></scopecontent>",
"ephemera": null,
"schema": null
},
"id": "C9412150",
"isParent": false,
"catalogueLevel": 7,
"parentId": "C326137",
"DescriptionText": "\"Photograph of mule (A) kicking (B) kicking, plate 658.\" \nSheet comprises sequence of 16 photographic images, set in 4 rows, showing movement from front of subject. "
},
"C9412152": {
"catalogueId": -4705769,
"citableReference": "COPY 1/389/59",
"coveringFromDate": 18870425,
"coveringToDate": 18870425,
"scopeContent": {
"placeNames": [],
"description": "<scopecontent><p>&#34Photograph of mule (A,B) bucking and kicking, plate 659.&#34 </p> <p>Sheet comprises sequence of 16 photographic images, set in 4 rows, showing movement from front of subject. </p></scopecontent>",
"ephemera": null,
"schema": null
},
"id": "C9412152",
"isParent": false,
"catalogueLevel": 7,
"parentId": "C326137",
"DescriptionText": "\"Photograph of mule (A,B) bucking and kicking, plate 659.\" \nSheet comprises sequence of 16 photographic images, set in 4 rows, showing movement from front of subject. "
},
"C9412154": {
"catalogueId": -4705771,
"citableReference": "COPY 1/389/60",
"coveringFromDate": 18870425,
"coveringToDate": 18870425,
"scopeContent": {
"placeNames": [],
"description": "<scopecontent><p>&#34Photograph of mule, miscellaneous performances, plate 660.&#34 </p> <p>Sheet comprises sequence of 26 photographic images, set in 4 rows, showing movement from front of subject. </p></scopecontent>",
"ephemera": null,
"schema": null
},
"id": "C9412154",
"isParent": false,
"catalogueLevel": 7,
"parentId": "C326137",
"DescriptionText": "\"Photograph of mule, miscellaneous performances, plate 660.\" \nSheet comprises sequence of 26 photographic images, set in 4 rows, showing movement from front of subject. "
},
"C9412156": {
"catalogueId": -4705773,
"citableReference": "COPY 1/389/61",
"coveringFromDate": 18870425,
"coveringToDate": 18870425,
"scopeContent": {
"placeNames": [],
"description": "<scopecontent><p>&#34Photograph of mule (A B) a refractory animal, plate 661.&#34 </p> <p>Sheet comprises sequence of 24 photographic images, set in 4 rows, showing movement from front of subject. </p></scopecontent>",
"ephemera": null,
"schema": null
},
"id": "C9412156",
"isParent": false,
"catalogueLevel": 7,
"parentId": "C326137",
"DescriptionText": "\"Photograph of mule (A B) a refractory animal, plate 661.\" \nSheet comprises sequence of 24 photographic images, set in 4 rows, showing movement from front of subject. "
},
"C9412157": {
"catalogueId": -4705774,
"citableReference": "COPY 1/389/62",
"coveringFromDate": 18870425,
"coveringToDate": 18870425,
"scopeContent": {
"placeNames": [],
"description": "<scopecontent><p>&#34Photograph of mule (A B) a refractory animal, plate 662.&#34 </p> <p>Sheet comprises sequence of 24 photographic images, set in 4 rows, showing movement from front of subject. </p></scopecontent>",
"ephemera": null,
"schema": null
},
"id": "C9412157",
"isParent": false,
"catalogueLevel": 7,
"parentId": "C326137",
"DescriptionText": "\"Photograph of mule (A B) a refractory animal, plate 662.\" \nSheet comprises sequence of 24 photographic images, set in 4 rows, showing movement from front of subject. "
},
"C9412159": {
"catalogueId": -4705776,
"citableReference": "COPY 1/389/63",
"coveringFromDate": 18870425,
"coveringToDate": 18870425,
"scopeContent": {
"placeNames": [],
"description": "<scopecontent><p>&#34Photograph of mule (A B) a refractory animal, plate 663.&#34 </p> <p>Sheet comprises sequence of 24 photographic images, set in 4 rows, showing movement from front of subject. </p></scopecontent>",
"ephemera": null,
"schema": null
},
"id": "C9412159",
"isParent": false,
"catalogueLevel": 7,
"parentId": "C326137",
"DescriptionText": "\"Photograph of mule (A B) a refractory animal, plate 663.\" \nSheet comprises sequence of 24 photographic images, set in 4 rows, showing movement from front of subject. "
},
"C9412160": {
"catalogueId": -4705777,
"citableReference": "COPY 1/389/64",
"coveringFromDate": 18870425,
"coveringToDate": 18870425,
"scopeContent": {
"placeNames": [],
"description": "<scopecontent><p>&#34Photograph of mule, various performances, at a table, etc, plate 664.&#34 </p> <p>Sheet comprises sequence of 30 photographic images, set in 5 rows, showing movement from front of subject. </p></scopecontent>",
"ephemera": null,
"schema": null
},
"id": "C9412160",
"isParent": false,
"catalogueLevel": 7,
"parentId": "C326137",
"DescriptionText": "\"Photograph of mule, various performances, at a table, etc, plate 664.\" \nSheet comprises sequence of 30 photographic images, set in 5 rows, showing movement from front of subject. "
},
"C9412162": {
"catalogueId": -4705779,
"citableReference": "COPY 1/389/65",
"coveringFromDate": 18870425,
"coveringToDate": 18870425,
"scopeContent": {
"placeNames": [],
"description": "<scopecontent><p>&#34Photograph of ass, walking, bareback, a boy riding, plate 665.&#34 </p> <p>Sheet comprises sequence of 12 photographic images, set in 3 rows, showing movement from front of subject. </p></scopecontent>",
"ephemera": null,
"schema": null
},
"id": "C9412162",
"isParent": false,
"catalogueLevel": 7,
"parentId": "C326137",
"DescriptionText": "\"Photograph of ass, walking, bareback, a boy riding, plate 665.\" \nSheet comprises sequence of 12 photographic images, set in 3 rows, showing movement from front of subject. "
},
"C9412163": {
"catalogueId": -4705780,
"citableReference": "COPY 1/389/66",
"coveringFromDate": 18870425,
"coveringToDate": 18870425,
"scopeContent": {
"placeNames": [],
"description": "<scopecontent><p>&#34Photograph of ass, walking, saddle, a girl riding, plate 666.&#34 </p> <p>Sheet comprises sequence of 20 photographic images, set in 4 rows, showing movement from front of subject. </p></scopecontent>",
"ephemera": null,
"schema": null
},
"id": "C9412163",
"isParent": false,
"catalogueLevel": 7,
"parentId": "C326137",
"DescriptionText": "\"Photograph of ass, walking, saddle, a girl riding, plate 666.\" \nSheet comprises sequence of 20 photographic images, set in 4 rows, showing movement from front of subject. "
},
"C9412164": {
"catalogueId": -4705781,
"citableReference": "COPY 1/389/67",
"coveringFromDate": 18870425,
"coveringToDate": 18870425,
"scopeContent": {
"placeNames": [],
"description": "<scopecontent><p>&#34Photograph of ass, walking, saddle, a boy riding, plate 667.&#34 </p> <p>Sheet comprises two sequences. First sequence comprises 12 photographic images, set in 2 rows, showing movement from front of subject. Second sequence comprises 12 photographic images, in 1 row, showing movement from left hand side of the subject. </p></scopecontent>",
"ephemera": null,
"schema": null
},
"id": "C9412164",
"isParent": false,
"catalogueLevel": 7,
"parentId": "C326137",
"DescriptionText": "\"Photograph of ass, walking, saddle, a boy riding, plate 667.\" \nSheet comprises two sequences. First sequence comprises 12 photographic images, set in 2 rows, showing movement from front of subject. Second sequence comprises 12 photographic images, in 1 row, showing movement from left hand side of the subject. "
},
"C9412165": {
"catalogueId": -4705782,
"citableReference": "COPY 1/389/68",
"coveringFromDate": 18870425,
"coveringToDate": 18870425,
"scopeContent": {
"placeNames": [],
"description": "<scopecontent><p>&#34Photograph of ass, ambling, irregular, saddle, a boy riding, plate 668.&#34 </p> <p>Sheet comprises two sequences. First sequence comprises 8 photographic images, set in 2 rows, showing movement from front of subject. Second sequence comprises 8 photographic images, in 1 row, showing movement from left hand side of the subject. </p></scopecontent>",
"ephemera": null,
"schema": null
},
"id": "C9412165",
"isParent": false,
"catalogueLevel": 7,
"parentId": "C326137",
"DescriptionText": "\"Photograph of ass, ambling, irregular, saddle, a boy riding, plate 668.\" \nSheet comprises two sequences. First sequence comprises 8 photographic images, set in 2 rows, showing movement from front of subject. Second sequence comprises 8 photographic images, in 1 row, showing movement from left hand side of the subject. "
},
"C9412167": {
"catalogueId": -4705784,
"citableReference": "COPY 1/389/69",
"coveringFromDate": 18870425,
"coveringToDate": 18870425,
"scopeContent": {
"placeNames": [],
"description": "<scopecontent><p>&#34Photograph of Ox, walking, plate 669.&#34 </p> <p>Sheet comprises sequence of 16 photographic images, set in 4 rows, showing movement from front of subject. </p></scopecontent>",
"ephemera": null,
"schema": null
},
"id": "C9412167",
"isParent": false,
"catalogueLevel": 7,
"parentId": "C326137",
"DescriptionText": "\"Photograph of Ox, walking, plate 669.\" \nSheet comprises sequence of 16 photographic images, set in 4 rows, showing movement from front of subject. "
},
"C9412168": {
"catalogueId": -4705785,
"citableReference": "COPY 1/389/70",
"coveringFromDate": 18870425,
"coveringToDate": 18870425,
"scopeContent": {
"placeNames": [],
"description": "<scopecontent><p>&#34Photograph of Ox, walking, plate 670.&#34 </p> <p>Sheet comprises two sequences. First sequence comprises 8 photographic images, set in 2 rows, showing movement from front of subject. Second sequence comprises 8 photographic images, in 1 row, showing movement from left hand side of the subject. </p></scopecontent>",
"ephemera": null,
"schema": null
},
"id": "C9412168",
"isParent": false,
"catalogueLevel": 7,
"parentId": "C326137",
"DescriptionText": "\"Photograph of Ox, walking, plate 670.\" \nSheet comprises two sequences. First sequence comprises 8 photographic images, set in 2 rows, showing movement from front of subject. Second sequence comprises 8 photographic images, in 1 row, showing movement from left hand side of the subject. "
},
"C9412169": {
"catalogueId": -4705786,
"citableReference": "COPY 1/389/71",
"coveringFromDate": 18870425,
"coveringToDate": 18870425,
"scopeContent": {
"placeNames": [],
"description": "<scopecontent><p>&#34Photograph of Ox, walking, plate 671.&#34 </p> <p>Sheet comprises two sequences. First sequence comprises 8 photographic images, set in 2 rows, showing movement from front of subject. Second sequence comprises 8 photographic images, in 1 row, showing movement from left hand side of the subject. </p></scopecontent>",
"ephemera": null,
"schema": null
},
"id": "C9412169",
"isParent": false,
"catalogueLevel": 7,
"parentId": "C326137",
"DescriptionText": "\"Photograph of Ox, walking, plate 671.\" \nSheet comprises two sequences. First sequence comprises 8 photographic images, set in 2 rows, showing movement from front of subject. Second sequence comprises 8 photographic images, in 1 row, showing movement from left hand side of the subject. "
},
"C9412170": {
"catalogueId": -4705787,
"citableReference": "COPY 1/389/72",
"coveringFromDate": 18870425,
"coveringToDate": 18870425,
"scopeContent": {
"placeNames": [],
"description": "<scopecontent><p>&#34Photograph of Ox, trotting, plate 672.&#34 </p> <p>Sheet comprises sequence of 16 photographic images, set in 4 rows, showing movement from front of subject. </p></scopecontent>",
"ephemera": null,
"schema": null
},
"id": "C9412170",
"isParent": false,
"catalogueLevel": 7,
"parentId": "C326137",
"DescriptionText": "\"Photograph of Ox, trotting, plate 672.\" \nSheet comprises sequence of 16 photographic images, set in 4 rows, showing movement from front of subject. "
},
"C9412171": {
"catalogueId": -4705788,
"citableReference": "COPY 1/389/73",
"coveringFromDate": 18870425,
"coveringToDate": 18870425,
"scopeContent": {
"placeNames": [],
"description": "<scopecontent><p>&#34Photograph of sow, walking, plate 673.&#34 </p> <p>Sheet comprises two sequences. First sequence comprises 12 photographic images, set in 2 rows, showing movement from front of subject. Second sequence comprises 12 photographic images, in 1 row, showing movement from left hand side of the subject. </p></scopecontent>",
"ephemera": null,
"schema": null
},
"id": "C9412171",
"isParent": false,
"catalogueLevel": 7,
"parentId": "C326137",
"DescriptionText": "\"Photograph of sow, walking, plate 673.\" \nSheet comprises two sequences. First sequence comprises 12 photographic images, set in 2 rows, showing movement from front of subject. Second sequence comprises 12 photographic images, in 1 row, showing movement from left hand side of the subject. "
},
"C9412173": {
"catalogueId": -4705790,
"citableReference": "COPY 1/389/74",
"coveringFromDate": 18870425,
"coveringToDate": 18870425,
"scopeContent": {
"placeNames": [],
"description": "<scopecontent><p>&#34Photograph of sow, walking, plate 674.&#34 </p> <p>Sheet comprises two sequences. First sequence comprises 12 photographic images, set in 2 rows, showing movement from front of subject. Second sequence comprises 12 photographic images, in 1 row, showing movement from left hand side of the subject. </p></scopecontent>",
"ephemera": null,
"schema": null
},
"id": "C9412173",
"isParent": false,
"catalogueLevel": 7,
"parentId": "C326137",
"DescriptionText": "\"Photograph of sow, walking, plate 674.\" \nSheet comprises two sequences. First sequence comprises 12 photographic images, set in 2 rows, showing movement from front of subject. Second sequence comprises 12 photographic images, in 1 row, showing movement from left hand side of the subject. "
},
"C9412174": {
"catalogueId": -4705791,
"citableReference": "COPY 1/389/75",
"coveringFromDate": 18870425,
"coveringToDate": 18870425,
"scopeContent": {
"placeNames": [],
"description": "<scopecontent><p>&#34Photograph of sow, trotting, plate 675.&#34 </p> <p>Sheet comprises sequence of 16 photographic images, set in 4 rows, showing movement from front of subject. </p></scopecontent>",
"ephemera": null,
"schema": null
},
"id": "C9412174",
"isParent": false,
"catalogueLevel": 7,
"parentId": "C326137",
"DescriptionText": "\"Photograph of sow, trotting, plate 675.\" \nSheet comprises sequence of 16 photographic images, set in 4 rows, showing movement from front of subject. "
},
"C9412176": {
"catalogueId": -4705793,
"citableReference": "COPY 1/389/76",
"coveringFromDate": 18870425,
"coveringToDate": 18870425,
"scopeContent": {
"placeNames": [],
"description": "<scopecontent><p>&#34Photograph of goat, walking, plate 676.&#34 </p> <p>Sheet comprises sequence of 16 photographic images, set in 4 rows, showing movement from font of subject. </p></scopecontent>",
"ephemera": null,
"schema": null
},
"id": "C9412176",
"isParent": false,
"catalogueLevel": 7,
"parentId": "C326137",
"DescriptionText": "\"Photograph of goat, walking, plate 676.\" \nSheet comprises sequence of 16 photographic images, set in 4 rows, showing movement from font of subject. "
},
"C9412177": {
"catalogueId": -4705794,
"citableReference": "COPY 1/389/77",
"coveringFromDate": 18870425,
"coveringToDate": 18870425,
"scopeContent": {
"placeNames": [],
"description": "<scopecontent><p>&#34Photograph of goat, walking in sulky, plate 677.&#34 </p> <p>Sheet comprises two sequences. First sequence comprises 12 photographic images, set in 2 rows, showing movement from front of subject. Second sequence comprises 12 photographic images, in 1 row, showing movement from left hand side of the subject. </p></scopecontent>",
"ephemera": null,
"schema": null
},
"id": "C9412177",
"isParent": false,
"catalogueLevel": 7,
"parentId": "C326137",
"DescriptionText": "\"Photograph of goat, walking in sulky, plate 677.\" \nSheet comprises two sequences. First sequence comprises 12 photographic images, set in 2 rows, showing movement from front of subject. Second sequence comprises 12 photographic images, in 1 row, showing movement from left hand side of the subject. "
},
"C9412178": {
"catalogueId": -4705795,
"citableReference": "COPY 1/389/78",
"coveringFromDate": 18870425,
"coveringToDate": 18870425,
"scopeContent": {
"placeNames": [],
"description": "<scopecontent><p>&#34Photograph of goat, trotting in sulky, plate 678.&#34 </p> <p>Sheet comprises two sequences. First sequence comprises 12 photographic images, set in 2 rows, showing movement from front of subject. Second sequence comprises 12 photographic images, in 1 row, showing movement from left hand side of the subject. </p></scopecontent>",
"ephemera": null,
"schema": null
},
"id": "C9412178",
"isParent": false,
"catalogueLevel": 7,
"parentId": "C326137",
"DescriptionText": "\"Photograph of goat, trotting in sulky, plate 678.\" \nSheet comprises two sequences. First sequence comprises 12 photographic images, set in 2 rows, showing movement from front of subject. Second sequence comprises 12 photographic images, in 1 row, showing movement from left hand side of the subject. "
},
"C9412179": {
"catalogueId": -4705796,
"citableReference": "COPY 1/389/79",
"coveringFromDate": 18870425,
"coveringToDate": 18870425,
"scopeContent": {
"placeNames": [],
"description": "<scopecontent><p>&#34Photograph of goat, galloping, plate 679.&#34 </p> <p>Sheet comprises sequence of 24 photographic images, set in 4 rows, showing movement from front of subject. </p></scopecontent>",
"ephemera": null,
"schema": null
},
"id": "C9412179",
"isParent": false,
"catalogueLevel": 7,
"parentId": "C326137",
"DescriptionText": "\"Photograph of goat, galloping, plate 679.\" \nSheet comprises sequence of 24 photographic images, set in 4 rows, showing movement from front of subject. "
},
"C9412180": {
"catalogueId": -4705797,
"citableReference": "COPY 1/389/80",
"coveringFromDate": 18870425,
"coveringToDate": 18870425,
"scopeContent": {
"placeNames": [],
"description": "<scopecontent><p>&#34Photograph of orex, galloping, plate 680.&#34 </p> <p>Sheet comprises sequence of 10 photographic images, set in 2 rows, showing movement from front of subject. </p></scopecontent>",
"ephemera": null,
"schema": null
},
"id": "C9412180",
"isParent": false,
"catalogueLevel": 7,
"parentId": "C326137",
"DescriptionText": "\"Photograph of orex, galloping, plate 680.\" \nSheet comprises sequence of 10 photographic images, set in 2 rows, showing movement from front of subject. "
},
"C9412220": {
"catalogueId": -4705837,
"citableReference": "COPY 1/389/81",
"coveringFromDate": 18870425,
"coveringToDate": 18870425,
"scopeContent": {
"placeNames": [],
"description": "<scopecontent><p>&#34Photograph of Virginia deer (no antlers) walking, startled to a gallop, plate 681.&#34 </p> <p>Sheet comprises two sequences. First sequence comprises 12 photographic images, set in 2 rows, showing movement from front of subject. Second sequence comprises 12 photographic images, in 1 row, showing movement from left hand side of the subject. </p></scopecontent>",
"ephemera": null,
"schema": null
},
"id": "C9412220",
"isParent": false,
"catalogueLevel": 7,
"parentId": "C326137",
"DescriptionText": "\"Photograph of Virginia deer (no antlers) walking, startled to a gallop, plate 681.\" \nSheet comprises two sequences. First sequence comprises 12 photographic images, set in 2 rows, showing movement from front of subject. Second sequence comprises 12 photographic images, in 1 row, showing movement from left hand side of the subject. "
},
"C9412222": {
"catalogueId": -4705839,
"citableReference": "COPY 1/389/82",
"coveringFromDate": 18870425,
"coveringToDate": 18870425,
"scopeContent": {
"placeNames": [],
"description": "<scopecontent><p>&#34Photograph of fallow deer, buck; (A) trotting; (B) galloping, plate 682.&#34 </p> <p>Sheet comprises sequence of 16 photographic images, set in 4 rows, showing movement from front of subject. </p></scopecontent>",
"ephemera": null,
"schema": null
},
"id": "C9412222",
"isParent": false,
"catalogueLevel": 7,
"parentId": "C326137",
"DescriptionText": "\"Photograph of fallow deer, buck; (A) trotting; (B) galloping, plate 682.\" \nSheet comprises sequence of 16 photographic images, set in 4 rows, showing movement from front of subject. "
},
"C9412223": {
"catalogueId": -4705840,
"citableReference": "COPY 1/389/83",
"coveringFromDate": 18870425,
"coveringToDate": 18870425,
"scopeContent": {
"placeNames": [],
"description": "<scopecontent><p>&#34Photograph of Virginia deer (no antlers) buck, galloping, plate 683.&#34 </p> <p>Sheet comprises sequence of 24 photographic images, set in 4 rows, showing movement from front of subject. </p></scopecontent>",
"ephemera": null,
"schema": null
},
"id": "C9412223",
"isParent": false,
"catalogueLevel": 7,
"parentId": "C326137",
"DescriptionText": "\"Photograph of Virginia deer (no antlers) buck, galloping, plate 683.\" \nSheet comprises sequence of 24 photographic images, set in 4 rows, showing movement from front of subject. "
},
"C9412225": {
"catalogueId": -4705842,
"citableReference": "COPY 1/389/84",
"coveringFromDate": 18870425,
"coveringToDate": 18870425,
"scopeContent": {
"placeNames": [],
"description": "<scopecontent><p>&#34Photograph of fallow deer (A buck and doe) (B two does) trotting, galloping, plate 684.&#34 </p> <p>Sheet comprises sequence of 16 photographic images, set in 4 rows, showing movement from front of subject. </p></scopecontent>",
"ephemera": null,
"schema": null
},
"id": "C9412225",
"isParent": false,
"catalogueLevel": 7,
"parentId": "C326137",
"DescriptionText": "\"Photograph of fallow deer (A buck and doe) (B two does) trotting, galloping, plate 684.\" \nSheet comprises sequence of 16 photographic images, set in 4 rows, showing movement from front of subject. "
},
"C9412226": {
"catalogueId": -4705843,
"citableReference": "COPY 1/389/85",
"coveringFromDate": 18870425,
"coveringToDate": 18870425,
"scopeContent": {
"placeNames": [],
"description": "<scopecontent><p>&#34Photograph of fallow deer, buck and doe, trotting, plate 685.&#34 </p> <p>Sheet comprises sequence of 16 photographic images, set in 4 rows, showing movement from right hand side of subject. </p></scopecontent>",
"ephemera": null,
"schema": null
},
"id": "C9412226",
"isParent": false,
"catalogueLevel": 7,
"parentId": "C326137",
"DescriptionText": "\"Photograph of fallow deer, buck and doe, trotting, plate 685.\" \nSheet comprises sequence of 16 photographic images, set in 4 rows, showing movement from right hand side of subject. "
},
"C9412228": {
"catalogueId": -4705845,
"citableReference": "COPY 1/389/86",
"coveringFromDate": 18870425,
"coveringToDate": 18870425,
"scopeContent": {
"placeNames": [],
"description": "<scopecontent><p>&#34Photograph of fallow deer, buck and doe, galloping, plate 686.&#34 </p> <p>Sheet comprises sequence of 12 photographic images, set in 3 rows, showing movement from front of subject. </p></scopecontent>",
"ephemera": null,
"schema": null
},
"id": "C9412228",
"isParent": false,
"catalogueLevel": 7,
"parentId": "C326137",
"DescriptionText": "\"Photograph of fallow deer, buck and doe, galloping, plate 686.\" \nSheet comprises sequence of 12 photographic images, set in 3 rows, showing movement from front of subject. "
},
"C9412230": {
"catalogueId": -4705847,
"citableReference": "COPY 1/389/87",
"coveringFromDate": 18870425,
"coveringToDate": 18870425,
"scopeContent": {
"placeNames": [],
"description": "<scopecontent><p>&#34Photograph of fallow deer, buck and group of does, galloping, plate 687.&#34 </p> <p>Sheet comprises sequence of 12 photographic images, set in 3 rows, showing movement from front of subject. </p></scopecontent>",
"ephemera": null,
"schema": null
},
"id": "C9412230",
"isParent": false,
"catalogueLevel": 7,
"parentId": "C326137",
"DescriptionText": "\"Photograph of fallow deer, buck and group of does, galloping, plate 687.\" \nSheet comprises sequence of 12 photographic images, set in 3 rows, showing movement from front of subject. "
},
"C9412232": {
"catalogueId": -4705849,
"citableReference": "COPY 1/389/88",
"coveringFromDate": 18870425,
"coveringToDate": 18870425,
"scopeContent": {
"placeNames": [],
"description": "<scopecontent><p>&#34Photograph of fallow deer, buck and group of does, galloping, plate 688.&#34 </p> <p>Sheet comprises sequence of 12 photographic images, set in 2 rows, showing movement from front of subject. </p></scopecontent>",
"ephemera": null,
"schema": null
},
"id": "C9412232",
"isParent": false,
"catalogueLevel": 7,
"parentId": "C326137",
"DescriptionText": "\"Photograph of fallow deer, buck and group of does, galloping, plate 688.\" \nSheet comprises sequence of 12 photographic images, set in 2 rows, showing movement from front of subject. "
},
"C9412234": {
"catalogueId": -4705851,
"citableReference": "COPY 1/389/89",
"coveringFromDate": 18870425,
"coveringToDate": 18870425,
"scopeContent": {
"placeNames": [],
"description": "<scopecontent><p>&#34Photograph of fallow deer (A B) buck and group of does, galloping, plate 689.&#34 </p> <p>Sheet comprises sequence of 16 photographic images, set in 4 rows, showing movement from left hand side of subject. </p></scopecontent>",
"ephemera": null,
"schema": null
},
"id": "C9412234",
"isParent": false,
"catalogueLevel": 7,
"parentId": "C326137",
"DescriptionText": "\"Photograph of fallow deer (A B) buck and group of does, galloping, plate 689.\" \nSheet comprises sequence of 16 photographic images, set in 4 rows, showing movement from left hand side of subject. "
},
"C9412235": {
"catalogueId": -4705852,
"citableReference": "COPY 1/389/90",
"coveringFromDate": 18870425,
"coveringToDate": 18870425,
"scopeContent": {
"placeNames": [],
"description": "<scopecontent><p>&#34Photograph of fallow deer, buck and group of does, various movements, plate 690.&#34 </p> <p>Sheet comprises sequence of 12 photographic images, set in 3 rows, showing movement from front of subject. </p></scopecontent>",
"ephemera": null,
"schema": null
},
"id": "C9412235",
"isParent": false,
"catalogueLevel": 7,
"parentId": "C326137",
"DescriptionText": "\"Photograph of fallow deer, buck and group of does, various movements, plate 690.\" \nSheet comprises sequence of 12 photographic images, set in 3 rows, showing movement from front of subject. "
},
"C9412236": {
"catalogueId": -4705853,
"citableReference": "COPY 1/389/91",
"coveringFromDate": 18870425,
"coveringToDate": 18870425,
"scopeContent": {
"placeNames": [],
"description": "<scopecontent><p>&#34Photograph of fallow deer, doe, galloping and kid jumping, plate 691.&#34 </p> <p>Sheet comprises sequence of 12 photographic images, set in 3 rows, showing movement from front of subject. </p></scopecontent>",
"ephemera": null,
"schema": null
},
"id": "C9412236",
"isParent": false,
"catalogueLevel": 7,
"parentId": "C326137",
"DescriptionText": "\"Photograph of fallow deer, doe, galloping and kid jumping, plate 691.\" \nSheet comprises sequence of 12 photographic images, set in 3 rows, showing movement from front of subject. "
},
"C9412238": {
"catalogueId": -4705855,
"citableReference": "COPY 1/389/92",
"coveringFromDate": 18870425,
"coveringToDate": 18870425,
"scopeContent": {
"placeNames": [],
"description": "<scopecontent><p>&#34Photograph of elk, trotting, plate 692.&#34 </p> <p>Sheet comprises sequence of 20 photographic images, set in 5 rows, showing movement from front of subject. </p></scopecontent>",
"ephemera": null,
"schema": null
},
"id": "C9412238",
"isParent": false,
"catalogueLevel": 7,
"parentId": "C326137",
"DescriptionText": "\"Photograph of elk, trotting, plate 692.\" \nSheet comprises sequence of 20 photographic images, set in 5 rows, showing movement from front of subject. "
},
"C9412240": {
"catalogueId": -4705857,
"citableReference": "COPY 1/389/93",
"coveringFromDate": 18870425,
"coveringToDate": 18870425,
"scopeContent": {
"placeNames": [],
"description": "<scopecontent><p>&#34Photograph of elk, galloping, plate 693.&#34 </p> <p>Sheet comprises sequence of 20 photographic images, set in 5 rows, showing movement from front of subject. </p></scopecontent>",
"ephemera": null,
"schema": null
},
"id": "C9412240",
"isParent": false,
"catalogueLevel": 7,
"parentId": "C326137",
"DescriptionText": "\"Photograph of elk, galloping, plate 693.\" \nSheet comprises sequence of 20 photographic images, set in 5 rows, showing movement from front of subject. "
},
"C9412242": {
"catalogueId": -4705859,
"citableReference": "COPY 1/389/94",
"coveringFromDate": 18870425,
"coveringToDate": 18870425,
"scopeContent": {
"placeNames": [],
"description": "<scopecontent><p>&#34Photograph of elk, galloping irregular, plate 694.&#34 </p> <p>Sheet comprises two sequences. First sequence comprises 8 photographic images, set in 2 rows, showing movement from front of subject. Second sequence comprises 12 photographic images, in 1 row, showing movement from left hand side of the subject. </p></scopecontent>",
"ephemera": null,
"schema": null
},
"id": "C9412242",
"isParent": false,
"catalogueLevel": 7,
"parentId": "C326137",
"DescriptionText": "\"Photograph of elk, galloping irregular, plate 694.\" \nSheet comprises two sequences. First sequence comprises 8 photographic images, set in 2 rows, showing movement from front of subject. Second sequence comprises 12 photographic images, in 1 row, showing movement from left hand side of the subject. "
},
"C9412243": {
"catalogueId": -4705860,
"citableReference": "COPY 1/389/95",
"coveringFromDate": 18870425,
"coveringToDate": 18870425,
"scopeContent": {
"placeNames": [],
"description": "<scopecontent><p>&#34Photograph of elk, galloping, plate 695.&#34 </p> <p>Sheet comprises two sequences. First sequence comprises 8 photographic images, set in 2 rows, showing movement from front of subject. Second sequence comprises 8 photographic images, in 1 row, showing movement from left hand side of the subject. </p></scopecontent>",
"ephemera": null,
"schema": null
},
"id": "C9412243",
"isParent": false,
"catalogueLevel": 7,
"parentId": "C326137",
"DescriptionText": "\"Photograph of elk, galloping, plate 695.\" \nSheet comprises two sequences. First sequence comprises 8 photographic images, set in 2 rows, showing movement from front of subject. Second sequence comprises 8 photographic images, in 1 row, showing movement from left hand side of the subject. "
},
"C9412246": {
"catalogueId": -4705863,
"citableReference": "COPY 1/389/96",
"coveringFromDate": 18870425,
"coveringToDate": 18870425,
"scopeContent": {
"placeNames": [],
"description": "<scopecontent><p>&#34Photograph of eland, trotting, plate 696.&#34 </p> <p>Sheet comprises sequence of 12 photographic images, set in 3 rows, showing movement from front of subject. </p></scopecontent>",
"ephemera": null,
"schema": null
},
"id": "C9412246",
"isParent": false,
"catalogueLevel": 7,
"parentId": "C326137",
"DescriptionText": "\"Photograph of eland, trotting, plate 696.\" \nSheet comprises sequence of 12 photographic images, set in 3 rows, showing movement from front of subject. "
},
"C9412247": {
"catalogueId": -4705864,
"citableReference": "COPY 1/389/97",
"coveringFromDate": 18870425,
"coveringToDate": 18870425,
"scopeContent": {
"placeNames": [],
"description": "<scopecontent><p>&#34Photograph of antelope, trotting, plate 697.&#34 </p> <p>Sheet comprises sequence of 12 photographic images, set in 3 rows, showing movement from front of subject. </p></scopecontent>",
"ephemera": null,
"schema": null
},
"id": "C9412247",
"isParent": false,
"catalogueLevel": 7,
"parentId": "C326137",
"DescriptionText": "\"Photograph of antelope, trotting, plate 697.\" \nSheet comprises sequence of 12 photographic images, set in 3 rows, showing movement from front of subject. "
},
"C9412249": {
"catalogueId": -4705866,
"citableReference": "COPY 1/389/98",
"coveringFromDate": 18870425,
"coveringToDate": 18870425,
"scopeContent": {
"placeNames": [],
"description": "<scopecontent><p>&#34Photograph of antelope, galloping, plate 698.&#34 </p> <p>Sheet comprises sequence of 12 photographic images, set in 3 rows, showing movement from front of subject. </p></scopecontent>",
"ephemera": null,
"schema": null
},
"id": "C9412249",
"isParent": false,
"catalogueLevel": 7,
"parentId": "C326137",
"DescriptionText": "\"Photograph of antelope, galloping, plate 698.\" \nSheet comprises sequence of 12 photographic images, set in 3 rows, showing movement from front of subject. "
},
"C9412250": {
"catalogueId": -4705867,
"citableReference": "COPY 1/389/99",
"coveringFromDate": 18870425,
"coveringToDate": 18870425,
"scopeContent": {
"placeNames": [],
"description": "<scopecontent><p>&#34Photograph of buffalo, walking, plate 699.&#34 </p> <p>Sheet comprises sequence of 24 photographic images, set in 4 rows, showing movement from front of subject. </p></scopecontent>",
"ephemera": null,
"schema": null
},
"id": "C9412250",
"isParent": false,
"catalogueLevel": 7,
"parentId": "C326137",
"DescriptionText": "\"Photograph of buffalo, walking, plate 699.\" \nSheet comprises sequence of 24 photographic images, set in 4 rows, showing movement from front of subject. "
},
"C9412252": {
"catalogueId": -4705869,
"citableReference": "COPY 1/389/100",
"coveringFromDate": 18870425,
"coveringToDate": 18870425,
"scopeContent": {
"placeNames": [],
"description": "<scopecontent><p>&#34Photograph of buffalo, galloping, plate 700.&#34 </p> <p>Sheet comprises sequence of 16 photographic images, set in 4 rows, showing movement from front of subject. </p></scopecontent>",
"ephemera": null,
"schema": null
},
"id": "C9412252",
"isParent": false,
"catalogueLevel": 7,
"parentId": "C326137",
"DescriptionText": "\"Photograph of buffalo, galloping, plate 700.\" \nSheet comprises sequence of 16 photographic images, set in 4 rows, showing movement from front of subject. "
}
}